Canonical_SMILES	Source
O1[C]2O[C]=[C][C]2C2=c3oc4=[C][C]=[C]C(=c4c(=O)c3=C([C]=C12)O[C])O	PDBQT/dock_0001.pdbqt
O1[C]2O[C]=[C][C]2C2=c3oc4=[C][C]=[C]C(=c4c(=O)c3=C([C]=C12)O[C])O	PDBQT/dock_0002.pdbqt
O1[C]2O[C][C][C]2C2=c3oc4=[C][C]=[C]C(=c4c(=O)c3=C([C]=C12)O[C])O	PDBQT/dock_0003.pdbqt
o1c2=[C]C(=C(C(=c2c(=O)c2=C(C(=C([C]=c12)O)[C][C]=C([C])[C])O)[C][C]=C([C])[C])O[C])O	PDBQT/dock_0004.pdbqt
o1c2=[C]C(=C(C(=c2c(=O)c2c1[C]=C(C(=[C]2)O)O)O)[C]1O[C]([C]([C]([C]1O)O)O)[C]O)O	PDBQT/dock_0005.pdbqt
o1c2c(c(=O)c3c1[C]=[C][C]=[C]3)[C]=[C][C]=[C]2	PDBQT/dock_0006.pdbqt
O1C([C][C]C2=C(c3c(oc4=[C]C(=C(C(=c4c3=O)[C][C]=C([C])[C])O[C])O)[C]=C12)O)([C])[C]	PDBQT/dock_0007.pdbqt
o1c2=[C]C(=C(C(=c2c(=O)c2c1[C]=C(C(=C2O)[C][C]=C([C])[C])O)[C][C]=C([C])[C])O)O	PDBQT/dock_0008.pdbqt
o1c2c(c(=O)c3c1C(=[C][C]=[C]3)[C]C(=O)O)[C]=[C]C(=C2[C])[C]	PDBQT/dock_0009.pdbqt
o1c2c(c(c(c(c2c(=O)c2=[C][C]=C([C]=c12)O)O)[C][C]=C([C])[C])O)[C][C]=C([C])[C]	PDBQT/dock_0010.pdbqt
O1C([C]=[C]C2=C1C(=c1oc3=[C]C(=[C]C(=c3c(=O)c1=[C]2)O)O)O)([C])[C]	PDBQT/dock_0011.pdbqt
o1c2=[C]C(=C([C]=c2c(=O)c2=C([C]=C([C]=c12)O)O)O[C])O	PDBQT/dock_0012.pdbqt
o1c2=[C]C(=C(C(=c2c(=O)c2=C(C(=C([C]=c12)O)[C][C]=C([C])[C])O)[C][C]C([C])([C])O)O)O	PDBQT/dock_0013.pdbqt
O1C([C][C]C2=C1C(=[C]c1oc3c(C(=C4[C][C]C(OC4=[C]3)([C])[C])O)c(=O)c21)O)([C])[C]	PDBQT/dock_0014.pdbqt
O1C([C][C]C2=C1c1c(oc3=[C]C(=C(C(=c3c1=O)[C][C]C([C])([C])O)O[C])O)[C]=C2O)([C])[C]	PDBQT/dock_0015.pdbqt
O1C([C][C]C2=C1[C]=c1oc3c(C(=C(C(=[C]3)O)O[C])[C][C]C([C])([C])O)c(=O)c1=C2O)([C])[C]	PDBQT/dock_0016.pdbqt
O1C([C]=[C]c2c1c(c1oc3=C(C(=[C]C(=c3c(=O)c1c2O)O[C])O[C])O[C])O[C])([C])[C]	PDBQT/dock_0017.pdbqt
O1C([C]=[C]c2c1c(c1oc3=C(C(=[C][C]=c3c(=O)c1c2O[C])O[C])O[C])O[C])([C])[C]	PDBQT/dock_0018.pdbqt
O1C([C]=[C]c2c1c(c1oc3c(c(=O)c1c2O)[C]=C([C]=[C]3)O)O)([C])[C]	PDBQT/dock_0019.pdbqt
o1c2c(C(=C(C(=[C]2)O[C])[C][C]=C([C])[C])O)c(=O)c2c1C(=[C][C]=[C]2)O	PDBQT/dock_0020.pdbqt
o1c2c(c(c(c(c2[C][C]=C([C])[C])O)O)[C][C]=C([C])[C])c(=O)c2=C(C(=C([C]=c12)O)[C][C]=C([C])[C])O	PDBQT/dock_0021.pdbqt
o1c2c(C(=C(C(=[C]2)O)[C]/[C]=C(\[C])/[C][C][C]=C([C])[C])O)c(=O)c2=[C][C]=[C]C(=c12)O	PDBQT/dock_0022.pdbqt
O1C([C]=[C]C2=C(c3c(oc4=[C]C(=C(C(=c4c3=O)[C][C]=C([C])[C])O[C])O)[C]=C12)O)([C])[C]	PDBQT/dock_0023.pdbqt
O1C([C]=[C]C2=C1C(=[C]c1oc3c(c(=O)c21)C(=C(C(=[C]3)O)[C][C]=C([C])[C])O)O)([C])[C]	PDBQT/dock_0024.pdbqt
o1c2c(C(=C(C(=[C]2)O)O[C])[C][C]C([C])([C])O)c(=O)c2c1[C]=C(C(=C2O)[C][C]=C([C])[C])O	PDBQT/dock_0025.pdbqt
o1c2=[C]C(=C(C(=c2c(=O)c2=C(C(=C([C]=c12)O[C])[C][C]=C([C])[C])O)[C][C]=C([C])[C])O[C])O	PDBQT/dock_0026.pdbqt
o1c2=[C]C(=[C]C(=c2c(=O)c2=[C]C(=[C][C]=c12)O[C])O)O[C]	PDBQT/dock_0027.pdbqt
o1c2c(c(=O)c3c1[C]=[C][C]=C3O)[C]=[C][C]=C2O	PDBQT/dock_0028.pdbqt
O1[C@]([C]=[C]C2=c3oc4=C([C]=[C][C]=c4c(=O)c3=C([C]=C12)O)O)([C])[C][C][C]=C([C])[C]	PDBQT/dock_0029.pdbqt
o1c2=[C]C(=C(C(=c2c(=O)c2c1[C]=C(C(=[C]2)O)O)O)[C]1O[C]([C]([C]([C]1O)O)O)[C]O)O	PDBQT/dock_0030.pdbqt
O1[C]2O[C]=[C][C]2C2=c3oc4=C(C(=[C]C(=c4c(=O)c3=C([C]=C12)O[C])O)O[C])O[C]	PDBQT/dock_0031.pdbqt
O1C([C][C]C2=C1c1c(oc3=[C]C(=C(C(=c3c1=O)[C][C]=C([C])[C])O[C])O)[C]=C2O)([C])[C]	PDBQT/dock_0032.pdbqt
o1c2c(c(=O)c3c1[C]=[C]C(=[C]3)O[C])C(=[C]C(=[C]2)O)O	PDBQT/dock_0033.pdbqt
o1c2c(c(=O)c3c1[C]=[C]C(=[C]3)O)C(=[C]C(=[C]2)O[C])O	PDBQT/dock_0034.pdbqt
o1c2c(c(=O)c3c1[C]=[C]C(=[C]3)O)C(=[C]C(=[C]2)O)O	PDBQT/dock_0035.pdbqt
o1c2c(c(c(c(c2c(=O)c2=C([C]=[C]C(=c12)O)O)O)[C][C]=C([C])[C])O)[C][C]=C([C])[C]	PDBQT/dock_0036.pdbqt
o1c2=[C][C]=[C]C(=c2c(=O)c2=[C]C(=[C][C]=c12)O)O	PDBQT/dock_0037.pdbqt
O1[C]2O[C]=[C][C]2C2=c3oc4=[C][C]=[C]C(=c4c(=O)c3=C([C]=C12)O)O	PDBQT/dock_0038.pdbqt
o1c2c(c(=O)c3c1[C]=[C][C]=[C]3)[C]=[C][C]=C2O	PDBQT/dock_0039.pdbqt
O1C([C]=[C]C2=C(c3c(oc4=[C][C]=C(C(=c4c3=O)[C][C]=C([C])[C])O)[C]=C12)O)([C])[C]	PDBQT/dock_0040.pdbqt
o1c2c(C(=C(C(=[C]2)O[C])[C][C]=C([C])[C])O)c(=O)c2c1[C]=[C]C(=[C]2)O	PDBQT/dock_0041.pdbqt
o1c2c(c(c(c(c2c(=O)c2=[C][C]=[C]C(=c12)O)O)[C][C]=C([C])[C])O)[C][C]=C([C])[C]	PDBQT/dock_0042.pdbqt
O1C([C]=[C]C2=C(c3c(oc4=[C][C]=C(C(=c4c3=O)[C][C]=C([C])[C])O[C])[C]=C12)O)([C])[C]	PDBQT/dock_0043.pdbqt
o1c2=[C]C(=C(C(=c2c(=O)c2=C(C(=C([C]=c12)O[C])[C][C]=C([C])[C])O)[C][C]=C([C])[C])O[C])O[C]	PDBQT/dock_0044.pdbqt
O1[C]2O[C]=[C][C]2C2=c3oc4=[C][C]=[C]C(=c4c(=O)c3=C([C]=C12)O[C])O[C]	PDBQT/dock_0045.pdbqt
o1c2=[C][C]=C([C]=c2c(=O)c2=[C][C]=[C][C]=c12)O	PDBQT/dock_0046.pdbqt
o1c2=[C][C]=C([C]=c2c(=O)c2=[C][C]=[C][C]=c12)O[C]	PDBQT/dock_0047.pdbqt
o1c2C(=C([C]=[C]c2c(=O)c2=[C][C]=[C][C]=c12)O[C])[C]N1[C][C][C][C][C]1	PDBQT/dock_0048.pdbqt
O1[C@]([C][C](C2=[C][C]=c3c(=C12)oc1=C([C]=[C]C(=c1c3=O)O)O)[C]=C([C])[C])([C])/[C]=[C]/C1=C(c2oc3=C([C]=[C][C]=c3c(=O)c2C(=[C]1)O)O)O	PDBQT/dock_0049.pdbqt
O=C(O[C]([C])/[C]=[C]/[C]/C(=[C]/[C]=[C]/[C]=C(\[C])/[C]/[C]=[C]/[C]([C])C(=O)O[C]1O[C]([C]([C]([C]1O)O)O)[C]O)/[C])[C][C]1O[C]([C]([C]([C]1O)O)O)C1=C(c2c(oc3c(c2=O)[C]=C(C(=[C]3)O)O)[C]=C1O)O	PDBQT/dock_0050.pdbqt
o1c2c(C(=C(C3=C([C]=C(C(=C3O)C(=O)C3=[C][C]=[C][C]=[C]3)O)O[C])[C]=C2O)O)c(=O)c2=[C][C]=[C]C(=c12)O	PDBQT/dock_0051.pdbqt
O1[C]([C]([C]([C]([C]1OC1=[C]c2oc3=[C][C]=C([C]=c3c(=O)c2C(=[C]1)O)O[C])O)O)O)[C]O[C]1O[C][C]([C]([C]1O)O)O	PDBQT/dock_0052.pdbqt
o1c2c([C]=C(C(=C2O[C])O)[C][C]=C([C])[C])c(=O)c2=C([C]=[C]C(=c12)O)O	PDBQT/dock_0053.pdbqt
o1c2c(c(c(c(c2[C])O)[C][C]=C([C])[C])O)c(=O)c2=C(C(=[C][C]=c12)[C][C]=C([C])[C])O	PDBQT/dock_0054.pdbqt
o1c2=[C]C(=[C]C(=c2c(=O)c2c1[C]=[C]C(=C2C(=O)O[C])O)O)[C]O	PDBQT/dock_0055.pdbqt
o1c2C(=C([C]=C(c2c(=O)c2c1C(=[C][C]=[C]2)O)O)O)[C]/[C]=C(/[C])\[C][C][C]=C([C])[C]	PDBQT/dock_0056.pdbqt
BrC1=[C][C]=c2oc3=[C]C(=[C]C(=c3c(=O)c2=[C]1)O)O	PDBQT/dock_0057.pdbqt
o1c2c(c(=O)c3=C([C]=[C][C]=c13)C(=O)O[C])C(=[C]C(=[C]2)[C]O)O	PDBQT/dock_0058.pdbqt
O1[C]2OC3=C([C]2[C][C]1)c1oc2=[C][C]=[C]C(=c2c(=O)c1C(=[C]3)O[C])O	PDBQT/dock_0059.pdbqt
O1C([C]=[C]C2=c3oc4=C5C(=C([C]=c4c(=O)c3=C([C]=C12)O)C(=[C])[C])C(=O)C(=[C]C5=O)O[C])([C])[C]	PDBQT/dock_0060.pdbqt
o1c2=C(C(=[C]C(=c2c(=O)c2=[C][C]=[C]C(=c12)O)O)[C][C]=C([C])[C])O	PDBQT/dock_0061.pdbqt
O1C([C]=[C]C2=C1C(=[C]c1oc3=[C]C(=[C]C(=c3c(=O)c21)O)O)O)([C])[C]	PDBQT/dock_0062.pdbqt
o1c2=[C]C(=C(C(=c2c(=O)c2=C(C(=C([C]=c12)O[C])[C][C]=C([C])[C])O)[C][C]=C([C])[C])O)O[C]	PDBQT/dock_0063.pdbqt
o1c2c(C(=C(C(=[C]2)O)[C][C]=C([C])[C])O)c(=O)c2=C([C]=[C]C(=c12)O)O	PDBQT/dock_0064.pdbqt
o1c2=[C]C(=C(C(=c2c(=O)c2=[C][C]=C([C]=c12)O)O)[C][C]=C([C])[C])O[C]	PDBQT/dock_0065.pdbqt
o1c2=[C]C(=C(C(=c2c(=O)c2=C([C]=[C]C(=c12)O)O)O)[C][C]=C([C])[C])O[C]	PDBQT/dock_0066.pdbqt
o1c2c(c(=O)c3c1C(=[C][C]=[C]3)O)C(=C([C]=C2O)O)O[C]	PDBQT/dock_0067.pdbqt
o1c2c(c(=O)c3=C(C(=[C][C]=c13)O)[C][C]=C([C])[C])C(=C(C(=[C]2)O)[C][C]=C([C])[C])O	PDBQT/dock_0068.pdbqt
O1C([C][C]C2=c3c(=[C]C(=C12)O[C])oc1=[C]C2=C(C(=c1c3=O)O)[C]=[C]C(O2)([C])[C])([C])[C]	PDBQT/dock_0069.pdbqt
O1C([C]=[C]c2c1c(c1c(oc3c(c1=O)C(=C1C(=[C]3)OC([C]=[C]1)([C])[C])O)c2O)[C][C]=C([C])[C])([C])[C]	PDBQT/dock_0070.pdbqt
O1[C]2O[C]=[C][C]2C2=c3oc4=[C][C]=[C]C(=c4c(=O)c3=C([C]=C12)O[C])O[C]	PDBQT/dock_0071.pdbqt
o1c2c(c(c(c(c2c(=O)c2c1C(=C([C]=[C]2)O)O)O)[C][C]=C([C])[C])O[C])[C][C]=C([C])[C]	PDBQT/dock_0072.pdbqt
O1C(C2=[C]c3c(oc4c(c3=O)C(=[C]C3=C4[C]=[C]C(O3)([C])[C])O)C(=C2C1=O)C(=O)[C])([C])[C]	PDBQT/dock_0073.pdbqt
o1c2=C(C(=[C]C(=c2c(=O)c2C(=[C]C(=C(c12)O)O[C])[C][C]=C([C])[C])O)O[C])[C][C]=C([C])[C]	PDBQT/dock_0074.pdbqt
O1C([C]=[C]c2c1c(c1oc3=C(C(=[C]C(=c3c(=O)c1c2O[C])O)O[C])O[C])O[C])([C])[C]	PDBQT/dock_0075.pdbqt
O1C([C]=[C]C2=C1[C]=c1oc3=C(C(=[C]C(=c3c(=O)c1=C2O)O[C])O[C])O[C])([C])[C]	PDBQT/dock_0076.pdbqt
o1c2=[C][C]=[C]C(=c2c(=O)c2=[C]C(=[C][C]=c12)O)O[C]	PDBQT/dock_0077.pdbqt
o1c2=C([C]=C(C(=c2c(=O)c2c1C(=C([C]=[C]2)O)O)O)C([C])([C])[C]=[C])O	PDBQT/dock_0078.pdbqt
o1c2c(C(=C(C(=[C]2)O)O[C])[C][C]=C([C])[C])c(=O)c2c1[C]=C([C]=C2O)O	PDBQT/dock_0079.pdbqt
o1c2c(C(=C([C]=C2O)C([C])([C])[C]=[C])O)c(=O)c2=[C][C]=C3C(=c12)O[C]=[C]3	PDBQT/dock_0080.pdbqt
O1C([C]([C]C2=C(c3c(oc4=[C]C(=C(C(=c4c3=O)[C][C]=C([C])[C])O[C])O)[C]=C12)O)O)([C])[C]	PDBQT/dock_0081.pdbqt
o1c2c(c(=O)c3=[C][C]=C(C(=c13)O)O)[C]=[C]C(=C2O)O	PDBQT/dock_0082.pdbqt
o1c2=C([C]=[C]C(=c2c(=O)c2=[C][C]=[C]C(=c12)O)O)O	PDBQT/dock_0083.pdbqt
o1c2=C(C(=[C][C]=c2c(=O)c2=C([C]=C([C]=c12)O)O)O)O[C]	PDBQT/dock_0084.pdbqt
o1c2c(c(=O)c3c1[C]=[C]C(=[C]3)O)C(=[C]C(=C2O[C])O[C])O	PDBQT/dock_0085.pdbqt
O1[C]2OC3=[C]C(=c4c(=C3[C]2[C][C]1)oc1=[C][C]=[C]C(=c1c4=O)O)O[C]	PDBQT/dock_0086.pdbqt
o1c2=[C]C(=[C]C(=c2c(=O)c2=[C][C]=[C]C(=c12)O[C])O)O[C]	PDBQT/dock_0087.pdbqt
O1[C]2O[C]=[C][C@]2(C2=C(c3c(oc4C(=[C][C]=C(c4c3=O)O)[C][C]C([C])([C])O)[C]=C12)O)O	PDBQT/dock_0088.pdbqt
o1c2=C([C]=[C]C(=c2c(=O)c2=[C]C(=[C][C]=c12)O)O)O[C]	PDBQT/dock_0089.pdbqt
o1c2c(c(=O)c3c1[C]=C([C]=C3O)O[C])C(=C([C]=[C]2)O[C])O[C]	PDBQT/dock_0090.pdbqt
o1c2=[C][C]=[C]C(=c2c(=O)c2=[C][C]=[C][C]=c12)O	PDBQT/dock_0091.pdbqt
o1c2=[C]C(=[C]C(=c2c(=O)c2c1[C]=[C]C(=C2O)O)O)O[C]	PDBQT/dock_0092.pdbqt
o1c2=C([C]=[C]C(=c2c(=O)c2c1[C]=C([C]=C2O)O)O[C]1O[C]([C]([C]([C]1O)O)O)[C]O)O	PDBQT/dock_0093.pdbqt
o1c2=[C]C(=[C]C(=c2c(=O)c2=C(C(=[C][C]=c12)O)O)O)O	PDBQT/dock_0094.pdbqt
o1c2c(c(=O)c3c1[C]=C(C(=[C]3)O)O)C(=[C]C(=[C]2)O)O	PDBQT/dock_0095.pdbqt
o1c2=[C]C(=[C]C(=c2c(=O)c2c1[C]=[C]C(=C2O)O[C])O)O[C]	PDBQT/dock_0096.pdbqt
o1c2c(c(=O)c3c1C(=[C][C]=[C]3)O)C(=[C]C(=[C]2)O[C])O	PDBQT/dock_0097.pdbqt
O1C([C]=[C]C2=C(c3c(oc4=C([C]=[C][C]=c4c3=O)O)[C]=C12)O)([C])[C]	PDBQT/dock_0098.pdbqt
o1c2c(c(=O)c3c1[C]=[C][C]=[C]3)[C]=C(C(=[C]2)O[C])O[C]	PDBQT/dock_0099.pdbqt
o1c2=[C][C]=C([C]=c2c(=O)c2=[C]C(=[C][C]=c12)N(=O)=O)N(=O)=O	PDBQT/dock_0100.pdbqt
o1c2c(c(=O)c3=[C][C]=C([C]=c13)O[C][C]N([C])[C])[C]=[C]C(=[C]2)O[C][C]N([C])[C]	PDBQT/dock_0101.pdbqt
o1c2c(c(=O)c3c1[C]=[C]C(=[C]3)C(=O)O)[C]=[C]C(=[C]2)O[C]([C])[C]	PDBQT/dock_0102.pdbqt
o1c2=[C]C(=C(C(=c2c(=O)c2=C(C(=C([C]=c12)O)O[C])[C][C]=C([C])[C])O)[C][C](O)C(=[C])[C])O	PDBQT/dock_0103.pdbqt
O1[C]([C]([C]([C]([C]1OC1=[C]c2c(oc3c(c2=O)C(=[C]C(=[C]3)O[C])O)[C]=[C]1)O)O)O)[C]O[C]1O[C][C]([C]([C]1O)O)O	PDBQT/dock_0104.pdbqt
o1c2C3=C([C@]([C]C3=O)(O)C(=O)O[C])C(=[C]c2c(=O)c2c1c(c1OC([C]=[C]c1c2O)([C])[C])/[C]=[C]/C([C])([C])OO)C(=[C])[C]	PDBQT/dock_0105.pdbqt
o1c2=C3C(=C([C]=c2c(=O)c2c1c(c1OC([C]=[C]c1c2O)([C])[C])[C][C]=C([C])[C])C(=[C])[C])[C@]([C]C3=O)(O)C(=O)O[C]	PDBQT/dock_0106.pdbqt
o1c2=C([C]=C(C3=C(C(=C([C]=C3O[C])O)C(=O)C3=[C][C]=[C]C(=[C]3)O)O)C(=c2c(=O)c2c1C(=[C][C]=[C]2)O)O)O	PDBQT/dock_0107.pdbqt
o1c2C(=[C]C(=C(c2c(=O)c2c1C(=C(C(=[C]2)[C][C]=C([C])[C])O)O)O)O)C([C])([C])[C]=[C]	PDBQT/dock_0108.pdbqt
o1c2=C(C(=[C]C(=c2c(=O)c2C3=C(OC([C]=[C]3)([C])[C])C(=[C]c12)O)O)O)C([C])([C])[C]=[C]	PDBQT/dock_0109.pdbqt
o1c2=C(C(=[C]C(=c2c(=O)c2=C(C(=[C][C]=c12)O)O[C])O)O[C])O[C]	PDBQT/dock_0110.pdbqt
o1c2c(c(=O)c3c1[C]=[C][C]=C3O)[C]=C(C(=[C]2)O)O	PDBQT/dock_0111.pdbqt
o1c2=[C]C(=C([C]=c2c(=O)c2=C([C]=C([C]=c12)O)O)O[C])O[C]	PDBQT/dock_0112.pdbqt
o1c2c(c3[C]4[C](C([C]C(=[C]4)[C])([C])[C])[C](c3c(c2O)O)C2=[C]C(=C(c3c2c(=O)c2=C([C]=C([C]=c2o3)O)O)O)O)c(=O)c2=C([C]=C([C]=c12)O)O	PDBQT/dock_0113.pdbqt
o1c2C(=[C]C(=C(c2c(=O)c2c1C(=[C][C]=[C]2)O)O)O)C([C])([C])[C]=[C]	PDBQT/dock_0114.pdbqt
o1c2=[C][C]=C(C(=c2c(=O)c2c1[C]=[C][C]=[C]2)[C][C]=[C])O[C][C][C]N[C]([C])[C]	PDBQT/dock_0115.pdbqt
o1c2=C(C(=[C][C]=c2c(=O)c2=[C][C]=[C]C(=c12)[C]C(=O)O)[C]O)[C]	PDBQT/dock_0116.pdbqt
o1c2c(c(c(c(c2c(=O)c2=[C]C(=C([C]=c12)O)O)O)[C][C]=C([C])[C])O)[C][C]=C([C])[C]	PDBQT/dock_0117.pdbqt
O1[C]([C]C2=C1[C]=c1oc3c(c(=O)c1=C2O)C(=C(C(=[C]3)O)O[C])[C][C]=C([C])[C])C([C])([C])O	PDBQT/dock_0118.pdbqt
o1c2=[C]C(=[C][C]=c2c(=O)c2=C([C]=C([C]=c12)O)O)O[C]	PDBQT/dock_0119.pdbqt
O1C([C][C]C2=C1C(=c1oc3c(c(=O)c1=[C]2)[C]=[C][C]=[C]3)O)([C])[C]	PDBQT/dock_0120.pdbqt
O1[C]([C]([C]([C]([C]1OC1=[C]C(=[C]c2c1c(=O)c1=C(C(=[C][C]=c1o2)O)O[C])O[C])O)O)O)[C]O[C]1O[C][C]([C]([C]1O)O)O	PDBQT/dock_0121.pdbqt
O1[C]([C]([C]([C]([C]1[C]O)O)O)OC(=O)C1=[C][C]=C([C]=[C]1)O)C1=C([C]=c2c(=C1O)c(=O)c1=[C]C(=C([C]=c1o2)O)O)O	PDBQT/dock_0122.pdbqt
O1C([C]=[C]C2=C1C(=[C]c1c2oc2=[C]C(=C(C(=c2c1=O)O)C([C])([C])[C]=[C])O)O)([C])[C]	PDBQT/dock_0123.pdbqt
o1c2=C(C(=[C]C(=c2c(=O)c2=C(C(=C([C]=c12)O)O[C])[C][C]=C([C])[C])O)O)C([C])([C])[C]=[C]	PDBQT/dock_0124.pdbqt
O1C([C]=[C]c2c3c(oc4c(c3=O)C(=C(C(=[C]4)O)[C][C]=C([C])[C])O)c(c(c12)O)[C][C]=C([C])[C])([C])[C]	PDBQT/dock_0125.pdbqt
o1c2c(c(c(c(c2c(=O)c2=[C][C]=[C]C(=c12)O)O)[C][C]=C([C])[C])O[C])[C][C]=C([C])[C]	PDBQT/dock_0126.pdbqt
o1c2c(c(c(c(c2c(=O)c2c1[C]=C([C]=C2C(=O)O[C])O[C])O)[C]C(=O)[C])[C])[C]C(=O)[C@@]1([C]([C@]2(O[C]2[C]([C]1)O)[C][C]=C([C])[C])O)O	PDBQT/dock_0127.pdbqt
O1[C@]2(N([C@](C1=O)([C])[C]O)C(=O)C1=C(C3=C([C]=C1[C]2)[C][C]c1c3c(c2c(oc3=[C][C]=C(C(=c3c2=O)O)O[C])c1O)O)O)[C]	PDBQT/dock_0128.pdbqt
O1[C]([C]C2=c3c(=[C][C]=C12)oc1c(c3=O)C(=[C][C]=[C]1)O)[C@@]1(O[C]1)[C]O	PDBQT/dock_0129.pdbqt
o1c2=C(C(=[C]C(=c2c(=O)c2c1[C]=[C][C]=C2O)O[C])O)[C]([C](O)[C]O)[C]O	PDBQT/dock_0130.pdbqt
o1c2c(C(=[C]C(=[C]2)[C])[C]O)c(=O)c2c1[C]=[C][C]=C2O	PDBQT/dock_0131.pdbqt
O1C([C][C]c2c1c(c(c1oc3c(c(=O)c21)C(=C1C(=[C]3)OC([C]=[C]1)([C])[C])O)[C][C]=C([C])[C])O)([C])[C]	PDBQT/dock_0132.pdbqt
O1[C]2OC3=[C]C(=c4c(=C3[C]2[C][C]1)oc1=[C][C]=[C]C(=c1c4=O)O)O	PDBQT/dock_0133.pdbqt
o1c2=[C][C]=C([C]=c2c(=O)c2=[C]C(=[C][C]=c12)C(=O)O)S(=O)(=O)N([C])[C]	PDBQT/dock_0134.pdbqt
o1c2=[C]C(=[C]C(=c2c(=O)c2=C([C]=[C][C]=c12)O)C(=O)O)[C]	PDBQT/dock_0135.pdbqt
o1c2c(C3=[C][C]=[C][C]=C3[C]=[C]2)c(=O)c2c1[C]=C([C]=C2O)O	PDBQT/dock_0136.pdbqt
O1[C][C]([C](C2=C1C(=[C]c1oc3c(c(=O)c21)C(=[C][C]=C3[C][C]=C([C])[C])O)[C])O)C(=[C])[C]	PDBQT/dock_0137.pdbqt
o1c2=C(C(=[C]C(=c2c(=O)c2=[C]C(=C([C]=c12)O)O)O)O)[C]1O[C]([C]([C]([C]1O)O)O)[C]O	PDBQT/dock_0138.pdbqt
o1c2=[C]C(=C(C(=c2c(=O)c2=C([C]=C([C]=c12)O)O)[C][C]=C([C])[C])O)O	PDBQT/dock_0139.pdbqt
o1c2=C([C]=C(C(=c2c(=O)c2=[C][C]=C(C(=c12)O)O)O)O)C([C])([C])[C]=[C]	PDBQT/dock_0140.pdbqt
O1C([C]=[C]C2=C1c1oc3c(c(=O)c1C(=[C]2)O)[C]=[C][C]=C3O)([C])[C]	PDBQT/dock_0141.pdbqt
o1c2=[C]C(=C(C(=c2c(=O)c2=[C][C]=[C]C(=c12)O[C])O)[C][C]=C([C])[C])O[C]	PDBQT/dock_0142.pdbqt
o1c2=[C]C(=C(C(=c2c(=O)c2=C([C]=[C]C(=c12)O[C])O)O)[C][C]=C([C])[C])O[C]	PDBQT/dock_0143.pdbqt
o1c2c(c(c(c(c2c(=O)c2=[C][C]=[C]C(=c12)O[C])O)[C][C]=C([C])[C])O[C])[C][C]=C([C])[C]	PDBQT/dock_0144.pdbqt
O1[C]2OC3=[C]C(=c4c(=C3[C]2[C][C]1)oc1=[C][C]=[C]C(=c1c4=O)O[C])O[C]	PDBQT/dock_0145.pdbqt
o1c2c(c(=O)c3c1[C]=[C]C(=[C]3)O[C])C(=C(C(=[C]2)O[C])O[C])O[C]	PDBQT/dock_0146.pdbqt
o1c2c(c(c(c(c2c(=O)c2=[C][C]=C(C(=c12)O)O)O)[C][C]=C([C])[C])O)C([C])([C])[C]=[C]	PDBQT/dock_0147.pdbqt
o1c2=[C]C(=[C][C]=c2c(=O)c2=[C]C(=[C][C]=c12)O)O	PDBQT/dock_0148.pdbqt
O1[C]2[C](OC3=[C]C(=c4c(=C23)oc2c(c4=O)[C]=[C][C]=C2O)O[C])[C@]([C]1)([C])O	PDBQT/dock_0149.pdbqt
o1c2=[C][C]=C(C(=c2c(=O)c2=[C][C]=[C][C]=c12)O[C])O[C]	PDBQT/dock_0150.pdbqt
O1[C]([C]([C]([C]([C]1OC1=c2c(=[C]C(=[C]1)O[C])oc1c(c2=O)[C]=C([C]=[C]1)O)O)O)O)[C]O[C]1O[C][C]([C]([C]1O)O)O	PDBQT/dock_0151.pdbqt
ClC1=[C]c2c(oc3c(c2=O)[C]=C([C]=[C]3)C(=O)O)[C]=[C]1	PDBQT/dock_0152.pdbqt
o1c2c(c(=O)c3=[C][C]=[C][C]=c13)[C]=[C]C1=C2[C]=[C][C]=[C]1	PDBQT/dock_0153.pdbqt
o1c2=[C]C(=C(C(=c2c(=O)c2c1[C]=C(C(=[C]2)O)O)O)[C]1O[C]([C]([C]([C]1O)O)O)[C]O)O[C]	PDBQT/dock_0154.pdbqt
o1c2=[C]C(=C(C(=c2c(=O)c2c1C(=C([C]=C2[C][C]=C([C])[C])O)O)O)C([C])([C])[C]=[C])O	PDBQT/dock_0155.pdbqt
o1c2=[C][C]=C([C]=c2c(=O)c2=C([C]=[C][C]=c12)O)O[C]	PDBQT/dock_0156.pdbqt
o1c2=[C]C(=[C]C(=c2c(=O)c2=[C][C]=[C]C(=c12)O[C])O[C])O[C]	PDBQT/dock_0157.pdbqt
o1c2c(C(=C(C(=[C]2)O)O[C])[C]/[C]=C(\[C])/[C][C][C]=C([C])[C])c(=O)c2c1[C]=C(C(=C2O)[C][C]=C([C])[C])O	PDBQT/dock_0158.pdbqt
o1c2c(c(c(c(c2c(=O)c2c1C(=[C][C]=C2O)O)O)[C][C]=C([C])[C])O[C])[C][C]=C([C])[C]	PDBQT/dock_0159.pdbqt
O1C([C]=[C]C2=C1[C]=C(c1c2oc2c(c1=O)[C]=C([C]=[C]2)O)O)([C])[C]	PDBQT/dock_0160.pdbqt
O1[C](C(C2=C(c3c(oc4=C(C(=C([C]=c4c3=O)O)O)[C][C]=C([C])[C])[C]=C12)O)([C])[C])[C]	PDBQT/dock_0161.pdbqt
O1C([C]=[C]C2=[C]c3c(oc4=C(C(=[C]C(=c4c3=O)O)O)[C][C]=C([C])[C])C(=C12)O)([C])[C]	PDBQT/dock_0162.pdbqt
o1c2c(c(c(c(c2c(=O)c2=[C]C(=[C][C]=c12)O)O)[C][C]=C([C])[C])O)[C]/[C]=C(\[C])/[C][C][C]=C([C])[C]	PDBQT/dock_0163.pdbqt
o1c2=C(C(=[C]C(=c2c(=O)c2c1[C]=C(C(=C2[C][C]=C([C])[C])O)O)O)O[C])C([C])([C])[C]=[C]	PDBQT/dock_0164.pdbqt
o1c2=[C]C(=C(C(=c2c(=O)c2=C(C(=C([C]=c12)O)O)[C][C]=C([C])[C])O)[C][C]=C([C])[C])O[C]	PDBQT/dock_0165.pdbqt
o1c2=[C]C(=C(C(=c2c(=O)c2=[C][C]=[C]C(=c12)O)O)O[C])O[C]	PDBQT/dock_0166.pdbqt
o1c2c(C(=C(C(=[C]2)O)O)[C]/[C]=C(\[C])/[C][C][C]=C([C])[C])c(=O)c2c1[C]=C(C(=C2O)[C][C]=C([C])[C])O	PDBQT/dock_0167.pdbqt
o1c2c(C(=C(C(=[C]2)O)[C]/[C]=C(\[C])/[C][C][C]=C([C])[C])O)c(=O)c2=C([C]=[C]C(=c12)O)O	PDBQT/dock_0168.pdbqt
o1c2c(c(=O)c3c1[C]=[C][C]=[C]3)[C]=C([C]=[C]2)C(=O)[C]	PDBQT/dock_0169.pdbqt
o1c2=[C]C(=C(C(=c2c(=O)c2=[C]C(=C(C(=c12)[C][C]=C([C])[C])O)O)O)C([C])([C])[C]=[C])O	PDBQT/dock_0170.pdbqt
o1c2=[C][C]=C([C]=c2c(=O)c2c1[C]=[C][C]=[C]2)N1[C][C]2[C]([C]1)[C]N([C]2)[C]	PDBQT/dock_0171.pdbqt
o1c2=[C]C(=C(C(=c2c(=O)c2=C(C(=C([C]=c12)O)[C][C]=C([C])[C])O)[C][C]=C([C])[C])O[C])O[C]	PDBQT/dock_0172.pdbqt
o1c2=C(C(=[C]C(=c2c(=O)c2c1[C]=C(C(=C2[C][C]=C([C])[C])O)O)O)O)C([C])([C])[C]=[C]	PDBQT/dock_0173.pdbqt
O1C([C][C]C2=c3c(=[C]C(=C12)O)oc1c(c3=O)C(=[C]C(=[C]1)O)O)([C])[C]	PDBQT/dock_0174.pdbqt
O1C([C]([C]C2=c3c(=C([C]=C12)O)oc1=[C]C(=C(C(=c1c3=O)O)[C][C]=C([C])[C])O)O)([C])[C]	PDBQT/dock_0175.pdbqt
o1c2=[C][C]=C(C(=c2c(=O)c2=[C][C]=[C]C(=c12)O)O[C])O	PDBQT/dock_0176.pdbqt
o1c2=[C]C(=[C]C(=c2c(=O)c2=[C][C]=C([C]=c12)O)O)O	PDBQT/dock_0177.pdbqt
[C]([C]N([C])[C]C1=[C][C]=[C]C(=[C]1)OC(=O)N[C])[C]OC1=[C][C]=c2c(=[C]1)oc1c(c2=O)[C]=[C][C]=[C]1	PDBQT/dock_0178.pdbqt
o1c2=C(C(=[C]C(=c2c(=O)c2=[C][C]=C(C(=c12)O)O)O)O[C])[C][C]=C([C])[C]	PDBQT/dock_0179.pdbqt
o1c2c(c(c(c(c2[C][C]=C([C])[C])O)O)[C][C]=C([C])[C])c(=O)c2C(=C([C]=C(c12)O)C([C])([C])[C]=[C])O	PDBQT/dock_0180.pdbqt
O1[C](C(C2=[C]C(=c3oc4c(c(=O)c3=C12)[C]=[C][C]=C4O)O)([C])[C])[C]	PDBQT/dock_0181.pdbqt
o1c2c(c(c(c(c2[C][C]=C([C])[C])O)O)[C][C]C([C])([C])O)c(=O)c2c1C(=[C]C(=C2O)C([C])([C])[C]=[C])O	PDBQT/dock_0182.pdbqt
o1c2=[C]C3=[C][C]=[C][C]=C3[C]=c2c(=O)c2=C([C]=C([C]=c12)O)O	PDBQT/dock_0183.pdbqt
o1c2C(=[C]C(=C(c2c(=O)c2c1C(=[C][C]=[C]2)O)O)O)C1=C([C]=C(C(=C1O)C(=O)C1=[C][C]=[C][C]=[C]1)O)O[C]	PDBQT/dock_0184.pdbqt
o1c2c(c(c(c(c2c(=O)c2=[C]C(=[C][C]=c12)O)O)[C][C]=C([C])[C])O)[C][C]=C([C])[C]	PDBQT/dock_0185.pdbqt
o1c2c(C(=C(C(=[C]2)O)C([C])([C])[C]=[C])O)c(=O)c2=[C]C(=C(C(=c12)O)O)[C][C]=C([C])[C]	PDBQT/dock_0186.pdbqt
o1c2c(C(=C(C(=[C]2)O)O[C])[C]/[C]=C(\[C])/[C][C][C]=C([C])[C])c(=O)c2c1[C]=C(C(=C2O)[C]/[C]=C(/[C])\[C]O)O	PDBQT/dock_0187.pdbqt
o1c2c(c(=O)c3c1[C]=C([C]=[C]3)O)[C]=[C][C]=C2O	PDBQT/dock_0188.pdbqt
O1C([C]=[C]C2=C1c1oc3c(C(=C([C]=C3O)C([C])([C])[C]=[C])O)c(=O)c1[C]=[C]2)([C])[C]	PDBQT/dock_0189.pdbqt
o1c2=[C]C(=C(C(=c2c(=O)c2=[C][C]=C(C(=c12)O)O)O)[C][C]=C([C])[C])O	PDBQT/dock_0190.pdbqt
o1c2c(c(c(c(c2O)O)[C][C]=C([C])[C])[C][C]=C([C])[C])c(=O)c2c1C(=C([C]=C2O)O)[C][C]=C([C])[C]	PDBQT/dock_0191.pdbqt
o1c2c(C(=C(C(=[C]2)O)[C]/[C]=C(\[C])/[C][C][C]=C([C])[C])O)c(=O)c2=[C]C(=C([C]=c12)O)O[C]	PDBQT/dock_0192.pdbqt
o1c2c(c(c(c(c2c(=O)c2c1[C]=C(C(=[C]2)O)O)O)[C]1O[C]([C]([C]([C]1O)O)O)[C]O)O)C1=[C]C(=c2c(=C1O)c(=O)c1=C([C]=C([C]=c1o2)O)O)O	PDBQT/dock_0193.pdbqt
o1c2=C(C(=[C][C]=c2c(=O)c2=[C]C(=C([C]=c12)O)O)O)O	PDBQT/dock_0194.pdbqt
o1c2=[C]C(=C([C]=c2c(=O)c2=[C]C(=C([C]=c12)O)O)O)O	PDBQT/dock_0195.pdbqt
o1c2C(=C([C]=C(c2c(=O)c2=[C][C]=[C]C(=c12)O)O)O)[C][C]=C([C])[C]	PDBQT/dock_0196.pdbqt
O1[C][C]([C](C2=C1C(=[C]c1oc3=C([C]=[C]C(=c3c(=O)c21)O)[C][C](O[C]=O)C([C])([C])O)[C])O)C(=[C])[C]	PDBQT/dock_0197.pdbqt
o1c2c(c(c(c(c2O)O)[C][C]=C([C])[C])[C][C]=C([C])[C])c(=O)c2=C([C]=[C]C(=c12)O)O	PDBQT/dock_0198.pdbqt
o1c2c(c(=O)c3=[C][C]=[C]C(=c13)O)C(=C([C]=[C]2)O)O	PDBQT/dock_0199.pdbqt
o1c2c(C(=C(C(=[C]2)O)[C][C]=C([C])[C])O)c(=O)c2c1C(=[C][C]=[C]2)O	PDBQT/dock_0200.pdbqt
o1c2c(c(=O)c3c1[C]=[C]C(=[C]3)O)C(=[C]C(=[C]2)[C])O	PDBQT/dock_0201.pdbqt
o1c2c(C(=C(C(=[C]2)O)O[C])[C]/[C]=C(\[C])/[C][C][C]=C([C])[C])c(=O)c2c1[C]=C([C]=C2O)O	PDBQT/dock_0202.pdbqt
o1c2c(C(=C(C(=[C]2)O)[C]2O[C]([C]([C]([C]2O)O)O)[C]O)O)c(=O)c2c1[C]=C(C(=[C]2)O[C]1O[C]([C]([C]([C]1O)O)O)[C]O)O	PDBQT/dock_0203.pdbqt
o1c2=C(C(=[C][C]=c2c(=O)c2=[C]C(=[C][C]=c12)C(=O)O)O[C][C][C][C]/[C]=[C]/C1=[C][C]=C([C]=[C]1)O[C])[C][C]C(=O)O	PDBQT/dock_0204.pdbqt
o1c2=[C][C]=C([C]=c2c(=O)c2=[C][C]=[C][C]=c12)S(=O)(=O)Nc1n[nH]nn1	PDBQT/dock_0205.pdbqt
O1C([C]=[C]C2=C(c3c(oc4=[C][C]=C([C]=c4c3=O)O)[C]=C12)O)([C])[C]	PDBQT/dock_0206.pdbqt
o1c2=[C]C(=[C][C]=c2c(=O)c2=[C][C]=C([C]=c12)O)O	PDBQT/dock_0207.pdbqt
o1c2=C(C(=[C][C]=c2c(=O)c2=[C][C]=[C][C]=c12)O)O	PDBQT/dock_0208.pdbqt
o1c2=[C]C(=C(C(=c2c(=O)c2=[C]C(=[C][C]=c12)O)O)[C][C]=C([C])[C])O	PDBQT/dock_0209.pdbqt
o1c2c(c(=O)c3c1[C]=[C][C]=C3O)[C]=[C]C(=[C]2)O	PDBQT/dock_0210.pdbqt
o1c2=C([C]=C(C(=c2c(=O)c2=C([C]=C([C]=c12)O)O)[C][C]=C([C])[C])O)O	PDBQT/dock_0211.pdbqt
ClC1=C(c2oc3c4O[C]O[C]5[C](C6=C(c(c45)c(c3c(=O)c2[C]=[C]1)O)C(=C1C(=[C]6)[C]([C](N(C1=O)[C])O[C])O)O)O[C])O[C]	PDBQT/dock_0212.pdbqt
o1c2c(C(=C(C(=[C]2)O[C])[C]2O[C]([C]([C]([C]2O)O)O)[C]O)O)c(=O)c2=[C]C(=C([C]=c12)O)O	PDBQT/dock_0213.pdbqt
o1c2c(c(=O)c3c1[C]=[C][C]=[C]3)C(=[C]C(=[C]2)O[C])O	PDBQT/dock_0214.pdbqt
O1[C@]2(N([C][C]1)C(=O)C1=C(C3=C([C]=C1[C]2)[C]=[C]c1c3c(c2c(oc3=[C]C(=C([C]=c3c2=O)O[C])O[C])c1O)O)O)[C]	PDBQT/dock_0215.pdbqt
o1c2c([C]=C([C]=[C]2)O[C]2O[C]([C]([C]([C]2O)O)O)[C]O)c(=O)c2=C([C]=C(C(=c12)O[C])O[C])O	PDBQT/dock_0216.pdbqt
o1c2=[C]C(=[C]C(=c2c(=O)c2=[C][C]=[C][C]=c12)O)O	PDBQT/dock_0217.pdbqt
O1[C]2O[C]=[C][C@]2(C2=C(c3c(oc4=C([C]=[C]C(=c4c3=O)O)[C][C]=C([C])[C])[C]=C12)O)O	PDBQT/dock_0218.pdbqt
o1c2c(C(=[C]C(=[C]2)O[C])O[C]2O[C]([C]([C]([C]2O)O)O)[C]O)c(=O)c2=C([C]=[C]C(=c12)O)O	PDBQT/dock_0219.pdbqt
o1c2c(c(=O)c3c1C(=[C][C]=C3O)O[C])C(=[C]C(=[C]2)O[C])O[C]	PDBQT/dock_0220.pdbqt
o1c2C(=C(C(=[C]c2c(=O)c2c1[C]=C(C(=C2C(=O)O)O)O)C(=O)[C])C1=[C]OC2=C(C1=O)C(=C(C(=[C]2)O)O)C(=O)O)C(=O)[C]	PDBQT/dock_0221.pdbqt
O1[C]2OC3=C([C]2[C][C]1)c1oc2c(c(=O)c1C(=[C]3)O)C(=[C][C]=[C]2)O	PDBQT/dock_0222.pdbqt
O1[C]2O[C][C][C]2C2=C1[C]=C(c1c2oc2c(c1=O)C(=[C][C]=[C]2)O)O	PDBQT/dock_0223.pdbqt
o1c2=[C]C(=C(C(=c2c(=O)c2c1C(=[C][C]=[C]2)O)O)O[C])O	PDBQT/dock_0224.pdbqt
o1c2c(c(=O)c3c1[C]=C([C]=C3O)O)[C]=[C]C(=C2O)O	PDBQT/dock_0225.pdbqt
o1c2c(c(=O)c3=C([C]=C([C]=c13)[C])[C]=O)C(=[C][C]=C2/[C]=[C]/[C]([C])[C])O	PDBQT/dock_0226.pdbqt
O1C([C]=[C]C2=c3oc4=C([C]=[C][C]=c4c(=O)c3=C([C]=C12)O)O)([C])[C]	PDBQT/dock_0227.pdbqt
o1c2=[C][C]=C(C(=c2c(=O)c2=C([C]=[C][C]=c12)O)O[C])O	PDBQT/dock_0228.pdbqt
O1c2c(c(c(c(c2C(=O)[C]=C1C1=[C]C(=C([C]=[C]1)O)O)O)[C]1O[C]([C]([C]([C]1O)O)O)[C]O)O)C1=C(c2c(oc3c(c2=O)C(=[C]C(=[C]3)O[C])O)C(=[C]1)O)O	PDBQT/dock_0229.pdbqt
o1c2c(c(=O)c3c1[C]=[C][C]=C3O)C(=[C][C]=[C]2)O	PDBQT/dock_0230.pdbqt
o1c2c(C(=[C]C(=[C]2)O[C])[C])c(=O)c2c1[C]=C([C]=C2O)O	PDBQT/dock_0231.pdbqt
o1c2=[C]C(=[C]C(=c2c(=O)c2=C(C(=[C][C]=c12)O)C(=O)O[C])O)[C]	PDBQT/dock_0232.pdbqt
o1c2c(c(=O)c3c1[C]=C([C]=C3O)O)C(=[C]C(=[C]2)O)O	PDBQT/dock_0233.pdbqt
o1c2=[C]C(=[C]C(=c2c(=O)c2=C([C]=[C][C]=c12)O)O)O	PDBQT/dock_0234.pdbqt
o1c2=[C]C(=[C][C]=c2c(=O)c2=[C][C]=[C][C]=c12)O	PDBQT/dock_0235.pdbqt
o1c2c(C(=[C]C(=[C]2)O[C])[C])c(=O)c2c1[C]=C([C]=C2O)O[C]	PDBQT/dock_0236.pdbqt
o1c2c(c(c(c(c2c(=O)c2c1C(=C([C]=[C]2)O)O)O)C([C])([C])[C]=[C])O)[C][C]=C([C])[C]	PDBQT/dock_0237.pdbqt
o1c2c(c(c(c(c2c(=O)c2=[C]C(=C([C]=c12)O)O)O)C([C])([C])[C]=[C])O)[C][C]=C([C])[C]	PDBQT/dock_0238.pdbqt
O1[C]2O[C]=[C][C]2C2=c3oc4=C([C]=[C]C(=c4c(=O)c3=C([C]=C12)O[C])O)O[C]	PDBQT/dock_0239.pdbqt
o1c2c(c(=O)c3c1[C]=[C][C]=C3O)C(=[C][C]=C2N(=O)=O)O	PDBQT/dock_0240.pdbqt
o1c2c(c(c(c(c2[C]/[C]=C(\[C])/[C][C][C]=C([C])[C])O)O)[C][C]=C([C])[C])c(=O)c2c1[C]=C([C]=C2O)O	PDBQT/dock_0241.pdbqt
o1c2=C(C(=C([C]=c2c(=O)c2=C([C]=C(C(=c12)[C][C]=C([C])[C])O)O)O)O[C])[C][C]=C([C])[C]	PDBQT/dock_0242.pdbqt
o1c2=C([C]=[C]C(=c2c(=O)c2=C([C]=C([C]=c12)O)O)O)O[C]	PDBQT/dock_0243.pdbqt
o1c2=C(C(=[C]C(=c2c(=O)c2c1C(=C([C]=[C]2)O)O)O)O)[C][C]=C([C])[C]	PDBQT/dock_0244.pdbqt
o1c2=[C]C(=C(C(=c2c(=O)c2=[C]C(=C([C]=c12)O)O[C])O)O[C])O	PDBQT/dock_0245.pdbqt
o1c2=[C]C(=C(C(=c2c(=O)c2=C(C(=C([C]=c12)O[C])O[C])/[C]=[C]/C([C])([C])O)O)[C][C]=C([C])[C])O[C]	PDBQT/dock_0246.pdbqt
o1c2=[C]C(=[C]C(=c2c(=O)c2=[C][C]=[C]C(=c12)O)O)O	PDBQT/dock_0247.pdbqt
o1c2=C([C]=[C]C(=c2c(=O)c2c1[C]=C([C]=C2O)O[C])O[C]1O[C]([C]([C]([C]1O)O)O)[C]O)O	PDBQT/dock_0248.pdbqt
o1c2=C([C]=[C]C(=c2c(=O)c2=C([C]=C([C]=c12)O[C])O)O)O[C]	PDBQT/dock_0249.pdbqt
o1c2c(C(=[C]C(=[C]2)O)[C])c(=O)c2c1[C]=C([C]=C2O)O	PDBQT/dock_0250.pdbqt
o1c2=C(C(=[C][C]=c2c(=O)c2=C([C]=[C][C]=c12)O)O)O	PDBQT/dock_0251.pdbqt
O1c2c(c3oc4=C(C(=[C][C]=c4c(=O)c3c(c2[C]=[C]C1([C])[C])O)O)O)C([C])([C])[C]=[C]	PDBQT/dock_0252.pdbqt
O1C([C]=[C]C2=C(c3c(oc4=C(C(=[C][C]=c4c3=O)O)O)[C]=C12)O)([C])[C]	PDBQT/dock_0253.pdbqt
o1c2c(C(=C(C(=[C]2)O)[C]2O[C]([C]([C]([C]2O)O)O)[C]O)O)c(=O)c2=[C][C]=C(C(=c12)O[C])O	PDBQT/dock_0254.pdbqt
o1c2=[C]C(=[C]C(=c2c(=O)c2=C(C(=[C][C]=c12)O)O[C])O)O[C]	PDBQT/dock_0255.pdbqt
o1c2c(c(=O)c3c1[C]=C([C]=C3O)O)C(=[C][C]=C2O)O	PDBQT/dock_0256.pdbqt
o1c2c(c(=O)c3=C([C]=[C][C]=c13)O)[C]=[C]C(=C2O)[C][C]=C([C])[C]	PDBQT/dock_0257.pdbqt
o1c2c(c(=O)c3c1C(=[C][C]=C3O)O)C(=[C]C(=[C]2)O[C])O	PDBQT/dock_0258.pdbqt
BrC1=[C][C]=c2oc3=[C][C]=[C][C]=c3c(=O)c2=[C]1	PDBQT/dock_0259.pdbqt
o1c2=[C][C]=C([C]=c2c(=O)c2=[C]C(=[C][C]=c12)O)O	PDBQT/dock_0260.pdbqt
o1c2c(c(=O)c3c1[C]=[C]C(=[C]3)O[C])[C]=C([C]=[C]2)O[C]	PDBQT/dock_0261.pdbqt
O1C([C]=[C]c2c3c(oc4c(c3=O)C(=C3C(=[C]4)OC([C]=[C]3)([C])[C])O)c(c(c12)O)[C][C]=C([C])[C])([C])[C]	PDBQT/dock_0262.pdbqt
o1c2c(c(=O)c3c1[C]=[C][C]=[C]3)[C]=C(C(=C2O[C])O[C])O	PDBQT/dock_0263.pdbqt
o1c2=[C][C]=[C]C(=c2c(=O)c2=[C][C]=[C]C(=c12)O)O[C]	PDBQT/dock_0264.pdbqt
o1c2c(c(=O)c3c1[C]=[C][C]=[C]3)[C]=[C]C(=[C]2)C(=O)O	PDBQT/dock_0265.pdbqt
o1c2c(c(=O)c3c1[C]=[C][C]=[C]3)[C]=C([C]=[C]2)C(=O)O	PDBQT/dock_0266.pdbqt
o1c2=[C]C(=[C][C]=c2c(=O)c2=[C][C]=[C][C]=c12)[C]	PDBQT/dock_0267.pdbqt
o1c2c(c(=O)c3=C([C]=[C][C]=c13)[C])[C]=[C][C]=C2[C]C(=O)O	PDBQT/dock_0268.pdbqt
o1c2c(c(=O)c3c1C(=[C][C]=[C]3)[C])[C]=[C][C]=C2[C]C(=O)O	PDBQT/dock_0269.pdbqt
o1c2c(C(=C([C]=C2O)C([C])([C])[C]=[C])O)c(=O)c2=[C][C]=[C]C(=c12)O	PDBQT/dock_0270.pdbqt
o1c2c(C(=[C][C]=C2[C]O)N[C][C]N([C])[C])c(=O)c2c1[C]=[C]C(=[C]2)OS([O])([O])C1=[C][C]=C([C]=[C]1)[C]	PDBQT/dock_0271.pdbqt
o1c2=[C]C(=[C]C(=c2c(=O)c2=[C]C(=C([C]=c12)O[C])O[C])O[C])O[C]	PDBQT/dock_0272.pdbqt
o1c2c(c(=O)c3c1[C]=[C][C]=[C]3)[C]=[C][C]=C2O[C]	PDBQT/dock_0273.pdbqt
ClC1=[C]c2c(oc3c(c2=O)[C]=[C]C(=[C]3)Cl)[C]=[C]1	PDBQT/dock_0274.pdbqt
ClC1=c2oc3=[C][C]=[C][C]=c3c(=O)c2=[C]C(=[C]1)Cl	PDBQT/dock_0275.pdbqt
o1c2=[C][C]=C([C]=c2c(=O)c2=[C][C]=[C][C]=c12)[C]	PDBQT/dock_0276.pdbqt
o1c2c(c(=O)c3=[C][C]=C([C]=c13)O[C][C]N1[C][C][C][C][C]1)[C]=[C]C(=[C]2)O[C][C]N1[C][C][C][C][C]1	PDBQT/dock_0277.pdbqt
o1c2=[C][C]=C([C]=c2c(=O)c2=[C]C(=[C][C]=c12)C(=O)[C][C][C][C]N1[C][C][C][C][C]1)C(=O)[C][C][C][C]N1[C][C][C][C][C]1	PDBQT/dock_0278.pdbqt
o1c2c(c(=O)c3c1[C]=[C][C]=[C]3)[C]=C([C]=[C]2)[C]C(=O)O	PDBQT/dock_0279.pdbqt
o1c2=[C]C(=[C][C]=c2c(=O)c2=[C][C]=[C][C]=c12)O[C][C](O)[C]N[C]([C])[C]	PDBQT/dock_0280.pdbqt
o1c2=[C][C]=C([C]=c2c(=O)c2=[C]C(=[C][C]=c12)C(=O)O)O[C][C]O	PDBQT/dock_0281.pdbqt
o1c2=C(C(=[C][C]=c2c(=O)c2c1[C]=[C]C(=[C]2)C(=O)O)O[C][C][C]OC1=[C]C(=C([C]=C1[C][C])C1=[C][C]=C([C]=[C]1)F)O)[C][C]C(=O)O	PDBQT/dock_0282.pdbqt
o1c2c(c(=O)c3c1[C]=[C]C(=[C]3)O)[C]=[C][C]=C2O	PDBQT/dock_0283.pdbqt
o1c2=C([C]=[C][C]=c2c(=O)c2c1[C]=[C][C]=[C]2)[C]C(=O)O	PDBQT/dock_0284.pdbqt
o1c2c([C]=C([C]=[C]2)[C]([C])C(=O)O)c(=O)c2=[C][C]=[C][C]=c12	PDBQT/dock_0285.pdbqt
O1[C]([C]C2=C1[C]=C(c1c2oc2=C([C]=[C][C]=c2c1=O)O)O[C])[C@@]1(O[C]1)[C]	PDBQT/dock_0286.pdbqt
o1c2C(=[C]C(=[C]c2c(=O)c2c1[C]=[C]C(=[C]2)C(=O)O)[S@]([O])([C])[NH])[C][C][C][C][C][C]	PDBQT/dock_0287.pdbqt
O1[C]2OC3=[C]C(=c4c(=C3[C]2[C][C]1)oc1=[C][C]=[C]C(=c1c4=O)O[C])O[C]	PDBQT/dock_0288.pdbqt
O1[C]2O[C]=[C][C]2C2=C1[C]=C(c1c2oc2=[C][C]=[C]C(=c2c1=O)OC(=O)[C])O[C]	PDBQT/dock_0289.pdbqt
O1[C]2O[C]=[C][C@]2(C2=c3oc4c(c(=O)c3=C([C]=C12)O[C])C(=[C][C]=[C]4)O[C])O	PDBQT/dock_0290.pdbqt
o1c2=[C][C]=[C]C(=c2c(=O)c2=[C][C]=[C][C]=c12)O[C]	PDBQT/dock_0291.pdbqt
o1c2=[C]C(=[C][C]=c2c(=O)c2c1[C]=[C][C]=[C]2)O[C]	PDBQT/dock_0292.pdbqt
o1c2C(=[C]C(=[C]c2c(=O)c2c1[C]=[C]C(=[C]2)C(=O)O)[S@]([O])([C])[NH])[C][C][C][C][C][C]	PDBQT/dock_0293.pdbqt
o1c2[C][C]([C]([C@@](c2c(=O)c2c1[C]=[C][C]=C2O)(O)C(=O)O[C])O)NC1=[C][C]=c2c(=C1C(=O)O[C])c(=O)c1=C([C]=[C][C]=c1o2)O	PDBQT/dock_0294.pdbqt
o1c2=[C][C]=C(C(=c2c(=O)c2=C([C]=C([C]=c12)O)O)C(=O)O[C])O	PDBQT/dock_0295.pdbqt
o1c2=C([C]=C(C(=c2c(=O)c2=C([C]=C([C]=c12)[C])[C]O)O)[C][C]=C([C])[C])C([C])([C])[C]=[C]	PDBQT/dock_0296.pdbqt
o1c2c(c(c(c(c2c(=O)c2c1[C]=[C][C]=C2[C]O)O)[C][C]=C([C])[C])[C])C([C])([C])[C]=[C]	PDBQT/dock_0297.pdbqt
o1c2c(C(=[C][C]=[C]2)[C]2O[C]([C](O2)[C])[C])c(=O)c2c1[C]=C(C(=C2O)[C][C]=C([C])[C])[C]	PDBQT/dock_0298.pdbqt
o1c2=C([C]=[C]C(=c2c(=O)c2c1C(=C([C]=C2O)[C])O)O)[C][C]=C([C])[C]	PDBQT/dock_0299.pdbqt
O1C([C][C]C2=C(c3c(oc4=C(C(=[C][C]=c4c3=O)O)O)[C]=C12)O)([C])[C]	PDBQT/dock_0300.pdbqt
o1c2c(C(=[C]C(=C2C(=O)O[C][C](O)[C]O)[C])C(=O)O[C])c(=O)c2c1[C]=C([C]=C2O)O	PDBQT/dock_0301.pdbqt
o1c2c(C(=[C]C(=C2O)[C])C(=O)O[C])c(=O)c2c1[C]=[C][C]=C2O	PDBQT/dock_0302.pdbqt
o1c2C(=[C][C]=C(c2c(=O)c2c1C(=C([C]=C2O)O)O)O[C])[C]([C](O)[C]O)[C]O	PDBQT/dock_0303.pdbqt
o1c2c(C(=[C]C(=C2O)O)[C])c(=O)c2c1[C]=C([C]=C2O)O[C]	PDBQT/dock_0304.pdbqt
o1c2=[C]C(=[C]C(=c2c(=O)c2=C([C]=[C][C]=c12)C(=O)O[C])O)[C][C]O	PDBQT/dock_0305.pdbqt
o1c2=[C]C(=[C]C(=c2c(=O)c2=[C][C]=C(C(=c12)O)C(=O)O[C])O[C])[C][C]O	PDBQT/dock_0306.pdbqt
o1c2=[C]C(=[C]C(=c2c(=O)c2=[C][C]=C(C(=c12)O)C(=O)O[C])O[C])[C][C]O	PDBQT/dock_0307.pdbqt
ClC1=[C]C(=c2c(=O)c3=C([C]=C([C]=c3oc2=[C]1)O)[C])O	PDBQT/dock_0308.pdbqt
C1(=C(C(=[C]C(=C1O[C])[C])O)C(=O)C1=C([C]=[C][C]=C1O[C])O[C])C(=O)[C]C1=c2c(=[C]C(=C1O[C])[C])oc1=[C][C]=[C]C(=c1c2=O)O[C]	PDBQT/dock_0309.pdbqt
o1c2c(C(=[C]C(=C2OC2=C([C]=C(c3c2oc2c(c3=O)C(=[C]C(=[C]2)[C]O)O)[C])O)O)[C])c(=O)c2c1c(c(c(c2O[C])O)O)O	PDBQT/dock_0310.pdbqt
o1c2C(=C([C]=C(c2c(=O)c2c1C(=C(C(=[C]2)[C][C]=C([C])[C])O)O)O)O)C([C])([C])[C]=[C]	PDBQT/dock_0311.pdbqt
O1[C]([C]([C]([C]([C]1[C]OC(=O)C1=[C]C(=C(C(=[C]1)O)O)O)O)O)O)C1=C([C]=c2c(=C1O)c(=O)c1=[C]C(=C([C]=c1o2)O)O)O	PDBQT/dock_0312.pdbqt
[C@@]1([C]([C]=C([C][C]1)[C])C1=C(c2oc3=C([C]=[C][C]=c3c(=O)c2C(=[C]1)O)O)O)([C])/[C]=[C]/C1=[C]C(=c2c(=C1O)oc1c(c2=O)[C]=[C][C]=C1O)O	PDBQT/dock_0313.pdbqt
O1[C]([C]([C]([C]([C]1[C]O)O)O)O[C]1O[C]([C]([C]([C]1O)O)O)[C]O)OC1=[C]c2c(oc3c(c2=O)C(=[C][C]=C3O[C])O[C])C(=[C]1)O[C]	PDBQT/dock_0314.pdbqt
o1c2=[C]C(=[C]C(=c2c(=O)c2=[C][C]=C(C(=c12)O)C(=O)O[C])O)[C][C]O	PDBQT/dock_0315.pdbqt
o1c2=[C]C(=C(C(=c2c(=O)c2=C(C(=C([C]=c12)O[C])[C][C]=C([C])[C])O)[C]C(=O)C(=[C])[C])O[C])O	PDBQT/dock_0316.pdbqt
o1c2c(c(c(c(c2[C][C]=C([C])[C])O)C([C])([C])[C]=[C])O)c(=O)c2=C([C]=C(C(=c12)O)O)[C][C]=C([C])[C]	PDBQT/dock_0317.pdbqt
o1c2=C(C(=[C]C(=c2c(=O)c2=C([C]=C([C]=c12)O)O)[C][C]=C([C])[C])O)O	PDBQT/dock_0318.pdbqt
o1c2=C(C(=[C]C(=c2c(=O)c2=C(C(=C([C]=c12)O)O[C])[C]/[C]=C(\[C])/[C][C][C]=C([C])[C])O)O)[C][C]=C([C])[C]	PDBQT/dock_0319.pdbqt
o1c2=C(C(=[C][C]=c2c(=O)c2=[C]C(=[C]C(=c12)C(=O)O)O)C(=O)O[C])O	PDBQT/dock_0320.pdbqt
o1c2c(c(=O)c3c1C(=[C][C]=C3C(=O)O[C])O)C(=[C]C(=[C]2)[C])O	PDBQT/dock_0321.pdbqt
O1C([C]=[C]C2=C1[C]=c1oc3c(C(=C(C(=[C]3)O[C])O[C])[C][C]=C([C])[C])c(=O)c1=C2O)([C])[C]	PDBQT/dock_0322.pdbqt
O1C([C]=[C]C2=c3oc4=C(C5=C([C]=c4c(=O)c3=C([C]=C12)O)[C]=[C]C(O5)([C])[C])O)([C])[C]	PDBQT/dock_0323.pdbqt
o1c2c(C(=C(C(=[C]2)O)[C][C]C([C])([C])O)O)c(=O)c2=C(C(=C([C]=c12)O)O[C])[C][C]=C([C])[C]	PDBQT/dock_0324.pdbqt
S(C1=C([C]=c2c(=C1C(=O)O[C])c(=O)c1=C([C]=C([C]=c1o2)[C])O)O)C1=C(c2c(oc3c(c2=O)C(=[C]C(=[C]3)[C])O)[C]=C1O)C(=O)O[C]	PDBQT/dock_0325.pdbqt
C1(=C([C]=C(C(=C1C(=O)O[C])C(=O)C1=C([C]=C([C]=C1O)[C])O)O[C])O)SC1=C(c2c(oc3c(c2=O)C(=[C]C(=[C]3)[C])O)[C]=C1O)C(=O)O[C]	PDBQT/dock_0326.pdbqt
O1[C]2O[C]=[C][C]2C2=c3oc4=C(C(=[C]C(=c4c(=O)c3=C([C]=C12)O[C])O)O[C])O[C]	PDBQT/dock_0327.pdbqt
o1c2c(C(=C(C(=[C]2)O)O[C])[C]/[C]=C(\[C])/[C][C][C]=C([C])[C])c(=O)c2c1[C]=C(C(=C2O)[C]/[C]=C(\[C])/[C]O)O	PDBQT/dock_0328.pdbqt
O1C([C]=[C]C2=C1[C]=C(c1c2oc2c(c1=O)C(=[C][C]=C2O)[C][C]=C([C])[C])O)([C])[C]	PDBQT/dock_0329.pdbqt
o1c2=[C]C(=C(C(=c2c(=O)c2=C(C(=C([C]=c12)O[C])O[C])[C][C]=C([C])[C])O)[C][C](O)C(=[C])[C])O[C]	PDBQT/dock_0330.pdbqt
o1c2c(C(=C(C(=[C]2)O)O[C])[C][C](O)C(=[C])[C])c(=O)c2c1[C]=C(C(=C2O)[C][C]=C([C])[C])O[C]	PDBQT/dock_0331.pdbqt
o1c2C(=[C]C(=C(c2c(=O)c2c1C(=C1OC([C]=[C]C1=[C]2)([C])[C])O)O)O)C([C])([C])[C]=[C]	PDBQT/dock_0332.pdbqt
O1[C](C(c2c1c(c(c1c2oc2=C(C(=[C][C]=c2c1=O)O)O)O)C([C])([C])[C]=[C])([C])[C])[C]	PDBQT/dock_0333.pdbqt
O1C([C]=[C]C2=C1[C]=C(c1c2oc2c(c1=O)C(=C([C]=[C]2)O)[C][C]=C([C])[C])O)([C])[C]	PDBQT/dock_0334.pdbqt
o1c2c(c(=O)c3c1[C]=[C][C]=C3O)[C]=[C][C]=C2O[C]	PDBQT/dock_0335.pdbqt
o1c2=C(C(=[C]C(=c2c(=O)c2c1[C]=[C][C]=C2O)O[C])O)O[C]	PDBQT/dock_0336.pdbqt
o1c2c(c(=O)c3c1[C]=[C]C(=[C]3)O)C(=C([C]=[C]2)O[C])O[C]	PDBQT/dock_0337.pdbqt
o1c2c(c(c(c(c2O)O)[C]/[C]=C(\[C])/[C][C][C]=C([C])[C])[C][C]=C([C])[C])c(=O)c2=C([C]=C([C]=c12)O)O	PDBQT/dock_0338.pdbqt
O1C([C]=[C]C2=c3c(=[C]C(=C12)O[C])oc1=[C]C(=[C]C(=c1c3=O)O)O)([C])[C]	PDBQT/dock_0339.pdbqt
o1c2=[C][C]=C([C]=c2c(=O)c2c1[C]=[C][C]=[C]2)N1[C][C]2[C]([C]1)[C]N([C]2)[C]	PDBQT/dock_0340.pdbqt
o1c2=[C]C(=C(C(=c2c(=O)c2=C(C(=C([C]=c12)O[C][C][C][C]N([C][C])[C][C])[C][C]=C([C])[C])O)[C][C]=C([C])[C])O[C])O[C][C][C][C]N([C][C])[C][C]	PDBQT/dock_0341.pdbqt
O1C([C]=[C]c2c1c(c(c1c2oc2c(c1=O)C(=[C][C]=C2O)O)O)[C][C]=C([C])[C])([C])[C]	PDBQT/dock_0342.pdbqt
o1c2c(c(c(c(c2c(=O)c2c1C(=C([C]=[C]2)O)O[C])O)[C][C]=C([C])[C])O[C])[C][C]=C([C])[C]	PDBQT/dock_0343.pdbqt
o1c2=C(C(=[C]C(=c2c(=O)c2=C([C]=[C]C(=c12)O[C])O)O)O)O[C]	PDBQT/dock_0344.pdbqt
o1c2=[C]C(=C(C(=c2c(=O)c2=[C]C(=C([C]=c12)O)O[C])O[C])O[C])O[C]	PDBQT/dock_0345.pdbqt
o1c2=[C][C]=C3O[C]OC3=c2c(=O)c2c1[C]=[C][C]=[C]2	PDBQT/dock_0346.pdbqt
O1C([C]=[C]c2c1c(c(c1c2oc2c(c1=O)C(=[C]C(=C2O[C])O[C])O[C])O)O[C])([C])[C]	PDBQT/dock_0347.pdbqt
O1C([C][C]C2=c3oc4=C(C(=[C][C]=c4c(=O)c3=C([C]=C12)O)O)O)([C])[C]	PDBQT/dock_0348.pdbqt
o1c2=C(C3=C(O[C]O3)[C]=c2c(=O)c2=[C][C]=[C][C]=c12)O[C]	PDBQT/dock_0349.pdbqt
o1c2c(c(c(c(c2O)O)O[C])[C][C]=C([C])[C])c(=O)c2=C([C]=[C][C]=c12)O	PDBQT/dock_0350.pdbqt
o1c2=[C]C(=C(C(=c2c(=O)c2=C(C(=C([C]=c12)O)[C][C]=C([C])[C])O)[C]C(=O)C(=[C])[C])O[C])O	PDBQT/dock_0351.pdbqt
FC1=C([C]=c2oc3c([C]=C([C]=[C]3)C3=[C]N=C(N3)[C]3N([C][C][C]3)C(=O)[C](NC(=O)O[C])[C]([C])[C])c(=O)c2=[C]1)C1=[C]N=C(N1)[C]1N([C][C][C]1)C(=O)[C](NC(=O)O[C])[C]([C])[C]	PDBQT/dock_0352.pdbqt
o1c2=[C][C]=C(C(=c2c(=O)c2c1[C]=C(C(=C2O)[C][C]=C([C])[C])O)[C][C]=C([C])[C])C(=O)O	PDBQT/dock_0353.pdbqt
o1c2=[C][C]=[C]C(=c2c(=O)c2=[C][C]=[C][C]=c12)[C][C]=C([C])[C]	PDBQT/dock_0354.pdbqt
o1c2=[C]C(=[C][C]=c2c(=O)c2c1C(=[C][C]=[C]2)O)O[C]	PDBQT/dock_0355.pdbqt
O1[C][C]([C](C2=C1C(=[C]c1oc3c(c(=O)c21)C(=[C][C]=C3[C][C](O)C(Cl)([C])[C])O)[C])O)C(=[C])[C]	PDBQT/dock_0356.pdbqt
O1[C][C]([C](C2=C1C(=[C]c1oc3=C([C]=[C]C(=c3c(=O)c21)O)[C][C](OC(=O)[C])C([C])([C])O)[C])O)C(=[C])[C]	PDBQT/dock_0357.pdbqt
o1c2=C([C]=C(C(=c2c(=O)c2=[C][C]=[C][C]=c12)O[C])O[C])O	PDBQT/dock_0358.pdbqt
o1c2c(c(=O)c3c1C(=C([C]=[C]3)O)O)C(=[C]C(=[C]2)O[C])O[C]	PDBQT/dock_0359.pdbqt
o1c2c(C(=C(C(=[C]2)OS([O])([O])O)[C]2O[C]([C]([C]([C]2OS([O])([O])O)OS([O])([O])O)OS([O])([O])O)[C]OS([O])([O])O)O)c(=O)c2=[C]C(=C([C]=c12)OS([O])([O])O)OS([O])([O])O	PDBQT/dock_0360.pdbqt
o1c2c(c(c(c(c2c(=O)c2c1C(=C([C]=[C]2)O)O)O)[C][C]=C([C])[C])O)[C][C]([C][C]=C([C])[C])C(=[C])[C]	PDBQT/dock_0361.pdbqt
o1c2=[C]C(=C(C(=c2c(=O)c2c1[C]=[C]C(=[C]2)O)O)[C][C]=C([C])[C])O[C]/[C]=C(\[C])/[C][C][C]=C([C])[C]	PDBQT/dock_0362.pdbqt
O1[C]([C]C2=c3c(=[C]C(=C12)O)oc1=[C]C(=C(C(=c1c3=O)O)[C][C]=C([C])[C])O)C(=[C])[C]	PDBQT/dock_0363.pdbqt
O1[C]([C]C2=C1[C]=c1oc3c(c(=O)c1=C2O)C(=C(C(=[C]3)O)O[C])[C][C]=C([C])[C])C(=[C])[C]	PDBQT/dock_0364.pdbqt
o1c2c([C]([C][C][C]2O)O[C]2O[C]([C]([C]([C]2O)O)O)[C]O)c(=O)c2=C(C(=C([C]=c12)O)C1=[C]C(=c2c(=C1O)c(=O)c1=C([C]=C([C]=c1o2)O)O)O)O	PDBQT/dock_0365.pdbqt
O1C([C]=[C]C2=[C]c3c(oc4c(c3=O)C(=[C]C(=[C]4)O[C])O)C(=C12)O)([C])[C]	PDBQT/dock_0366.pdbqt
o1c2=[C]C(=[C][C]=c2c(=O)c2[C]=C([C]=[C]c12)C1=[C]N=C(N1)[C]1N([C][C][C]1)C(=O)[C](NC(=O)O[C])[C]([C])[C])C1=[C]N=C(N1)[C]1N([C][C][C]1)C(=O)[C](NC(=O)O[C])[C]([C])[C]	PDBQT/dock_0367.pdbqt
o1c2=[C][C]=C(C(=c2c(=O)c2=C([C]=[C]C(=c12)O)O)O[C])O	PDBQT/dock_0368.pdbqt
O1[C][C]([C](C2=c3c(=[C]C(=C12)[C])oc1C(=[C][C]=C(c1c3=O)O)[C][C](O)C([C])([C])O[C])O)C(=[C])[C]	PDBQT/dock_0369.pdbqt
o1c2C(=[C][C]=C(c2c(=O)c2=C3[C]([C]([C]OC3=C([C]=c12)[C])C(=[C])[C])OC(=O)[C])O)[C](O[C])[C]1OC1([C])[C]	PDBQT/dock_0370.pdbqt
O1C([C]([C]C2=C([C]=c3oc4c(c(=O)c3=C12)C(=C(C(=[C]4)O)O[C])[C][C]=C([C])[C])O)O)([C])[C]	PDBQT/dock_0371.pdbqt
O1C([C]([C]C2=C1c1c(oc3=[C]C(=C(C(=c3c1=O)[C][C]=C([C])[C])O[C])O)[C]=C2O[C])O)([C])[C]	PDBQT/dock_0372.pdbqt
O1[C]([C](C2=C(c3c(oc4c(c3=O)C(=C(C(=[C]4)O)O[C])[C][C]=C([C])[C])[C]=C12)O)c1c2oc3=[C]C(=C(C(=c3c(=O)c2c(c(c1O)[C][C]=C([C])[C])O)[C][C]=C([C])[C])O[C])O)C([C])([C])O	PDBQT/dock_0373.pdbqt
o1c2c(C(=C(C(=[C]2)O)O)[C][C]C([C])([C])O)c(=O)c2c1[C]=C(C(=C2O)[C][C]=C([C])[C])O[C]	PDBQT/dock_0374.pdbqt
o1c2=[C]C(=[C]C(=c2c(=O)c2=C([C]=C([C]=c12)O)O)[C]O)[C]	PDBQT/dock_0375.pdbqt
o1c2=C(C(=[C][C]=c2c(=O)c2=[C][C]=[C]C(=c12)O)O)O	PDBQT/dock_0376.pdbqt
o1c2c(C(=C(C(=[C]2)O)O[C]2O[C]([C]([C]([C]2O)OC(=O)C2=[C][C]=[C][C]=[C]2)O)[C]O)O)c(=O)c2=[C]C(=C([C]=c12)O)O	PDBQT/dock_0377.pdbqt
O1[C@]2(OC3=[C]c4oc5=[C][C]=[C]C(=c5c(=O)c4C(=C3[C]1[C][C][C]2)O)O[C])[C]	PDBQT/dock_0378.pdbqt
O1[C@]2(OC3=C([C]1[C][C]([C]2)O)C(=c1c(=[C]3)oc2c(c1=O)C(=[C][C]=[C]2)O[C])O)[C]	PDBQT/dock_0379.pdbqt
o1c2c(c(=O)c3c1[C]=C(C(=[C]3)OC(=O)[C])OC(=O)[C])C(=[C]C(=[C]2)OC(=O)[C])OC(=O)[C]	PDBQT/dock_0380.pdbqt
o1c2=[C]C(=C(C(=c2c(=O)c2=C([C]=[C][C]=c12)O)C(=O)O[C])O)[C]	PDBQT/dock_0381.pdbqt
o1c2c(C(=[C]C(=C2O[C])O)O[C]2O[C]([C]([C]([C]2O)O)O)[C]O)c(=O)c2=[C][C]=C(C(=c12)O[C])O	PDBQT/dock_0382.pdbqt
O1[C](C(c2c1c(c(c1c2oc2c(c1=O)[C]=C([C]=C2C([C])([C])O)O)O)[C][C]=C([C])[C])([C])[C])[C]	PDBQT/dock_0383.pdbqt
O1C([C][C]C2=c3c(=[C]C(=C12)O[C])oc1C2=C(OC([C][C]2)([C])[C])[C]=C(c1c3=O)O)([C])[C]	PDBQT/dock_0384.pdbqt
o1c2c(c(c(c(c2c(=O)c2=[C]C(=[C]C(=c12)O)O)O)[C][C]=C([C])[C])O)[C][C]=C([C])[C]	PDBQT/dock_0385.pdbqt
o1c2c([C]=C([C]=[C]2)O[C]2O[C]([C]([C]([C]2O)O)O)C(=O)O)c(=O)c2=C([C]=[C][C]=c12)O	PDBQT/dock_0386.pdbqt
o1c2=C([C]=[C]C(=c2c(=O)c2C3=C(O[C][C]([C]3O)C(=[C])[C])C(=[C]c12)[C])O)[C](O[C])[C]1OC1([C])[C]	PDBQT/dock_0387.pdbqt
Clc1c(c(c(c2c1oc1=[C][C]=[C]C(=c1c2=O)O[C])O)[C]1O[C]([C][C][C]1)[C])O	PDBQT/dock_0388.pdbqt
o1c2=C(C(=C([C]=c2c(=O)c2c1[C]=C(C(=C2C(=O)O)O)O)C(=O)[C])c1c(=O)c2c(oc1O[C])[C]=C(C(=C2C(=O)O)O)O)C(=O)[C]	PDBQT/dock_0389.pdbqt
o1c2=C([C]=[C]C(=c2c(=O)c2=C(C(=C([C]=c12)O)C1=[C]C(=c2c(=C1O)c(=O)c1=C([C]=C([C]=c1o2)O)O)O)O)O[C]1O[C]([C]([C]([C]1O)O)O)[C]O)O	PDBQT/dock_0390.pdbqt
o1c2=C(C(=[C]C(=c2c(=O)c2c1C(=[C][C]=C2O)O[C])O)O[C]1O[C]([C]([C]([C]1O)O)O)[C]O)O[C]	PDBQT/dock_0391.pdbqt
O1[C]([C]C2=C1[C]=[C]c1oc3=[C][C]=[C]C(=c3c(=O)c21)O)[C@@](O)([C]O)[C]Cl	PDBQT/dock_0392.pdbqt
O1[C]([C](C2=C1[C]=[C]c1oc3c(c(=O)c21)C(=C(C(=[C]3)O)[C][C]=C([C])[C])O)O)C([C])([C])O	PDBQT/dock_0393.pdbqt
o1c2=[C]C(=[C]C(=c2c(=O)c2=C([C]=C([C]=c12)O)C(=O)O)O)[C]	PDBQT/dock_0394.pdbqt
o1c2c(c(=O)c3c1[C]=C([C]=C3C(=O)O[C])O)C(=[C]C(=[C]2)[C])O	PDBQT/dock_0395.pdbqt
o1c2c(c(=O)c3c1[C]=[C]C(=[C]3)C(=O)O)[C]=C([C]=[C]2)[S@@](=O)[C]	PDBQT/dock_0396.pdbqt
O1[C]([C](OC2=C([C]=c3c(=C12)oc1=[C][C]=[C][C]=c1c3=O)O[C])C1=[C]C(=C([C]=[C]1)O)O[C])[C]O	PDBQT/dock_0397.pdbqt
o1c2c(c(=O)c3c1[C]=[C][C]=[C]3)C(=C([C]=[C]2)O)O	PDBQT/dock_0398.pdbqt
FC1=[C][C]=c2c(=[C]1)oc1=[C][C]=[C][C]=c1c2=O	PDBQT/dock_0399.pdbqt
O1[C][C]([C](C2=C1C(=[C]c1oc3C(=[C][C]=C(c3c(=O)c21)O)[C][C](O)C([C])([C])O)[C])O)C(=[C])[C]	PDBQT/dock_0400.pdbqt
o1c2c(c(c(c(c2c(=O)c2=[C][C]=C(C(=c12)O)O)O)[C][C]=C([C])[C])O[C])C([C])([C])[C]=[C]	PDBQT/dock_0401.pdbqt
ClC1=[C][C]=c2oc3c(C(=C4[C]5[C](OC4=[C]3)O[C]=[C]5)O[C])c(=O)c2=C1O[C]	PDBQT/dock_0402.pdbqt
o1c2=[C]C(=C(C(=c2c(=O)c2=C(C(=C([C]=c12)O[C])[C][C]=C([C])[C])O)[C][C](O)C(=[C])[C])O[C])O[C]	PDBQT/dock_0403.pdbqt
o1c2c(c(=O)c3c1[C]=[C][C]=[C]3)[C]=[C]C(=C2O[C])O[C]	PDBQT/dock_0404.pdbqt
O1[C](C(C2=C1[C]=C(c1c2oc2=[C]C(=C(C(=c2c1=O)[C][C]=C([C])[C])O)O)O)([C])[C])[C]	PDBQT/dock_0405.pdbqt
o1c2=C(C(=[C]C(=c2c(=O)c2=[C]C(=C([C]=c12)O)O)O)O)C([C])([C])[C]=[C]	PDBQT/dock_0406.pdbqt
o1c2=[C]C3=C(C(=c2c(=O)c2=C([C]=C([C]=c12)O[C])[C])O)C(=O)[C]=C(C3=O)O[C]	PDBQT/dock_0407.pdbqt
o1c2=C(C(=[C]C(=c2c(=O)c2=[C]C(=C3OC([C]=[C]C3=c12)([C])[C])O)O)O)C([C])([C])[C]=[C]	PDBQT/dock_0408.pdbqt
o1c2=C([C]=[C][C]=c2c(=O)c2=[C][C]=C([C]=c12)O)O[C]	PDBQT/dock_0409.pdbqt
o1c2=[C]C(=C(C(=c2c(=O)c2=[C]C(=C([C]=c12)O)O[C])O)[C][C]=C([C])[C])O	PDBQT/dock_0410.pdbqt
O1[C][C]([C](C2=C1C(=[C]c1oc3c(c(=O)c21)C(=[C][C]=C3[C]C(=O)[C]([C])[C])O)[C])O)C(=[C])[C]	PDBQT/dock_0411.pdbqt
O1[C][C]([C](C2=c3c(=[C]C(=C12)[C])oc1=C([C]=[C]C(=c1c3=O)O)[C]C([C])([C])[C]=O)O)C(=[C])[C]	PDBQT/dock_0412.pdbqt
O1[C][C]([C](C2=c3c(=[C]C(=C12)[C])oc1C(=[C][C]=C(c1c3=O)O)[C][C](O)C([C])([C])O[C][C])O)C(=[C])[C]	PDBQT/dock_0413.pdbqt
O1[C][C]([C](C2=C1C(=[C]c1oc3c(c(=O)c21)C(=[C][C]=C3[C][C](O)C(=[C])[C])O)[C])O)C(=[C])[C]	PDBQT/dock_0414.pdbqt
o1c2=[C]C(=C(C(=c2c(=O)c2=C(C(=C([C]=c12)O)[C]/[C]=C(\[C])/[C][C][C]=C([C])[C])O)[C][C]=C([C])[C])O[C])O	PDBQT/dock_0415.pdbqt
o1c2=[C]C(=C(C(=c2c(=O)c2=[C][C]=C([C]=c12)O)O)[C][C]=C([C])[C])O	PDBQT/dock_0416.pdbqt
O1C([C]=[C]c2c1c(c1oc3=[C][C]=C(C(=c3c(=O)c1c2O)[C][C]=C([C])[C])O)O)([C])[C]	PDBQT/dock_0417.pdbqt
o1c2c(c(=O)c3c1[C]=C([C]=[C]3)O)C(=C(C(=[C]2)O)O[C])O[C]	PDBQT/dock_0418.pdbqt
o1c2c(c(c(c(c2[C][C]=C([C])[C])O)[C][C]=C([C])[C])O)c(=O)c2c1C(=C(C(=[C]2)[C][C]=C([C])[C])O)O	PDBQT/dock_0419.pdbqt
O1C([C]=[C]C2=C1[C]=C(c1c2oc2c(c1=O)[C]=[C][C]=C2[C][C]=C([C])[C])O)([C])[C]	PDBQT/dock_0420.pdbqt
o1c2=[C][C]=C(C(=c2c(=O)c2=C(C(=[C][C]=c12)O[C])O)O[C])O	PDBQT/dock_0421.pdbqt
o1c2=[C]C(=C(C(=c2c(=O)c2c1C(=C([C]=[C]2)O)O)O)[C]1C([C][C]([C]1)C(=[C])[C])([C])[C])O	PDBQT/dock_0422.pdbqt
o1c2=[C]C(=C(C(=c2c(=O)c2=[C]C(=C([C]=c12)O[C])O[C])O[C])O[C])O[C]	PDBQT/dock_0423.pdbqt
o1c2C(=[C][C]=C(c2c(=O)c2C3=C(O[C][C]([C]3O)C(=[C])[C])C(=[C]c12)[C])O)[C][C]1OC1([C])[C]	PDBQT/dock_0424.pdbqt
O1[C]([C]([C]([C]([C]1OC1=[C]C(=c2c(=[C]1)oc1c(c2=O)[C]=C([C]=[C]1)O[C])O)O)O)O)[C]O[C]1O[C][C]([C]([C]1O)O)O	PDBQT/dock_0425.pdbqt
O1[C]2O[C]=[C][C]2C2=C(c3c(oc4=[C][C]=[C]C(=c4c3=O)O)[C]=C12)O	PDBQT/dock_0426.pdbqt
O1[C](C(C2=C1[C]=C(c1c2oc2c(c1=O)C(=[C][C]=C2O)O)O)([C])[C])[C]	PDBQT/dock_0427.pdbqt
o1c2=[C]C(=C(C(=c2c(=O)c2=[C][C]=C([C]=c12)O)O)O[C])O	PDBQT/dock_0428.pdbqt
o1c2=[C]C(=C(C(=c2c(=O)c2=[C][C]=[C]C(=c12)O[C])O)O)O	PDBQT/dock_0429.pdbqt
O1C([C]=[C]c2c1c(c1oc3=C(C4=C([C]=c3c(=O)c1c2O)[C]=[C]C(O4)([C])[C])O)[C][C]=C([C])[C])([C])[C]	PDBQT/dock_0430.pdbqt
o1c2=[C][C]=[C]C(=c2c(=O)c2=[C]C(=[C][C]=c12)O[C])O[C]	PDBQT/dock_0431.pdbqt
o1c2C(=C([C]=C(c2c(=O)c2=[C][C]=[C]C(=c12)O)O)O)[C]/[C]=C(\[C])/[C][C][C]=C([C])[C]	PDBQT/dock_0432.pdbqt
o1c2c(c(=O)c3c1[C]=C([C]=C3O)O)C(=C([C]=[C]2)O[C])O	PDBQT/dock_0433.pdbqt
O1C([C]=[C]C2=c3c(=[C]C(=C12)O)oc1c(c3=O)[C]=[C]C(=[C]1)O)([C])[C]	PDBQT/dock_0434.pdbqt
o1c2=[C]C(=C(C(=c2c(=O)c2c1[C]=[C][C]=C2O)O)O[C])O	PDBQT/dock_0435.pdbqt
o1c2c(C(=C(C3=C([C]=c4oc5c(c(=O)c4=C3O)C(=[C][C]=C5O)O)O)[C]=C2O)O)c(=O)c2=C([C]=C([C]=c12)O)O	PDBQT/dock_0436.pdbqt
O1[C](C(c2c1c(c1oc3=C(C(=[C][C]=c3c(=O)c1c2O)O)O)[C][C]=C([C])[C])([C])[C])[C]	PDBQT/dock_0437.pdbqt
O1C([C]=[C]C2=[C]c3c(oc4=[C]C(=C(C(=c4c3=O)O)C([C])([C])[C]=[C])O)C(=C12)O)([C])[C]	PDBQT/dock_0438.pdbqt
o1c2c([C]=C3O[C]OC3=[C]2)c(=O)c2c1[C]=[C][C]=[C]2	PDBQT/dock_0439.pdbqt
o1c2=[C]C(=[C]C(=c2c(=O)c2=C(C(=[C][C]=c12)O)O[C])O[C])O[C]	PDBQT/dock_0440.pdbqt
ClC1=[C][C]=c2c(=[C]1)oc1=[C]C(=[C][C]=c1c2=O)Cl	PDBQT/dock_0441.pdbqt
o1c2=[C][C]=[C]C(=c2c(=O)c2=[C][C]=[C][C]=c12)OC(=O)[C]	PDBQT/dock_0442.pdbqt
o1c2c(c(=O)c3c1[C]=[C][C]=C3O)C(=[C]C(=C2O)[C])O	PDBQT/dock_0443.pdbqt
o1c2=[C]C(=C([C]=c2c(=O)c2=[C][C]=[C][C]=c12)O)O	PDBQT/dock_0444.pdbqt
o1c2=[C]C(=C([C]=c2c(=O)c2=[C][C]=[C][C]=c12)O)O[C]	PDBQT/dock_0445.pdbqt
O1C([C]=[C]c2c1c(c1oc3c(c(=O)c1c2O)[C]=[C]C(=C3O[C])O)[C][C]=C([C])[C])([C])[C]	PDBQT/dock_0446.pdbqt
o1c2c(c(=O)c3c1[C]=C(C(=[C]3)O)O)C(=C(C(=[C]2)O[C])O[C])O	PDBQT/dock_0447.pdbqt
o1c2=[C]C(=C(C(=c2c(=O)c2=[C]C(=[C][C]=c12)O)O)O[C])O	PDBQT/dock_0448.pdbqt
o1c2c(c(=O)c3c1[C]=[C]C(=[C]3)O[C])C(=C([C]=[C]2)O)O[C]	PDBQT/dock_0449.pdbqt
o1c2c(c(=O)c3c1[C]=C([C]=C3O)O)[C]=[C][C]=C2O[C]	PDBQT/dock_0450.pdbqt
O1[C](C(C2=C(c3c(oc4=C(C5=C([C]=c4c3=O)[C]=[C]C(O5)([C])[C])O)[C]=C12)O)([C])[C])[C]	PDBQT/dock_0451.pdbqt
O1C([C][C]C2=c3c(=[C]C(=C12)O)oc1=[C]C(=C(C(=c1c3=O)O)[C][C]=C([C])[C])O)([C])[C]	PDBQT/dock_0452.pdbqt
o1c2=[C][C]=C([C]=c2c(=O)c2c1[C]=[C]C(=[C]2)O[C][C]N)O[C][C]N	PDBQT/dock_0453.pdbqt
o1c2c(c(=O)c3c1[C]=[C]C(=[C]3)O)C(=C([C]=[C]2)O)O[C]	PDBQT/dock_0454.pdbqt
o1c2=C(C(=C([C]=c2c(=O)c2c1[C]=C(C(=C2O)[C][C]=C([C])[C])O)O)O)[C]/[C]=C(\[C])/[C][C][C]=C([C])[C]	PDBQT/dock_0455.pdbqt
FC1=[C][C]=c2oc3=[C][C]=[C][C]=c3c(=O)c2=[C]1	PDBQT/dock_0456.pdbqt
o1c2C(=C([C]=C(c2c(=O)c2c1C(=C([C]=[C]2)O)O)O)O[C])[C][C]C([C])([C])O	PDBQT/dock_0457.pdbqt
o1c2c(c(c(c(c2O[C])O)O[C])[C][C]=C([C])[C])c(=O)c2=C([C]=[C][C]=c12)O	PDBQT/dock_0458.pdbqt
o1c2=[C]C(=[C]C(=c2c(=O)c2c1[C]=[C]C(=C2C(=O)O)O)O[C])[C]	PDBQT/dock_0459.pdbqt
o1c2c(C(=C(C(=[C]2)O)[C][C]C([C])([C])O[C][C])O)c(=O)c2C(=[C][C]=C(c12)O)[C][C]C([C])([C])O	PDBQT/dock_0460.pdbqt
O1C([C][C]C2=C(c3c(oc4=C([C]=[C]C(=c4c3=O)[C][C]=C([C])[C])O)[C]=C12)O)([C])[C]	PDBQT/dock_0461.pdbqt
o1c2c(c(=O)c3c1[C]=[C]C(=C3C(=O)O)O)C(=[C]C(=[C]2)[C]O)O[C]	PDBQT/dock_0462.pdbqt
o1c2C(=C([C]=C(c2c(=O)c2c1C(=C([C]=[C]2)O)O)O)O[C])C(=[C])[C]([C])[C]	PDBQT/dock_0463.pdbqt
o1c2c(C(=C(C(=[C]2)O)[C]2C([C][C]([C]2)C(=[C])[C])([C])[C])O)c(=O)c2=[C][C]=[C]C(=c12)O	PDBQT/dock_0464.pdbqt
o1c2=C(C(=[C]C(=c2c(=O)c2C(=C([C]=[C]c12)O)[C][C]=C([C])[C])O)O)[C][C]=C([C])[C]	PDBQT/dock_0465.pdbqt
o1c2=[C]C(=[C]C(=c2c(=O)c2c1[C]=[C][C]=C2C(=O)O[C])O)[C]	PDBQT/dock_0466.pdbqt
ClC1=[C][C]=c2c(=O)c3c(c4[C@@]5([C]([C][C]6O[C]Oc(c46)c3oc2=C1O[C])C(=O)C1=C(C5=O)C(=O)NC(=[C]1)[C])O)O	PDBQT/dock_0467.pdbqt
o1c2c(c(c(c(c2O)O)O)[C])c(=O)c2c1[C]=C([C]=C2O)O	PDBQT/dock_0468.pdbqt
o1c2=C([C]=[C][C]=c2c(=O)c2=[C][C]=[C]C(=c12)O)O	PDBQT/dock_0469.pdbqt
o1c2=C(C(=[C]C(=c2c(=O)c2=[C][C]=C(C(=c12)O)O)O)O[C])C([C])([C])[C]=[C]	PDBQT/dock_0470.pdbqt
O1[C]2OC3=[C]C(=c4c(=C3[C]2[C][C]1O)oc1=[C][C]=[C]C(=c1c4=O)O[C])O[C]	PDBQT/dock_0471.pdbqt
O1C([C]=[C]C2=[C]c3c(oc4c(c3=O)C(=C(C(=[C]4)O)[C][C]=C([C])[C])O)C(=C12)O)([C])[C]	PDBQT/dock_0472.pdbqt
o1c2=C(C(=[C]C(=c2c(=O)c2=[C][C]=C(C(=c12)O)O)O)O)C([C])([C])[C]=[C]	PDBQT/dock_0473.pdbqt
o1c2c(C(=C([C]=[C]2)O[C]2O[C]([C]([C]([C]2O)O)O)[C]O)O)c(=O)c2=C([C]=C(C(=c12)O[C])O[C])O	PDBQT/dock_0474.pdbqt
o1c2C3=C([C@]([C]C3=O)(O)C(=O)O[C])C(=[C]c2c(=O)c2=C([C]=C3OC([C]=[C]C3=c12)([C])[C])O)C(=[C])[C]	PDBQT/dock_0475.pdbqt
O1[C]([C](C2=C1[C]=C(c1c2oc2c(c1=O)[C]=[C]C(=C2O)O)O)OC1=C(c2oc3=C4C(=[C]C(=c3c(=O)c2[C]=[C]1)O)OC([C]=[C]4)([C])[C])O)C([C])([C])O	PDBQT/dock_0476.pdbqt
o1c2=C([C]=C(C(=c2c(=O)c2c1[C]=C(C(=C2O)[C][C]=C([C])[C])O)[C][C]=C([C])[C])O)O	PDBQT/dock_0477.pdbqt
BrC1=c2oc3=[C][C]=[C][C]=c3c(=O)c2=C([C]=[C]1)[C]N1[C]=[C]N=[C]1	PDBQT/dock_0478.pdbqt
o1c2=[C]C(=[C][C]=c2c(=O)c2c1[C]=C([C]=[C]2)O[C][C]1O[C]1)O[C][C]1O[C]1	PDBQT/dock_0479.pdbqt
O1[C@@]([C]=[C]C2=c3c(=C([C]=C12)O)oc1=[C][C]=[C]C(=c1c3=O)O)([C])[C][C][C]=C([C])[C]	PDBQT/dock_0480.pdbqt
O1[C]([C](C2=C1[C]=C(c1c2oc2c(c1=O)[C]=[C][C]=C2O)O)OC1=C(c2oc3=C4C(=[C]C(=c3c(=O)c2[C]=[C]1)O)OC([C]=[C]4)([C])[C])O)C([C])([C])O	PDBQT/dock_0481.pdbqt
o1c2c(c(c(c(c2[C][C]=C([C])[C])O)O[C])[C][C]=C([C])[C])c(=O)c2=C(C(=C([C]=c12)O)[C][C]=C([C])[C])O	PDBQT/dock_0482.pdbqt
o1c2c(C(=C(C(=[C]2)O)O)[C])c(=O)c2c1[C]=C([C]=C2O)O	PDBQT/dock_0483.pdbqt
o1c2=C(C(=[C]C(=c2c(=O)c2=C([C]=C([C]=c12)O)O)[C])O)O	PDBQT/dock_0484.pdbqt
o1c2=[C][C]=C(C(=c2c(=O)c2=[C][C]=[C][C]=c12)O[C])O	PDBQT/dock_0485.pdbqt
o1c2c(C(=C([C]=C2O)O)[C]/[C]=C(\[C])/[C][C][C]=C([C])[C])c(=O)c2c1[C]=C(C(=C2O)[C][C]=C([C])[C])O	PDBQT/dock_0486.pdbqt
o1c2c(c(=O)c3c1[C]=C(C(=[C]3)OC(=O)[C])OC(=O)[C])[C]=[C]C(=C2OC(=O)[C])OC(=O)[C]	PDBQT/dock_0487.pdbqt
[C@@]1([C]([C]=C([C][C]1)[C])C1=C(c2oc3=C([C]=[C][C]=c3c(=O)c2C(=[C]1)O)O)O)([C])/[C]=[C]/C1=C(c2oc3=C([C]=[C][C]=c3c(=O)c2C(=[C]1)O)O)O	PDBQT/dock_0488.pdbqt
o1c2=C([C]=C(C(=c2c(=O)c2=C(C(=C([C]=c12)O)[C][C]=C([C])[C])O)[C][C]=C([C])[C])O[C])O[C]	PDBQT/dock_0489.pdbqt
O1[C](C(C2=C1[C]=C(c1c2oc2=C(C(=[C][C]=c2c1=O)O)O)O)([C])[C])[C]	PDBQT/dock_0490.pdbqt
o1c2=C(C(=C([C]=c2c(=O)c2=C([C]=C([C]=c12)O)O)O)O)O	PDBQT/dock_0491.pdbqt
o1c2C(=[C]C(=C(c2c(=O)c2c1C(=[C][C]=C2O)O)O[C])O)C([C])([C])[C]=[C]	PDBQT/dock_0492.pdbqt
o1c2c(c(=O)c3c1[C]=C([C]=[C]3)O)C(=[C][C]=C2O[C])O	PDBQT/dock_0493.pdbqt
O1C([C]=[C]C2=C1[C]=c1oc3=C(C(=C([C]=c3c(=O)c1=C2O)O)O)[C][C]=C([C])[C])([C])[C]	PDBQT/dock_0494.pdbqt
o1c2=C(C(=C([C]=c2c(=O)c2=C(C(=[C][C]=c12)O)O)[C][C]=C([C])[C])O)O[C]	PDBQT/dock_0495.pdbqt
o1c2c(c(=O)c3c1[C]=[C]C(=[C]3)O)C(=C(C(=[C]2)O[C])O[C])O	PDBQT/dock_0496.pdbqt
o1c2c(c(=O)c3c1[C]=[C][C]=[C]3)[C]=C(C(=C2O)O)O[C]	PDBQT/dock_0497.pdbqt
[C@@]1([C]([C]=C([C][C]1)[C])C1=[C]C(=c2c(=C1O)oc1c(c2=O)[C]=[C][C]=C1O)O)([C])/[C]=[C]/C1=C(c2oc3=C([C]=[C][C]=c3c(=O)c2C(=[C]1)O)O)O	PDBQT/dock_0498.pdbqt
o1c2c(c(c(c(c2c(=O)c2c1C(=C([C]=[C]2)O)O)O)[C][C]=C([C])[C])O)[C][C]=C([C])[C]	PDBQT/dock_0499.pdbqt
O1C([C]=[C]C2=C1[C]=c1oc3=C(C(=C([C]=c3c(=O)c1=C2O)O)O[C])[C][C]=C([C])[C])([C])[C]	PDBQT/dock_0500.pdbqt
o1c2=C(C(=[C]C(=c2c(=O)c2=[C][C]=C(C(=c12)O)O)O)O)[C][C]([C][C]=C([C])[C])C(=[C])[C]	PDBQT/dock_0501.pdbqt
O1C([C]=[C]C2=c3oc4=C(C(=[C][C]=c4c(=O)c3=C([C]=C12)O)O)O)([C])[C]	PDBQT/dock_0502.pdbqt
o1c2=C(C(=C([C]=c2c(=O)c2=[C][C]=C(C(=c12)O)O)O)O)O	PDBQT/dock_0503.pdbqt
o1c2=[C]C(=[C]C(=c2c(=O)c2=C([C]=[C]C(=c12)O)O)O)[C]	PDBQT/dock_0504.pdbqt
o1c2=C(C(=C([C]=c2c(=O)c2c1[C]=C(C(=C2C(=O)O)O)O)[C]([C]1[C]OC2=[C]C(=C(C(=C2C1=O)C(=O)O)O)O)O)[C])C(=O)[C]	PDBQT/dock_0505.pdbqt
o1c2c(c(=O)c3=[C][C]=C(C(=c13)O)[C][C]=C([C])[C])C(=[C]C(=C2O)[C][C]=C([C])[C])O	PDBQT/dock_0506.pdbqt
o1c2=C(C(=C([C]=c2c(=O)c2=C(C(=C([C]=c12)O)O)C(=O)O)C(=O)[C])[C]1[C]OC2=C(C1=O)C(=C(C(=[C]2)O)O)C(=O)O)C(=O)[C]	PDBQT/dock_0507.pdbqt
o1c2=C([C]=[C]C(=c2c(=O)c2=[C][C]=[C][C]=c12)O)O	PDBQT/dock_0508.pdbqt
o1c2c(C(=C(C(=[C]2)O)O[C])[C]/[C]=C(/[C])\[C][C][C]=C([C])[C])c(=O)c2c1[C]=C([C]=C2O)O	PDBQT/dock_0509.pdbqt
o1c2=[C][C]=[C]C(=c2c(=O)c2=[C][C]=C([C]=c12)O)O[C]	PDBQT/dock_0510.pdbqt
o1c2=C([C]=[C][C]=c2c(=O)c2=C([C]=C([C]=c12)O)O)[C]	PDBQT/dock_0511.pdbqt
o1c2=C(C(=C([C]=c2c(=O)c2=[C][C]=[C][C]=c12)O)O)O	PDBQT/dock_0512.pdbqt
o1c2=[C]C(=C(C(=c2c(=O)c2=C(C(=C([C]=c12)O)O[C])[C][C]=C([C])[C])O)[C][C](O)C(=[C])[C])O	PDBQT/dock_0513.pdbqt
O1[C](C(C2=C(c3c(oc4=C(C(=[C][C]=c4c3=O)O)O)[C]=C12)O)([C])[C])[C]	PDBQT/dock_0514.pdbqt
o1c2c(C(=C(C(=[C]2)O)C([C])([C])[C]=[C])O)c(=O)c2=[C][C]=C(C(=c12)O)O	PDBQT/dock_0515.pdbqt
O1C([C]2[C](C3=C1[C]=[C]c1oc4c(c(=O)c31)C(=[C]C(=[C]4)O)O)[C]=C([C][C]2)[C])([C])[C]	PDBQT/dock_0516.pdbqt
O1C([C]=[C]C2=C1[C]=[C]c1oc3c(c(=O)c21)C(=C(C(=[C]3)O)[C][C]=C([C])[C])O)([C])[C]	PDBQT/dock_0517.pdbqt
o1c2c(C(=C(C(=[C]2)[C])O[C][C]=C([C])[C])[C]O)c(=O)c2=C([C]=[C]C(=c12)[C][C]=C([C])[C])O	PDBQT/dock_0518.pdbqt
ClC1=[C]c2c(oc3c(c2=O)C(=[C][C]=[C]3)O)[C]=[C]1	PDBQT/dock_0519.pdbqt
o1c2=[C]C(=[C]C(=c2c(=O)c2=[C][C]=[C][C]=c12)O)[C]	PDBQT/dock_0520.pdbqt
o1c2c(c(=O)c3c1[C]=C([C]=C3O)O[C])c(c(c(c2O[C])O[C])O[C])O[C]	PDBQT/dock_0521.pdbqt
O1[C]2OC3=[C]C(=c4c(=C3[C]2[C][C]1)oc1c(c4=O)C(=[C][C]=C1O[C])O)O[C]	PDBQT/dock_0522.pdbqt
O1[C]2OC3=C([C]2[C][C]1)c1oc2c(c(=O)c1C(=[C]3)O[C])C(=[C]C(=C2O[C])O[C])O	PDBQT/dock_0523.pdbqt
O1[C]([C]([C]([C]([C]1OC1=c2c(=C([C]=[C]1)O)oc1=[C]C(=[C]C(=c1c2=O)O)O[C])O)O)O)[C]O[C]1O[C]([C]([C]([C]1O)O)O)[C]O	PDBQT/dock_0524.pdbqt
o1c2c(c(=O)c3c1[C]=[C][C]=C3O)[C]=[C]C(=C2O[C])O	PDBQT/dock_0525.pdbqt
o1c2=[C]C(=C(C(=c2c(=O)c2=[C][C]=[C]C(=c12)O[C])O)O[C])O	PDBQT/dock_0526.pdbqt
o1c2c(c(=O)c3c1C(=C([C]=[C]3)O)O[C])C(=C(C(=[C]2)O)O[C])O	PDBQT/dock_0527.pdbqt
o1c2c(c(=O)c3c1[C]=[C][C]=C3O)C(=[C]C(=[C]2)O[C])O	PDBQT/dock_0528.pdbqt
o1c2c(c(=O)c3c1[C]=[C][C]=[C]3)[C]=[C]C(=C2O[C])O	PDBQT/dock_0529.pdbqt
o1c2c(c(=O)c3c1[C]=[C][C]=[C]3)C(=C([C]=[C]2)O[C])O	PDBQT/dock_0530.pdbqt
o1c2c(c(c(c(c2O[C])O)O[C])O[C])c(=O)c2=[C][C]=[C][C]=c12	PDBQT/dock_0531.pdbqt
o1c2=[C]C(=C([C]=c2c(=O)c2=[C][C]=[C][C]=c12)O[C])O	PDBQT/dock_0532.pdbqt
ClC1=c2oc3=[C]C(=[C]C(=c3c(=O)c2=C([C]=C1O)[C])O)O[C]	PDBQT/dock_0533.pdbqt
o1c2c(c(=O)c3c1[C]=C([C]=C3O)O[C])[C]=[C]C(=C2O[C])O[C]	PDBQT/dock_0534.pdbqt
o1c2=C([C]=[C]C(=c2c(=O)c2c1[C]=C([C]=C2O)O[C])O[C])O[C]	PDBQT/dock_0535.pdbqt
o1c2c(c(=O)c3c1[C]=C([C]=C3O)O[C])C(=[C]C(=[C]2)O)[C]	PDBQT/dock_0536.pdbqt
o1c2c(C(=C(C(=[C]2)O)[C])O)c(=O)c2c1[C]=[C][C]=[C]2	PDBQT/dock_0537.pdbqt
ClC1=C([C]=c2oc3=[C]C(=[C]C(=c3c(=O)c2=C1[C])O)O)O	PDBQT/dock_0538.pdbqt
o1c2c(c(=O)c3c1[C]=C(C(=[C]3)O[C])O)C(=C([C]=[C]2)O)O[C]	PDBQT/dock_0539.pdbqt
O1C([C]=[C]C2=C1[C]=c1oc3c(C(=C(C(=[C]3)O)O[C])[C]/[C]=C(\[C])/[C][C][C]=C([C])[C])c(=O)c1=C2O)([C])[C]	PDBQT/dock_0540.pdbqt
o1c2c(C(=[C][C]=C2O)[C][C]C([C])([C])O)c(=O)c2c1[C]=C(C(=C2O)[C][C]=C([C])[C])O	PDBQT/dock_0541.pdbqt
o1c2c(c(=O)c3c1[C]=[C][C]=C3O)[C]=C(C(=C2O[C])O)/[C]=[C]/C(=[C])[C]	PDBQT/dock_0542.pdbqt
o1c2=[C][C]=C(C(=c2c(=O)c2=C([C]=C([C]=c12)O)O)O[C])O	PDBQT/dock_0543.pdbqt
o1c2c(C(=C(C(=[C]2)O[C])O[C])O[C])c(=O)c2c1[C]=[C]C(=[C]2)O	PDBQT/dock_0544.pdbqt
o1c2=[C]C(=C(C(=c2c(=O)c2C(=C(C(=[C]c12)O)O[C])/[C]=[C]/C([C])([C])O)O)[C][C]=C([C])[C])O[C]	PDBQT/dock_0545.pdbqt
o1c2c(C(=C(C(=[C]2)O)O[C]2O[C]([C]([C]([C]2O)O)O)[C]O)O)c(=O)c2=[C]C(=C([C]=c12)O)O	PDBQT/dock_0546.pdbqt
o1c2C(=C([C]=C(c2c(=O)c2c1[C]=C(C(=[C]2)O)O)O)O)[C]1O[C]([C]([C]([C]1O)O)O)[C]O	PDBQT/dock_0547.pdbqt
o1c2=[C]C(=C([C]=c2c(=O)c2=C([C]=C([C]=c12)O[C])O)O[C])O[C]	PDBQT/dock_0548.pdbqt
o1c2=[C]C(=C(C(=c2c(=O)c2=[C][C]=[C]C(=c12)O[C])O)O[C])O[C]	PDBQT/dock_0549.pdbqt
o1c2c(c(=O)c3c1[C]=[C]C(=[C]3)O[C])c(c(c(c2O[C])O[C])O[C])O	PDBQT/dock_0550.pdbqt
o1c2c(c(=O)c3c1C(=[C][C]=[C]3)O[C])c(c(c(c2O[C])O[C])O[C])O	PDBQT/dock_0551.pdbqt
o1c2c(c(=O)c3c1[C]=C([C]=C3O)O[C])[C]=C(C(=C2O[C])O)O[C]	PDBQT/dock_0552.pdbqt
o1c2c(C(=C3O[C]OC3=[C]2)O)c(=O)c2=[C]C(=[C][C]=c12)O	PDBQT/dock_0553.pdbqt
o1c2=[C]C(=C(C(=c2c(=O)c2=[C][C]=[C][C]=c12)O)O[C])O	PDBQT/dock_0554.pdbqt
o1c2=[C]C(=[C]C(=c2c(=O)c2c1[C]=C(C(=[C]2)[C])[C])O[C]1O[C]([C]([C]([C]1O)O)O)[C]O)O	PDBQT/dock_0555.pdbqt
o1c2=C(C(=[C]C(=c2c(=O)c2c1C(=[C][C]=[C]2)O[C])O)O)O[C]	PDBQT/dock_0556.pdbqt
o1c2c(C(=C(C(=[C]2)O[C])[C][C]=C([C])[C])O)c(=O)c2c1[C]=C(C(=[C]2)O[C])O	PDBQT/dock_0557.pdbqt
o1c2[C]=C(C(=[C]c2c(=O)c2c1[C]=C([C]=C2O)O)O)O[C]1O[C]([C]([C]([C]1O)O)O)[C]O	PDBQT/dock_0558.pdbqt
o1c2C(=C([C]=C(c2c(=O)c2c1[C]=[C]C(=[C]2)O)O)O)[C]1O[C]([C]([C]([C]1O)O)O)[C]O	PDBQT/dock_0559.pdbqt
o1c2=[C]C(=C([C]=c2c(=O)c2=C([C]=C([C]=c12)O)O)O)O[C]	PDBQT/dock_0560.pdbqt
o1c2=C(C(=[C][C]=c2c(=O)c2=C([C]=C([C]=c12)O[C])O)O)O[C]	PDBQT/dock_0561.pdbqt
O1C([C]=[C]C2=C1c1oc3=[C][C]=[C]C(=c3c(=O)c1[C]=[C]2)O)([C])[C]	PDBQT/dock_0562.pdbqt
o1c2c(c(=O)c3c1[C]=C(C(=[C]3)O)O)C(=[C]C(=[C]2)O[C])O	PDBQT/dock_0563.pdbqt
o1c2=[C]C(=[C][C]=c2c(=O)c2=[C]C(=[C][C]=c12)O[C][C]O)c1n[nH]nn1	PDBQT/dock_0564.pdbqt
o1c2=C(C(=C([C]=c2c(=O)c2=[C][C]=[C][C]=c12)O[C])O[C])O[C]	PDBQT/dock_0565.pdbqt
o1c2=[C][C]=C([C]=c2c(=O)c2=[C][C]=[C][C]=c12)O[C][C][C][C]C(=O)O	PDBQT/dock_0566.pdbqt
o1c2c(c(=O)c3c1[C]=[C][C]=[C]3)[C]=C([C]=[C]2)C(F)(F)F	PDBQT/dock_0567.pdbqt
o1c2c(c(=O)c3c1[C]=[C]C(=[C]3)N(=O)=O)[C]=C([C]=C2N(=O)=O)N(=O)=O	PDBQT/dock_0568.pdbqt
O1C([C]=[C]c2c3oc4c(c(=O)c3c(c(c12)O)[C][C]=C([C])[C])C(=C1C(=[C]4)OC([C]=[C]1)([C])[C])O)([C])[C]	PDBQT/dock_0569.pdbqt
O1C([C]=[C]c2c1c(c(c1c2oc2=C([C]=[C][C]=c2c1=O)O)O)[C][C]=C([C])[C])([C])[C]	PDBQT/dock_0570.pdbqt
o1c2c(C(=C(C(=[C]2)O[C])O[C])O[C])c(=O)c2c1[C]=[C][C]=[C]2	PDBQT/dock_0571.pdbqt
O1C([C]=[C]C2=C1c1oc3c(c(=O)c1[C]=[C]2)[C]=[C][C]=[C]3)([C])[C]	PDBQT/dock_0572.pdbqt
o1c2=[C][C]=C([C]=c2c(=O)c2c1[C]=[C]C(=[C]2)O[C][C]N([C])[C])O[C][C]N([C])[C]	PDBQT/dock_0573.pdbqt
o1c2=[C][C]=[C]C(=c2c(=O)c2=[C][C]=[C][C]=c12)[C]	PDBQT/dock_0574.pdbqt
O1C([C]=[C]C2=c3c(=[C][C]=C12)oc1=[C]C2=C(C(=c1c3=O)O)[C]=[C]C(O2)([C])[C])([C])[C]	PDBQT/dock_0575.pdbqt
o1c2c(c(=O)c3=[C][C]=[C][C]=c13)[C]=C(C(=C2O)O[C])O[C]	PDBQT/dock_0576.pdbqt
o1c2c(c(=O)c3c1C(=[C][C]=[C]3)O)C(=[C]C(=[C]2)O[C])O[C]	PDBQT/dock_0577.pdbqt
BrC1=[C]c2c(oc3c(c2=O)[C]=C(Br)[C]=[C]3)[C]=[C]1	PDBQT/dock_0578.pdbqt
O1[C]([C]C2=C1[C]=C(c1c2oc2c(c1=O)[C]=[C][C]=C2O)O[C])[C@@]([C])(O)[C]O	PDBQT/dock_0579.pdbqt
ClC1=[C][C]=c2c(=[C]1)oc1=[C][C]=C([C]=c1c2=O)O[C]	PDBQT/dock_0580.pdbqt
o1c2=C([C]=[C]C(=c2c(=O)c2=[C]C(=[C][C]=c12)O)N[C][C]N([C][C])[C][C])[C]O	PDBQT/dock_0581.pdbqt
o1c2=C([C]=[C]C(=c2c(=O)c2c1[C]=[C]C(=[C]2)OS([O])([O])C1=[C][C]=C([C]=[C]1)[C])N[C][C]N([C][C])[C][C])[C]O	PDBQT/dock_0582.pdbqt
o1c2c(C(=[C][C]=[C]2)N[C][C]N([C][C])[C][C])c(=O)c2c1[C]=[C]C(=[C]2)O	PDBQT/dock_0583.pdbqt
o1c2=C([C]=[C]C(=c2c(=O)c2=[C]C(=[C][C]=c12)O)N[C][C]N([C])[C])[C]O	PDBQT/dock_0584.pdbqt
o1c2c(C(=[C][C]=[C]2)N[C][C]N([C])[C])c(=O)c2c1[C]=[C]C(=[C]2)O	PDBQT/dock_0585.pdbqt
o1c2=C([C]=[C]C(=c2c(=O)c2=[C][C]=[C][C]=c12)N[C][C]N([C][C])[C][C])[C]O	PDBQT/dock_0586.pdbqt
o1c2c(C3=C([C]=[C]2)[C]=[C][C]=[C]3)c(=O)c2C3=C([C]=[C]c12)[C]=[C][C]=[C]3	PDBQT/dock_0587.pdbqt
ClC1=[C][C]=c2oc3=[C][C]=[C][C]=c3c(=O)c2=[C]1	PDBQT/dock_0588.pdbqt
o1c2=C([C]=[C][C]=c2c(=O)c2=[C][C]=[C][C]=c12)[C]	PDBQT/dock_0589.pdbqt
o1c2C(=C([C]=[C]c2c(=O)c2=[C][C]=[C][C]=c12)O[C])[C]N1[C][C]O[C][C]1	PDBQT/dock_0590.pdbqt
o1c2=C(C(=[C][C]=c2c(=O)c2c1[C]=[C][C]=[C]2)O[C])[C]N([C][C])[C][C]	PDBQT/dock_0591.pdbqt
O1[C@]2(N([C][C]1)C(=O)C1=C([C]2)[C]=C2C(=C1OC(=O)[C])c1c([C]=[C]2)c(c2oc3c(c(=O)c2c1OC(=O)[C])[C]=C(C(=[C]3)O[C])O[C])OC(=O)[C])[C]	PDBQT/dock_0592.pdbqt
o1c2c(c(=O)c3c1[C]=[C]C(=[C]3)O[C])[C]=C([C]=[C]2)C(=O)O	PDBQT/dock_0593.pdbqt
o1c2c(C(=[C][C]=C2[C])N[C][C]N([C][C])[C][C])c(=O)c2c1[C]=[C][C]=[C]2	PDBQT/dock_0594.pdbqt
O1C([C]=[C]c2c1c(c1oc3=C([C]=[C][C]=c3c(=O)c1c2O)O)[C][C]=C([C])[C])([C])[C]	PDBQT/dock_0595.pdbqt
o1c2c(c(=O)c3=[C][C]=[C][C]=c13)C(=[C][C]=[C]2)O[C][C]	PDBQT/dock_0596.pdbqt
o1c2=[C][C]=C([C]=c2c(=O)c2c1[C]=[C]C(=[C]2)O[C])c1n[nH]nn1	PDBQT/dock_0597.pdbqt
o1c2=[C]C(=[C][C]=c2c(=O)c2=[C]C(=[C][C]=c12)O[C][C])c1n[nH]nn1	PDBQT/dock_0598.pdbqt
o1c2c(c(=O)c3c1[C]=[C]C(=[C]3)O[C])C(=[C]C(=[C]2)O[C])O[C]	PDBQT/dock_0599.pdbqt
o1c2c(c(=O)c3c1[C]=[C]C(=[C]3)C(=O)[C])[C]=C([C]=[C]2)C(=O)[C]O	PDBQT/dock_0600.pdbqt
FC1=[C][C]=c2oc3c([C]=C([C]=[C]3)S(=O)(=O)N([C])[C]C(=O)O)c(=O)c2=[C]1	PDBQT/dock_0601.pdbqt
O1[C]([C]C2=c3oc4=C([C]=[C][C]=c4c(=O)c3=C([C]=C12)O[C])O)[C@@]([C])(O)[C]Cl	PDBQT/dock_0602.pdbqt
o1c2c(c(=O)c3=[C][C]=C([C]=c13)O[C][C]N([C])[C])[C]=[C]C(=[C]2)O[C][C]N([C])[C]	PDBQT/dock_0603.pdbqt
o1c2c(c(=O)c3c1[C]=[C]C(=[C]3)S[C])[C]=C([C]=[C]2)C(=O)O	PDBQT/dock_0604.pdbqt
o1c2=[C][C]=C([C]=c2c(=O)c2=[C]C(=[C][C]=c12)C(=O)O)O[C]([C])[C]	PDBQT/dock_0605.pdbqt
o1c2c(c(=O)c3c1[C]=[C]C(=[C]3)C(=O)O)[C]=C([C]=[C]2)[S@@](=O)[C]	PDBQT/dock_0606.pdbqt
O1C([C]=[C]C2=[C]C(=c3c(=C12)oc1=C(C(=[C][C]=c1c3=O)[C][C]=C([C])[C])O)O)([C])[C]	PDBQT/dock_0607.pdbqt
o1c2c(C(=C([C]=C2O)[C][C]=C([C])[C])O)c(=O)c2c1[C]=C([C]=C2O)O[C]	PDBQT/dock_0608.pdbqt
o1c2=[C]C(=C(C(=c2c(=O)c2=C([C]=C([C]=c12)O[C])O)[C][C]=C([C])[C])O[C])O	PDBQT/dock_0609.pdbqt
O1C([C][C]C2=c3c(=[C]C(=C12)O)oc1=[C]C2=C(C(=c1c3=O)O)[C]=[C][C@](O2)([C])/[C]=[C]/[C]=C([C])[C])([C])[C]	PDBQT/dock_0610.pdbqt
o1c2c(c(c(c(c2[C][C]=C([C])[C])O)O)[C][C]C([C])([C])O)c(=O)c2c1[C]=C1OC([C]=[C]C1=C2O)([C])[C]	PDBQT/dock_0611.pdbqt
O1C([C][C]C2=C(c3c(oc4c(c(c(c(c4[C][C]=C([C])[C])O)O)[C][C]C([C])([C])O)c3=O)[C]=C12)O)([C])[C]	PDBQT/dock_0612.pdbqt
o1c2c(c(=O)c3=C([C]=C(C(=c13)O)O)[C][C]=C([C])[C])C(=[C]C(=C2[C][C]=C([C])[C])O[C])O	PDBQT/dock_0613.pdbqt
o1c2c([C]=C([C]=[C]2)O[C]2[C][C][C]([C][C]2)C(=O)O)c(=O)c2=[C][C]=[C][C]=c12	PDBQT/dock_0614.pdbqt
o1c2c([C]=C([C]=[C]2)O[C]2[C][C][C]([C][C]2)[C]C(=O)O)c(=O)c2=[C][C]=[C][C]=c12	PDBQT/dock_0615.pdbqt
o1c2c([C]=C([C]=[C]2)O[C][C][C][C][C][C]C(=O)O)c(=O)c2c1[C]=[C][C]=[C]2	PDBQT/dock_0616.pdbqt
O1C([C]=[C]C2=C1[C]=c1oc3c(c(=O)c1=C2O[C]/[C]=[C]/C(=O)O[C][C])C(=C(C(=[C]3)O[C]C1=[C][C]=C(F)[C]=[C]1)O[C])[C][C]=C([C])[C])([C])[C]	PDBQT/dock_0617.pdbqt
O1C([C]=[C]C2=C(c3c(oc4=[C]C(=C(C(=c4c3=O)[C][C]=C([C])[C])O[C])O[C]C3=[C][C]=[C]C(=[C]3)F)[C]=C12)O[C]/[C]=[C]/C(=O)O[C][C])([C])[C]	PDBQT/dock_0618.pdbqt
O1C([C]=[C]C2=C1[C]=c1oc3=[C]C(=C(C(=c3c(=O)c1=C2O[C]/[C]=[C]/C(=O)O)[C][C]=C([C])[C])O[C])O[C]C1=[C][C]=[C]C(=[C]1)F)([C])[C]	PDBQT/dock_0619.pdbqt
O1C([C]=[C]C2=C1[C]=c1oc3c(c(=O)c1=C2O[C][C][C]C(=O)O)C(=C(C(=[C]3)O)O[C])[C][C]=C([C])[C])([C])[C]	PDBQT/dock_0620.pdbqt
O1C([C]=[C]C2=C1[C]=c1oc3c(c(=O)c1=C2O[C]/[C]=[C]/C(=O)O)C(=C(C(=[C]3)O[C][C])O[C])[C][C]=C([C])[C])([C])[C]	PDBQT/dock_0621.pdbqt
O1C([C]=[C]C2=C1[C]=c1oc3c(c(=O)c1=C2O[C][C][C][C]C(=O)O)C(=C(C(=[C]3)O)O[C])[C][C]=C([C])[C])([C])[C]	PDBQT/dock_0622.pdbqt
O1C([C]=[C]C2=C1[C]=c1oc3c(c(=O)c1=C2O[C]/[C]=[C]/C(=O)O)C(=C(C(=[C]3)O[C]C1=[C][C]=[C]C(=[C]1)O[C])O[C])[C][C]=C([C])[C])([C])[C]	PDBQT/dock_0623.pdbqt
O1C([C]=[C]C2=C1[C]=c1oc3c(c(=O)c1=C2O[C]/[C]=[C]/C(=O)O)C(=C(C(=[C]3)O[C])O[C])[C][C]=C([C])[C])([C])[C]	PDBQT/dock_0624.pdbqt
O1C([C]=[C]C2=C1[C]=c1oc3c(c(=O)c1=C2O[C]C(=O)O)C(=C(C(=[C]3)O)O[C])[C][C]=C([C])[C])([C])[C]	PDBQT/dock_0625.pdbqt
O1[C]([C]([C]([C]([C]1OC1=C(c2c(oc3c(c2=O)C(=[C]C(=[C]3)O[C])O)[C]=[C]1)O)O)O)O)[C]O[C]1O[C][C]([C]([C]1O)O)O	PDBQT/dock_0626.pdbqt
O1C([C]=[C]C2=C(c3c(oc4=[C]C(=C(C(=c4c3=O)[C][C]=C([C])[C])O[C])O[C]C3=[C][C]=C([C]=[C]3)F)[C]=C12)O[C]/[C]=[C]\C(=O)O)([C])[C]	PDBQT/dock_0627.pdbqt
O1C([C]=[C]C2=C1[C]=c1oc3c(c(=O)c1=C2O[C]/[C]=[C]/C(=O)O)C(=C(C(=[C]3)O[C]C1=[C][C]=C(F)[C]=[C]1)O[C])[C][C]=C([C])[C])([C])[C]	PDBQT/dock_0628.pdbqt
O1C([C]=[C]C2=C1[C]=c1oc3c(c(=O)c1=C2O[C]/[C]=[C]/C(=O)O)C(=C(C(=[C]3)O)O[C])[C][C]=C([C])[C])([C])[C]	PDBQT/dock_0629.pdbqt
o1c2=C([C]=C(C(=c2c(=O)c2=[C][C]=[C]C(=c12)O)O)[C])O	PDBQT/dock_0630.pdbqt
N1(N=C([C]=[C]1)[C][C]NC(=O)[C](NC(=O)[C]([N]([C])([C])[C])[C]C1=[C][C]=[C][C]=[C]1)[C]C1=[C][C]=[C][C]=[C]1)C1=C(c2c(oc3c(c2=O)C(=[C]C(=C3Cl)[C])O)[C]=C1O)C(=O)O[C]	PDBQT/dock_0631.pdbqt
N1(N=C([C]=[C]1)[C][C]NC(=O)[C](NC(=O)[C]([N]([C])([C])[C])[C]C1=[C][C]=[C][C]=[C]1)[C]C1=[C][C]=[C][C]=[C]1)C1=C(c2c(oc3c(c2=O)C(=C(Cl)C(=[C]3)[C])O)[C]=C1O)C(=O)O[C]	PDBQT/dock_0632.pdbqt
N1(N=C([C]=[C]1)[C][C]NC(=O)[C](NC(=O)[C]([N]([C])([C])[C])[C]C1=[C][C]=[C][C]=[C]1)[C]C1=[C][C]=[C][C]=[C]1)C1=C(c2c(oc3c(c2=O)c(c(Cl)c(c3Cl)[C])O)[C]=C1O)C(=O)O[C]	PDBQT/dock_0633.pdbqt
O1[C]2OC3=[C]C(=c4c(=C3[C]2[C][C]1O[C][C][C][C])oc1=[C][C]=[C]C(=c1c4=O)O)O[C]	PDBQT/dock_0634.pdbqt
O1[C]2OC3=[C]C(=c4c(=C3[C]2[C][C]1O[C][C][C][C])oc1=[C][C]=[C]C(=c1c4=O)O)O[C]	PDBQT/dock_0635.pdbqt
O1[C]2OC3=C([C]([C]2)[C]1O[C])c1oc2c(c(=O)c1C(=[C]3)O[C])C(=[C][C]=[C]2)O	PDBQT/dock_0636.pdbqt
o1c2=[C]C(=[C]C(=c2c(=O)c2=C([C]=C([C]=c12)O)[C]C(=O)[C])[C]C(=O)[C][C]([C])O)O	PDBQT/dock_0637.pdbqt
o1c2=[C]C(=[C]C(=c2c(=O)c2=C([C]=C([C]=c12)O)[C])[C]C(=O)[C][C]([C])O)O	PDBQT/dock_0638.pdbqt
o1c2=C(C(=[C]C(=c2c(=O)c2=C(C(=C([C]=c12)O)O)O)[C])O)O	PDBQT/dock_0639.pdbqt
o1c2c(c(=O)c3c1[C]=[C][C]=C3C(=O)O[C])C(=[C]C(=[C]2)[C]OC(=O)[C])O	PDBQT/dock_0640.pdbqt
o1c2c(c(=O)c3c1[C]=C([C]=C3O)[C]=O)C(=C([C]=[C]2)O)C(=O)O[C]	PDBQT/dock_0641.pdbqt
O1[C][C]([C](C2=c3c(=[C]C(=C12)[C])oc1C(=[C][C]=C(c1c3=O)O)[C](OC(=O)[C])[C](O)C([C])([C])O)O)C(=[C])[C]	PDBQT/dock_0642.pdbqt
ClC1=[C][C]=c2c(=O)c3c(c4c5[C](O[C]Oc5c3oc2=C1O[C])[C]C1=C4C(=O)C2=C(C1=O)[C]=C(NC2=O)[C])O	PDBQT/dock_0643.pdbqt
O1[C][C]([C](C2=C1C(=[C]c1oc3c(c(=O)c21)C(=[C][C]=C3[C](O)[C](O)C(=[C])[C])O)[C])O)C(=[C])[C]	PDBQT/dock_0644.pdbqt
O1[C][C]([C](C2=c3c(=[C]C(=C12)[C])oc1c(c3=O)C(=[C][C]=C1[C](O)[C](O)C(=[C])[C])O)OC(=O)[C])C(=[C])[C]	PDBQT/dock_0645.pdbqt
O1[C][C]([C](C2=c3c(=[C]C(=C12)[C])oc1C(=[C][C]=C(c1c3=O)O)[C](O[C])[C](OC(=O)[C])C([C])([C])O)O)C(=[C])[C]	PDBQT/dock_0646.pdbqt
O1[C][C]([C](C2=c3c(=[C]C(=C12)[C])oc1C(=[C][C]=C(c1c3=O)O)[C](O[C])[C](OC(=O)[C])C([C])([C])O)OC(=O)[C])C(=[C])[C]	PDBQT/dock_0647.pdbqt
O1[C][C]([C](C2=c3c(=[C]C(=C12)[C])oc1C(=[C][C]=C(c1c3=O)O)[C](O)[C](O)C([C])([C])O)O)C(=[C])[C]	PDBQT/dock_0648.pdbqt
O1[C][C]([C](C2=c3c(=[C]C(=C12)[C])oc1C(=[C][C]=C(c1c3=O)O)[C](O)[C](O)C([C])([C])O)OC(=O)[C])C(=[C])[C]	PDBQT/dock_0649.pdbqt
O1[C][C]([C](C2=C1C(=[C]c1oc3=C([C]=[C]C(=c3c(=O)c21)O)[C](O[C])[C](O)C([C])([C])O)[C])O)C(=[C])[C]	PDBQT/dock_0650.pdbqt
O1[C][C]([C](C2=c3c(=[C]C(=C12)[C])oc1C(=[C][C]=C(c1c3=O)O)[C](O[C])[C](O)C([C])([C])O)OC(=O)[C])C(=[C])[C]	PDBQT/dock_0651.pdbqt
o1c2=C(C(=C([C]=c2c(=O)c2=C([C]=[C][C]=c12)O)[C])O)C(=O)O[C]	PDBQT/dock_0652.pdbqt
o1c2c(c(c(c(c2c(=O)c2c1[C]=[C][C]=C2[C]O)O)C([C])([C])[C]=[C])[C])[C][C]=C([C])[C]	PDBQT/dock_0653.pdbqt
o1c2c(c(c(c(c2c(=O)c2c1[C]=[C][C]=C2[C]O)O)[C][C]=C([C])[C])[C])[C][C]=C([C])[C]	PDBQT/dock_0654.pdbqt
o1c2=C(C(=[C][C]=c2c(=O)c2c1[C]=[C]C1=C2C(=[C]C(=[C]1)[C])O)[C]1O[C]([C]([C][C]1)N([C])[C])[C])O	PDBQT/dock_0655.pdbqt
o1c2c(C(=C(C(=[C]2)[C])[C][C](O)C([C])([C])O)O)c(=O)c2=C([C]=[C][C]=c12)[C]O	PDBQT/dock_0656.pdbqt
o1c2c(c3[C][C]C4=[C]C5=C(C(=C4c3c(c2c(=O)c2c1[C]=C(C(=[C]2)O)O[C])O)O)C(=O)NC(=[C]5)[C])O	PDBQT/dock_0657.pdbqt
o1c2c(c3c(C4=C([C][C]3)[C]=C3C(=C4O)C(=O)N(C(=[C]3)[C])[C][C]O)c(c2c(=O)c2=[C]C(=C([C]=c12)O[C])O)O)O	PDBQT/dock_0658.pdbqt
o1c2[C]=C([C]=C(c2c(=O)c2c1[C]=C([C]=C2O)O)[C])O[C]1O[C]([C]([C]([C]1O)O)O[C])[C]O	PDBQT/dock_0659.pdbqt
o1c2=[C]C(=C(C(=c2c(=O)c2=C([C]=C([C]=c12)O)O)[C][C][C@@]([C])(O)[C][C]/[C]=C(\[C])/[C][C][C]=C([C])[C])O)O	PDBQT/dock_0660.pdbqt
o1c2=C(C(=C([C]=c2c(=O)c2=C([C]=C([C]=c12)O)O)O)O[C])O[C]	PDBQT/dock_0661.pdbqt
o1c2c(c(=O)c3c1C(=[C][C]=[C]3)O)C(=C(C(=[C]2)O)O[C])O[C]	PDBQT/dock_0662.pdbqt
o1c2c(C(=[C]C(=[C]2)O[C][C][C][C][C]N2[C][C][C][C][C]2)O)c(=O)c2c1[C]=[C][C]=[C]2	PDBQT/dock_0663.pdbqt
o1c2c(C(=C(C(=[C]2)O)[C][C](O)C(=[C])[C])O)c(=O)c2C(=C(C(=[C]c12)O)O[C])[C][C]=C([C])[C]	PDBQT/dock_0664.pdbqt
O1[C]([C]C2=C1[C]=c1oc3c(c(=O)c1=C2O)C(=C([C]=[C]3)O)[C][C]=C([C])[C])C([C])([C])O	PDBQT/dock_0665.pdbqt
O1[C]([C](C2=c3c(=[C][C]=C12)oc1=[C]C(=C(C(=c1c3=O)O)[C][C]=C([C])[C])O)O)C([C])([C])O	PDBQT/dock_0666.pdbqt
o1c2=C(C(=[C]C(=c2c(=O)c2=[C][C]=C([C]=c12)O[C])[C])O[C])O[C]	PDBQT/dock_0667.pdbqt
o1c2c(C(=[C]C(=C2O[C])O[C])[C])c(=O)c2c1[C]=[C][C]=[C]2	PDBQT/dock_0668.pdbqt
O1C([C]=[C]C2=C(c3c(oc4c(C(=C(C(=[C]4)O[C]C(=O)O[C][C])O[C])[C][C]=C([C])[C])c3=O)[C]=C12)O)([C])[C]	PDBQT/dock_0669.pdbqt
FC1=[C][C]=c2oc3c([C]=C([C]=C3C3=[C][C]=[C][C]=[C]3)C(=O)C3=C([C]=[C]C(=[C]3)F)O)c(=O)c2=[C]1	PDBQT/dock_0670.pdbqt
O1C([C]=[C]C2=C1[C]=c1oc3c(C(=C(C(=[C]3)O[C][C][C][C][C][C][C][C]C(=O)O)O[C])[C][C]=C([C])[C])c(=O)c1=C2O)([C])[C]	PDBQT/dock_0671.pdbqt
O1C([C]=[C]C2=C1[C]=c1oc3c(C(=C(C(=[C]3)O[C]C(=O)O)O[C])[C][C]=C([C])[C])c(=O)c1=C2O)([C])[C]	PDBQT/dock_0672.pdbqt
O1C([C]=[C]C2=C(c3c(oc4c(C(=C(C(=[C]4)O[C][C][C][C][C]C(=O)O)O[C])[C][C]=C([C])[C])c3=O)[C]=C12)O)([C])[C]	PDBQT/dock_0673.pdbqt
O1C([C]=[C]C2=C(c3c(oc4c(C(=C(C(=[C]4)O[C][C][C]C(=O)O)O[C])[C][C]=C([C])[C])c3=O)[C]=C12)O)([C])[C]	PDBQT/dock_0674.pdbqt
O1C([C]=[C]C2=C(c3c(oc4c(C(=C(C(=[C]4)O[C][C][C][C][C][C][C]C(=O)O)O[C])[C][C]=C([C])[C])c3=O)[C]=C12)O)([C])[C]	PDBQT/dock_0675.pdbqt
O1C([C]=[C]C2=C(c3c(oc4c(C(=C(C(=[C]4)O[C][C][C][C]C(=O)O)O[C])[C][C]=C([C])[C])c3=O)[C]=C12)O)([C])[C]	PDBQT/dock_0676.pdbqt
o1c2=[C]C(=[C]C(=c2c(=O)c2=C([C]=C([C]=c12)O)O)[C]O)C(=O)O	PDBQT/dock_0677.pdbqt
o1c2=[C]C(=[C]C(=c2c(=O)c2=C([C]=C([C]=c12)O)O)[C]O)[C]O	PDBQT/dock_0678.pdbqt
o1c2c(C(=[C]C(=C2C(=O)O[C][C](O)[C]O)[C])C(=O)O)c(=O)c2c1[C]=C([C]=C2O)O	PDBQT/dock_0679.pdbqt
o1c2c(C(=[C]C(=C2C(=O)O[C][C](O)[C]O)[C])C(=O)O[C])c(=O)c2c1[C]=C([C]=C2O)O	PDBQT/dock_0680.pdbqt
o1c2=[C]C(=[C]C(=c2c(=O)c2=C(C(=C([C]=c12)O)O)C(=O)O[C])O)[C]O	PDBQT/dock_0681.pdbqt
O1[C][C]([C](C2=C1C(=[C]c1oc3c(c(=O)c21)C(=[C][C]=C3[C][C](O)C(=[C])[C])O)[C])OC(=O)[C])C(=[C])[C]	PDBQT/dock_0682.pdbqt
O1[C]2OC3=C([C]2[C][C]1O[C])c1oc2c(c(=O)c1C(=[C]3)O[C])C(=[C][C]=[C]2)O	PDBQT/dock_0683.pdbqt
ClC1=[C]C(=C(c2c1oc1c(c2=O)C(=[C]C(=[C]1)C(=O)O[C])O)C(=O)O)O	PDBQT/dock_0684.pdbqt
ClC1=C([C]=C(c2c1oc1c(c2=O)C(=[C]C(=[C]1)[C])O)C(=O)O[C])O	PDBQT/dock_0685.pdbqt
O1[C]([C](c2c1c1oc3c(C(=C(C(=[C]3)O)[C])[C]([C])[C]([C])O)c(=O)c1c(c2[C])O)[C])[C]	PDBQT/dock_0686.pdbqt
o1c2=[C]C(=C(C(=c2c(=O)c2c1[C]=[C][C]=C2O[C])[C]O)O)[C]	PDBQT/dock_0687.pdbqt
o1c2=[C]C(=C(C(=c2c(=O)c2=C(C(=[C][C]=c12)O[C])O[C])[C]O)O)[C]	PDBQT/dock_0688.pdbqt
Clc1c(c2c(oc3c(c2=O)c(c(Cl)c(c3Cl)O)O)c(c1O)O[C])[C]	PDBQT/dock_0689.pdbqt
o1c2c(c(=O)c3c1C(=[C][C]=[C]3)O)[C]=C([C]=C2O)[C]	PDBQT/dock_0690.pdbqt
o1c2c(C(=C(C(=[C]2)[C])OC([C])([C])[C]2O[C]2)C(=O)[C][C])c(=O)c2=C([C]=[C][C]=c12)O	PDBQT/dock_0691.pdbqt
O1C([C]=[C]C2=C(c3c(oc4c(C(=C(C(=[C]4)O[C][C][C][C][C][C]C(=O)O)O[C])[C][C]=C([C])[C])c3=O)[C]=C12)O)([C])[C]	PDBQT/dock_0692.pdbqt
o1c2=C(C(=C([C]=c2c(=O)c2c1[C]=C([C]=C2O)O)[C]/[C]=C(\[C])/[C][C][C]=C([C])[C])O)O	PDBQT/dock_0693.pdbqt
o1c2c(C(=[C]C(=C2O[C])O[C])[C](Br)Br)c(=O)c2=[C][C]=[C][C]=c12	PDBQT/dock_0694.pdbqt
o1c2c(c(=O)c3c1[C]=[C][C]=[C]3)C(=[C]C(=C2O[C])O[C])[C]=O	PDBQT/dock_0695.pdbqt
O1[C@]2(N([C][C]1)C(=O)C1=C(C3=C([C]=C1[C]2)[C]=[C]c1c3c(c2c(oc3=[C]C(=C([C]=c3c2=O)O)O[C])c1O)O)O)[C]	PDBQT/dock_0696.pdbqt
O1[C@]2(N([C][C]1)C(=O)C1=C(C3=C([C]=C1[C]2)[C]=[C]c1c3c(c2c(oc3=[C]C(=C([C]=c3c2=O)O[C])O[C])c1O)O)O)[C]	PDBQT/dock_0697.pdbqt
o1c2=[C]C(=[C]C(=c2c(=O)c2c1[C]=[C][C]=C2O)[C]1OC(=O)[C]([C]1)[C])[C]	PDBQT/dock_0698.pdbqt
o1c2c(C(=[C]C(=[C]2)O[C])O[C][C]2S[C]2)c(=O)c2=[C][C]=[C][C]=c12	PDBQT/dock_0699.pdbqt
o1c2c(C(=[C]C(=[C]2)O)O[C][C][C][C][C][C][C][C])c(=O)c2c1[C]=C(C(=[C]2)O)O	PDBQT/dock_0700.pdbqt
o1c2c(C(=[C]C(=[C]2)O)O[C][C][C][C])c(=O)c2c1[C]=C(C(=[C]2)O)O	PDBQT/dock_0701.pdbqt
o1c2=[C]C(=[C][C]=c2c(=O)c2C3=[C][C]=C([C]=C3[C]=[C]c12)C1=[C]N=C(N1)[C]1N([C][C](F)[C]1)C(=O)[C](NC(=O)O[C])[C]1[C][C]O[C][C]1)C1=[C]N=C(N1)[C]1N([C][C](F)[C]1)C(=O)[C](NC(=O)O[C])[C]1[C][C]O[C][C]1	PDBQT/dock_0702.pdbqt
o1c2c(C(=C(C(=[C]2)O)C([C])([C])[C]=[C])O)c(=O)c2=[C]C(=C(C(=c12)O[C])O)[C][C]=C([C])[C]	PDBQT/dock_0703.pdbqt
FC1=[C]c2c(=O)c3C(=[C]C(=[C]c3oc2[C]=[C]1)[C])C1=[C][C]=[C][C]=[C]1	PDBQT/dock_0704.pdbqt
O1[C][C]([C](C2=C1C(=[C]c1oc3=C([C]=[C]C(=c3c(=O)c21)O)[C](O[C])[C](O)C(=[C])[C])[C])O)C(=[C])[C]	PDBQT/dock_0705.pdbqt
O1[C][C]([C](C2=c3c(=[C]C(=C12)[C])oc1=C([C]=[C]C(=c1c3=O)O)[C](O[C])[C](O)C(=[C])[C])OC(=O)[C])C(=[C])[C]	PDBQT/dock_0706.pdbqt
O1[C][C]([C](C2=C1C(=[C]c1oc3=C([C]=[C]C(=c3c(=O)c21)O)[C][C](OC(=O)[C])C([C])([C])O)[C])O)C(=[C])[C]	PDBQT/dock_0707.pdbqt
o1c2c(c(=O)c3c1C(=[C][C]=C3O)O)[C]=C(C(=[C]2)[C])O	PDBQT/dock_0708.pdbqt
O1[C]2OC3=[C]C(=c4c(=C3[C]2[C][C]1OC(=O)C1=[C][C]=C(C(=[C]1)O)[C@@]([C])(O)[C][C][C]C([C])([C])O)oc1=C([C]=[C]C(=c1c4=O)O)O[C])O[C]	PDBQT/dock_0709.pdbqt
O1[C]2OC3=[C]C(=c4c(=C3[C]2[C][C]1OC(=O)C1=[C][C]=C(C(=[C]1)O)[C@@]([C])(O)[C][C][C]C([C])([C])O)oc1=C([C]=[C]C(=c1c4=O)O)O[C])O[C]	PDBQT/dock_0710.pdbqt
ClC1=C([C]=C(c2c1oc1c(c2=O)C(=[C]C(=[C]1)[C])C(=O)O[C])O)O[C]	PDBQT/dock_0711.pdbqt
o1c2=[C]C(=C(C(=c2c(=O)c2=C([C]=[C][C]=c12)O[C])[C]O)O[C]/[C]=C(\[C])/C(=O)N)[C]	PDBQT/dock_0712.pdbqt
O1[C@]2(N([C]([C]1)C(=O)O)C(=O)C1=C([C]2)[C]=C2C(=C1O)C1=C([C][C]2)[C]=c2oc3c(c(=O)c2=C1O)[C]=[C][C]=C3O)[C]	PDBQT/dock_0713.pdbqt
O1[C@]2(N([C]([C]1)C(=O)O)C(=O)C1=C([C]2)[C]=C2C(=C1O)c1c([C][C]2)c(c2oc3c(c(=O)c2c1O)[C]=[C][C]=C3O)[C])[C]	PDBQT/dock_0714.pdbqt
O1[C@]2(N([C]([C]1)C(=O)O)C(=O)C1=C(C3=C([C]=C1[C]2)[C][C]c1c3c(c2c(oc3C(=[C][C]=[C]c3c2=O)O[C]2O[C]([C]([C]([C]2O[C])O[C])O[C])[C])c1O)O)O)[C]	PDBQT/dock_0715.pdbqt
ClC1=C(c2oc3c(c(=O)c2[C]=C1[C])C(=C(Cl)[C]=C3Cl)O)O	PDBQT/dock_0716.pdbqt
o1c2=[C]C(=[C]C(=c2c(=O)c2=[C][C]=C(C(=c12)O)C(=O)O[C])O)[C]O	PDBQT/dock_0717.pdbqt
o1c2=[C][C]=C(C(=c2c(=O)c2c1[C]=C([C]=C2O)C(=O)O[C])C(=O)O[C])O	PDBQT/dock_0718.pdbqt
O1[C][C]([C](C2=c3c(=[C]C(=C12)[C])oc1C(=[C][C]=C(c1c3=O)O)[C][C](O[C])C([C])([C])O[C])O)C(=[C])[C]	PDBQT/dock_0719.pdbqt
o1c2c(c(=O)c3c1[C]=[C]C(=C3C(=O)O[C])O)C(=[C]C(=[C]2)[C])O[C]	PDBQT/dock_0720.pdbqt
o1c2c(c(=O)c3c1[C]=[C]C(=[C]3)O)C(=[C]C(=[C]2)[C]O)O	PDBQT/dock_0721.pdbqt
ClC1=C(c2c(oc3c(c2=O)C(=[C]C(=[C]3)[C]O)O)[C]=[C]1)C(=O)O[C]	PDBQT/dock_0722.pdbqt
o1c2c(c(=O)c3c1[C]=[C]C(=C3C(=O)O[C])O)C(=[C]C(=[C]2)[C]O)O[C]	PDBQT/dock_0723.pdbqt
O1[C@@]([C]C2=C(C(=C3C(=[C]2)[C][C]C2=[C]c4oc5=[C][C]=C(C(=c5c(=O)c4C(=C32)O)O)C(=O)O)O)C1=O)([C])O[C]	PDBQT/dock_0724.pdbqt
O1[C@@]([C]C2=C(C(=C3C(=[C]2)[C][C]c2c3c(c3c(oc4=[C][C]=C(C(=c4c3=O)O)C(=O)O)c2O)O)O)C1=O)([C])O[C]	PDBQT/dock_0725.pdbqt
O1[C@@]2(N([C@@](C1=O)([C])[C]O)C(=O)C1=C([C]2)[C]=C2C(=C1O)c1c([C][C]2)c(c(c2c1oc1c(c2=O)C(=C([C]=[C]1)O[C])O)O)O)[C]	PDBQT/dock_0726.pdbqt
O1[C]2OC3=[C]C(=c4c(=C3[C]2[C][C]1OC(=O)[C])oc1=C([C]=[C]C(=c1c4=O)O)O[C])O[C]	PDBQT/dock_0727.pdbqt
o1c2=C(C(=[C]C(=c2c(=O)c2=C([C]=C([C]=c12)O[C])O)[C])O)O[C]	PDBQT/dock_0728.pdbqt
o1c2=C(C(=[C]C(=c2c(=O)c2c1[C]=C([C]=C2O)[C])O)O[C])O[C]1O[C]([C]([C]([C]1O)O)O)[C]O	PDBQT/dock_0729.pdbqt
ClC1=C([C]=C(c2c1oc1c(c2=O)[C]=[C]C(=C1O)C(=O)O[C])O)[C]O	PDBQT/dock_0730.pdbqt
O1[C@]2(N([C@@](C1=O)([C])[C]O)C(=O)C1=C(C3=C([C]=C1[C]2)[C][C]c1c3c2oc3=[C][C]=C(C(=c3c(=O)c2c(c1O)O)O)O[C])O)[C]	PDBQT/dock_0731.pdbqt
o1c2=C(C(=[C]C(=c2c(=O)c2=C([C]=C([C]=c12)O)O)[C])O)O[C]	PDBQT/dock_0732.pdbqt
o1c2c(c(=O)c3c1[C]=C([C]=C3O[C])C(=O)O[C])C(=C([C]=[C]2)O[C])C(=O)O[C]	PDBQT/dock_0733.pdbqt
o1c2=[C]C(=[C]C(=c2c(=O)c2c1[C]=[C]C(=C2C(=O)O[C])O)O[C])[C][C]O	PDBQT/dock_0734.pdbqt
o1c2=C([C]=[C][C]=c2c(=O)c2c1C(=[C][C]=[C]2)O[C]1O[C]([C]([C]([C]1OC(=O)C1=[C][C]=C([C]=[C]1)O)O)O)[C]O)O[C]1O[C]([C]([C]([C]1O)O)O[C]1O[C]([C]([C]([C]1O)O)OC(=O)C1=[C][C]=C([C]=[C]1)O)[C]O)[C]O	PDBQT/dock_0735.pdbqt
O1[C][C]([C](C2=C1C(=[C]c1oc3=C([C]=[C]C(=c3c(=O)c21)O)[C][C](O)C(=[C])[C])[C])O)C(=[C])[C]	PDBQT/dock_0736.pdbqt
o1c2c(C(=C([C]=[C]2)[S@@](=O)[C])C(=O)O[C])c(=O)c2c1[C]=C([C]=C2O)[C]O	PDBQT/dock_0737.pdbqt
o1c2=[C]C(=[C]C(=c2c(=O)c2=C(C(=[C][C]=c12)O[C])C(=O)O[C])O)[C]O	PDBQT/dock_0738.pdbqt
o1c2C(=C([C]=C(c2c(=O)c2c1C(=C([C]=[C]2)O[C])O)O)O[C])C([C])([C])[C]=[C]	PDBQT/dock_0739.pdbqt
o1c2=[C]C(=[C][C]=c2c(=O)c2C3=[C][C]=C([C]=C3[C]=[C]c12)C1=[C]N=C(N1)[C]1N([C][C][C]1)C(=O)[C](NC(=O)O[C])[C]1[C][C]O[C][C]1)C1=[C]N=C(N1)[C]1N([C][C][C]1)C(=O)[C](NC(=O)O[C])[C]1[C][C]O[C][C]1	PDBQT/dock_0740.pdbqt
FC1=C2C(=[C]c3c1oc1c([C]=C([C]=[C]1)C1=[C]N=C(N1)[C]1N([C][C][C]1)C(=O)[C](NC(=O)O[C])[C]([C])[C])c3=O)[C]=C([C]=[C]2)C1=[C]N=C(N1)[C]1N([C][C][C]1)C(=O)[C](NC(=O)O[C])[C]([C])[C]	PDBQT/dock_0741.pdbqt
o1c2[C]=C([C]=[C]c2c(=O)c2=C3C(=[C][C]=c12)[C]=C([C]=[C]3)C1=[C]N=C(N1)[C]1N([C][C](F)[C]1)C(=O)[C](NC(=O)O[C])[C]([C])[C])C1=[C]N=C(N1)[C]1N([C][C](F)[C]1)C(=O)[C](NC(=O)O[C])[C]([C])[C]	PDBQT/dock_0742.pdbqt
o1c2=[C][C]=C([C]=c2c(=O)c2=C3C(=[C][C]=c12)[C]=C([C]=[C]3)C1=[C]N=C(N1)[C]1N([C][C][C]1)C(=O)[C](NC(=O)O[C])[C]([C])[C])C1=[C]N=C(N1)[C]1N([C][C][C]1)C(=O)[C](NC(=O)O[C])[C]([C])[C]	PDBQT/dock_0743.pdbqt
o1c2c(c(=O)c3c1[C]=[C]C(=[C]3)O)[C]=[C]C(=[C]2)O[C]	PDBQT/dock_0744.pdbqt
O1c2c(c3oc4=C(C(=[C][C]=c4c(=O)c3c(c2[C]=[C]C1([C])[C])O)O[C])O)C([C])([C])[C]=[C]	PDBQT/dock_0745.pdbqt
O1[C]2[C]3[C](O[C]12)OC1=[C]C(=c2c(=C31)oc1c(c2=O)C(=[C][C]=[C]1)O)O[C]	PDBQT/dock_0746.pdbqt
o1c2c(c(=O)c3c1[C]=C([C]=C3O)C(=O)O)C(=C([C]=[C]2)O)C(=O)O[C]	PDBQT/dock_0747.pdbqt
O=C1[C@]2([C@@]3([C](C4=C(C2=O)C(=[C]C(=[C]4)[C])O)OC(=O)[C])[C]C2=[C]c4oc5c(c(=O)c4C(=C2[C]1[C]=[C]3)O)C(=C([C]=[C]5)O)O)O	PDBQT/dock_0748.pdbqt
O=C1[C@]2([C@@]3([C](C4=C(C2=O)C(=[C]C(=[C]4)[C])O)O)[C]C2=[C]c4oc5c(c(=O)c4C(=C2[C]1[C]=[C]3)O)C(=C([C]=[C]5)O)C(=O)O[C])O	PDBQT/dock_0749.pdbqt
o1c2=[C]C(=[C]C(=c2c(=O)c2=C([C]=[C][C]=c12)C(=O)O[C])O[C]1O[C]([C]([C]([C]1O)O)O)[C]O)[C]	PDBQT/dock_0750.pdbqt
ClC1=[C][C]=c2c(=O)c3c(c4-c5c([C][C]6O[C]Oc(c46)c3oc2=C1O[C])c(c1c(c5O)C(=O)NC(=[C]1)[C])O)O	PDBQT/dock_0751.pdbqt
o1c2=[C]C(=C(C(=c2c(=O)c2=C(C(=[C][C]=c12)O[C])O[C])[C]O)O[C])[C]	PDBQT/dock_0752.pdbqt
o1c2=[C]C(=C(C(=c2c(=O)c2=C(C(=[C][C]=c12)O[C])O[C])[C]OC(=O)[C])O[C][C]=C([C])[C])[C]	PDBQT/dock_0753.pdbqt
o1c2=[C]C(=C(C(=c2c(=O)c2c1[C]=[C]C(=C2O[C])O[C])[C]OC([C])([C])[C]=[C])O)[C]	PDBQT/dock_0754.pdbqt
o1c2c(c(=O)c3=C(C(=[C][C]=c13)O)C(=O)O[C])C(=[C]C(=[C]2)[C](O[C])O[C])O	PDBQT/dock_0755.pdbqt
o1c2c(C(=C([C]=[C]2)[C][C](O)C([C])([C])O)O)c(=O)c2=C([C]=C([C]=c12)[C])[C]O	PDBQT/dock_0756.pdbqt
o1c2=[C]C(=[C]C(=c2c(=O)c2c1[C]=[C][C]=C2O)C(=O)O[C])[C]O	PDBQT/dock_0757.pdbqt
o1c2=C(C(=[C]C(=c2c(=O)c2=C([C]=C([C]=c12)[C])O)C(=O)O[C])O)O	PDBQT/dock_0758.pdbqt
o1c2=[C]C(=[C]C(=c2c(=O)c2=C([C]=C([C]=c12)O)O)C(=O)O[C])[C]	PDBQT/dock_0759.pdbqt
o1c2[C]=C([C]=[C]c2c(=O)c2=C3C(=[C][C]=c12)[C]=C([C]=[C]3)C1=[C]N=C(N1)[C]1N([C][C][C]1)C(=O)[C](NC(=O)O[C])[C]([C])[C])C1=[C]N=C(N1)[C]1N([C][C][C]1)C(=O)[C](NC(=O)O[C])[C]([C])[C]	PDBQT/dock_0760.pdbqt
o1c2[C]=C([C]=[C]c2c(=O)c2=C3C(=[C][C]=c12)[C]=C([C]=[C]3)C1=[C]N=C(N1)[C]1N([C][C](F)[C]1)C(=O)[C](N([C][C])[C][C])C1=[C][C]=[C][C]=[C]1)C1=[C]N=C(N1)[C]1N([C][C](F)[C]1)C(=O)[C](N([C][C])[C][C])C1=[C][C]=[C][C]=[C]1	PDBQT/dock_0761.pdbqt
o1c2c(c(=O)c3c1[C]=C(C(=C3O)O[C])O)c(c(c(c2O[C])O[C])O[C])O	PDBQT/dock_0762.pdbqt
o1c2=[C]C(=[C]C(=c2c(=O)c2=C([C]=C([C]=c12)O[C])O)[C])S([O])([O])O	PDBQT/dock_0763.pdbqt
o1c2c(c(=O)c3=C([C]=[C]C(=c13)O)C(=O)O[C])C(=[C]C(=C2O)[C][C]O)O[C]	PDBQT/dock_0764.pdbqt
o1c2=[C]C(=[C]C(=c2c(=O)c2=C([C]=C([C]=c12)O)O)C(=O)O)[C]	PDBQT/dock_0765.pdbqt
o1c2=C([C]=[C][C]=c2c(=O)c2=[C][C]=C(C(=c12)O)O)O[C]	PDBQT/dock_0766.pdbqt
o1c2c(C(=C(C(=[C]2)O)[C][C](O)C([C])([C])O)O)c(=O)c2=C(C(=C([C]=c12)O)O[C])[C][C]=C([C])[C]	PDBQT/dock_0767.pdbqt
o1c2=C(C(=[C][C]=c2c(=O)c2=[C][C]=[C][C]=c12)[C][C][C][C][C][C][C][C][C][C][C][C][C][C][C][C][C])O[C]	PDBQT/dock_0768.pdbqt
o1c2c(c(=O)c3c1[C]=[C][C]=C3O)[C]=C(C(=C2O)O)O[C]	PDBQT/dock_0769.pdbqt
o1c2c(c(=O)c3c1[C]=C(C(=[C]3)O[C])O[C])c(c(c(c2O[C])O[C])O[C])O[C]	PDBQT/dock_0770.pdbqt
o1c2c(c(=O)c3c1C(=[C][C]=C3O)O[C])C(=C(C(=[C]2)O[C])O[C])O[C]	PDBQT/dock_0771.pdbqt
o1c2=[C]C(=C(C(=c2c(=O)c2=C([C]=[C]C(=c12)O[C])O)O)O[C])O[C]	PDBQT/dock_0772.pdbqt
o1c2c(C(=C(C(=[C]2)O)[C]2O[C]([C]([C]([C]2O)O)O)[C]O)O)c(=O)c2=[C]C(=C([C]=c12)O)O	PDBQT/dock_0773.pdbqt
O1C([C]=[C]C2=C(c3c(oc4=C(C(=C([C]=c4c3=O)[C][C]=C([C])[C])O)O)[C]=C12)O)([C])[C]	PDBQT/dock_0774.pdbqt
o1c2c(c(=O)c3c1C(=[C][C]=C3O)O)[C]=[C]C(=C2O[C])O[C]	PDBQT/dock_0775.pdbqt
[C]([C](O)C([C])([C])O[C]C1=C([C]=[C][C]=C1/[C]=[C]/[C](O)[C](O)/[C]=[C]/[C])O[C])C1=[C][C]=C(c2c1oc1=[C]C(=C3C(=c1c2=O)[C]([C]([C]O3)C(=[C])[C])O)[C])O	PDBQT/dock_0776.pdbqt
[C]([C](O)C([C])([C])O[C]C1=C([C]=[C][C]=C1/[C]=[C]/[C](O)[C](O)[C][C][C])O[C])C1=c2oc3=[C]C(=C4C(=c3c(=O)c2=C([C]=[C]1)O)[C]([C]([C]O4)C(=[C])[C])O)[C]	PDBQT/dock_0777.pdbqt
o1c2=[C]C(=[C]C(=c2c(=O)c2=C(C(=[C][C]=c12)[C][C]=C([C])[C])O)[C]O)[C]	PDBQT/dock_0778.pdbqt
o1c2C(=C([C]=C(c2c(=O)c2c1C(=[C][C]=C2C(=O)O[C])O)O[C])[C]([C](O)[C]O)[C]O)O[C]	PDBQT/dock_0779.pdbqt
o1c2[C]=C([C]=C(c2c(=O)c2=C([C]=C([C]=c12)O)C(=O)O[C])O[C])[C]([C](O)[C]O)[C]O	PDBQT/dock_0780.pdbqt
o1c2[C]=C([C]=C(c2c(=O)c2c1C(=C([C]=C2C(=O)O[C])O[C])O[C])O)[C]([C](O)[C]O)[C]O	PDBQT/dock_0781.pdbqt
o1c2=[C]C(=[C]C(=c2c(=O)c2=C([C]=C([C]=c12)O[C])O[C])O)[C]	PDBQT/dock_0782.pdbqt
BrC1=[C]C(=C(c2c1oc1c(c2=O)C(=[C]C(=[C]1)[C])O)C(=O)O[C])O	PDBQT/dock_0783.pdbqt
O1C([C][C]C2=c3c(=[C]C(=C12)O)oc1=[C]C(=C(C(=c1c3=O)O)[C][C]=C([C])[C])O[C])([C])[C]	PDBQT/dock_0784.pdbqt
O1[C](C(c2c1c1c(oc3c(c1=O)[C]=C(C(=[C]3)O)O)c(c2O[C])[C][C]=C([C])[C])([C])[C])[C]	PDBQT/dock_0785.pdbqt
O1[C](C(c2c1c1c(oc3c(c1=O)[C]=[C]C(=C3O)O)c(c2O[C])[C][C]=C([C])[C])([C])[C])[C]	PDBQT/dock_0786.pdbqt
O1[C](C(C2=C1[C]=c1oc3=C4C(=C([C]=c3c(=O)c1=C2O)O)OC([C]=[C]4)([C])[C])([C])[C])[C]	PDBQT/dock_0787.pdbqt
o1c2c([C]=C(C(=C2/[C]=[C]/[C]([C])[C])O[C])C([C])([C])[C]=[C])c(=O)c2=[C]C(=C([C]=c12)O)O	PDBQT/dock_0788.pdbqt
o1c2=[C]C(=[C]C(=c2c(=O)c2=[C][C]=[C][C]=c12)O)O[C][C][C][C][C]Br	PDBQT/dock_0789.pdbqt
O1C([C]=[C]C2=C1[C]=c1oc3c(c(=O)c1=C2O)C(=[C]C(=C3O)O)[C][C]=C([C])[C])([C])[C]	PDBQT/dock_0790.pdbqt
o1c2c(c(=O)c3c1[C]=[C]C(=C3C(=O)O[C])O)C(=[C]C(=[C]2)[C]OC(=O)[C])O	PDBQT/dock_0791.pdbqt
o1c2=[C]C(=[C]C(=c2c(=O)c2c1[C]=[C]C(=C2C(=O)O[C])S[C])O)[C]O	PDBQT/dock_0792.pdbqt
o1c2c(c(=O)c3c1[C]=[C]C(=C3C(=O)O[C])S[C])C(=[C]C(=[C]2)[C]OC(=O)[C])O	PDBQT/dock_0793.pdbqt
O1[C](C(C2=C1[C]=C(c1c2oc2=C(C(=[C][C]=c2c1=O)O)O[C])O)([C])[C])[C]	PDBQT/dock_0794.pdbqt
o1c2c(c(=O)c3c1[C]=[C][C]=C3O)[C]=C(C(=C2O[C])O)O[C]	PDBQT/dock_0795.pdbqt
o1c2C(=C([C]=C(c2c(=O)c2c1C(=C([C]=[C]2)O)O)O)O)[C]/[C]=C(\[C])/[C][C][C]=C([C])[C]	PDBQT/dock_0796.pdbqt
O1[C]([C](C2=C(OC3=C(C1=O)C(=[C]C(=[C]3)[C])O)C(=[C]C(=[C]2)O[C])O)O)C1=[C]C(=[C]c2c1c(=O)c1c(o2)[C]=C([C]=C1O)[C])O[C]	PDBQT/dock_0797.pdbqt
o1c2c([C]=C(C(=C2O[C])O)[C][C](O)C(=[C])[C])c(=O)c2=C([C]=[C]C(=c12)O)O	PDBQT/dock_0798.pdbqt
O1[C][C]([C](C2=C1C(=[C]c1oc3=C([C]=[C]C(=c3c(=O)c21)O)[C](O[C])[C](OC(=O)[C])C([C])([C])O)[C])OC(=O)[C])C(=[C])[C]	PDBQT/dock_0799.pdbqt
O1[C]([C]C2=C([C]=c3oc4c(c(=O)c3=C12)C(=C(C(=[C]4)O)O[C])[C][C]=C([C])[C])OS([O])([O])O)C([C])([C])O	PDBQT/dock_0800.pdbqt
o1c2c(c(=O)c3c1[C]=C([C]=[C]3)C#N)[C]=C([C]=[C]2)O[C][C][C]OC(=O)[C]	PDBQT/dock_0801.pdbqt
o1c2=[C]C(=[C][C]=c2c(=O)c2=[C]C(=[C][C]=c12)O[C][C]OC(=O)[C])c1n[nH]nn1	PDBQT/dock_0802.pdbqt
o1c2c(c(=O)c3=[C]C(=[C][C]=c13)S[C][C]O)[C]=[C]C(=[C]2)c1n[nH]nn1	PDBQT/dock_0803.pdbqt
o1c2c(c(=O)c3=[C]C(=[C][C]=c13)O)[C]=[C]C(=[C]2)c1n[nH]nn1	PDBQT/dock_0804.pdbqt
o1c2=[C][C]=C([C]=c2c(=O)c2=[C][C]=C([C]=c12)C(=O)N)O[C][C][C]	PDBQT/dock_0805.pdbqt
o1c2c(c(=O)c3=[C][C]=C([C]=c13)C(=O)N)[C]=C([C]=[C]2)O[C]([C])[C]	PDBQT/dock_0806.pdbqt
o1c2=[C][C]=C([C]=c2c(=O)c2c1[C]=C([C]=[C]2)c1n[nH]nn1)O[C]([C])[C]	PDBQT/dock_0807.pdbqt
o1c2c(c(=O)c3c1[C]=C([C]=[C]3)c1n[nH]nn1)[C]=C([C]=[C]2)O[C][C]([C])O	PDBQT/dock_0808.pdbqt
O1[C]([C]C2=C(c3c(oc4=[C]C(=C(C(=c4c3=O)[C][C]=C([C])[C])O[C])O)[C]=C12)O)C([C])([C])O	PDBQT/dock_0809.pdbqt
O1C(C(=O)[C]C2=C(c3c(oc4=[C]C(=C(C(=c4c3=O)[C][C]=C([C])[C])O[C])O)[C]=C12)O)([C])[C]	PDBQT/dock_0810.pdbqt
o1c2=[C]C(=C(C(=c2c(=O)c2c1C(=[C][C]=[C]2)O)O)[C]/[C]=C(\[C])/[C][C][C]=C([C])[C])O	PDBQT/dock_0811.pdbqt
o1c2=C(C(=C([C]=c2c(=O)c2=C([C]=[C]C(=c12)O[C])O)O[C])O[C])O[C]	PDBQT/dock_0812.pdbqt
o1c2=[C]C(=[C]C(=c2c(=O)c2=[C][C]=[C][C]=c12)O)O[C]C(=O)C1=[C][C]=C([C]=[C]1)F	PDBQT/dock_0813.pdbqt
o1c2=[C]C(=[C]C(=c2c(=O)c2=[C][C]=[C][C]=c12)O)O[C]C(=O)O[C]C1=[C][C]=[C][C]=[C]1	PDBQT/dock_0814.pdbqt
o1c2=[C]C(=[C]C(=c2c(=O)c2=[C][C]=[C][C]=c12)O)O[C]C(=O)C1=[C][C]=C([C]=[C]1)Br	PDBQT/dock_0815.pdbqt
o1c2=[C]C(=[C]C(=c2c(=O)c2=[C][C]=[C][C]=c12)O)O[C]C(=O)NC1=[C][C]=C([C]=[C]1)[C]	PDBQT/dock_0816.pdbqt
o1c2=[C]C(=[C]C(=c2c(=O)c2c1[C]=[C][C]=[C]2)O)O[C]C(=O)C1=[C]C(=[C][C]=[C]1)N(=O)=O	PDBQT/dock_0817.pdbqt
o1c2c(c(=O)c3c1[C]=[C][C]=[C]3)C(=[C]C(=[C]2)O[C]C1=[C][C]=[C][C]=[C]1)O	PDBQT/dock_0818.pdbqt
o1c2c(c(=O)c3c1[C]=[C][C]=[C]3)C(=[C]C(=[C]2)O[C]C1=[C][C]=C([C]=[C]1)C(=O)O[C])O	PDBQT/dock_0819.pdbqt
o1c2c(c(=O)c3c1[C]=[C][C]=[C]3)C(=[C]C(=[C]2)O[C]C1=[C][C]=C([C]=[C]1)N(=O)=O)O	PDBQT/dock_0820.pdbqt
o1c2=[C]C(=[C]C(=c2c(=O)c2=[C][C]=[C][C]=c12)O)O[C]C(=O)C1=[C][C]=[C]C(=[C]1)O[C]	PDBQT/dock_0821.pdbqt
o1c2=[C]C(=[C]C(=c2c(=O)c2=[C][C]=[C][C]=c12)O)O[C]C(=O)C1=[C][C]=C([C]=[C]1)Cl	PDBQT/dock_0822.pdbqt
o1c2=[C]C(=[C]C(=c2c(=O)c2=C([C]=[C][C]=c12)O[C])O)O[C]	PDBQT/dock_0823.pdbqt
o1c2=[C]C(=C(C(=c2c(=O)c2c1[C]=C(C(=[C]2)O)O)O)[C]1O[C]([C]([C]([C]1O)OC(=O)C1=[C][C]=[C][C]=[C]1)O)[C]O)O	PDBQT/dock_0824.pdbqt
o1c2C(=C([C]=[C]c2c(=O)c2=[C][C]=C(C(=c12)[C]N1[C][C]O[C][C]1)O)O)[C]N1[C][C]O[C][C]1	PDBQT/dock_0825.pdbqt
o1c2C(=C([C]=[C]c2c(=O)c2=[C][C]=C(C(=c12)[C]N1[C][C]O[C][C]1)O)O)[C]N1[C][C]O[C][C]1	PDBQT/dock_0826.pdbqt
o1c2=C(C(=[C][C]=c2c(=O)c2c1C(=C([C]=[C]2)O)[C]N1[C][C][C][C][C]1)O)[C]N1[C][C][C][C][C]1	PDBQT/dock_0827.pdbqt
o1c2=C(C(=[C][C]=c2c(=O)c2c1C(=C([C]=[C]2)O)[C]N1[C][C][C][C][C]1)O)[C]N1[C][C][C][C][C]1	PDBQT/dock_0828.pdbqt
o1c2C(=[C][C]=C(c2c(=O)c2=C([C]=C([C]=c12)O[C])O)O)O[C]1O[C]([C]([C]([C]1O)O)O)[C]O	PDBQT/dock_0829.pdbqt
o1c2c(c(=O)c3C(=C(C(=[C]c13)O)O[C])[C]/[C]=C(\[C])/[C][C][C]=C([C])[C])C(=[C]C(=C2[C]/[C]=C(\[C])/[C]O)O)O	PDBQT/dock_0830.pdbqt
BrC1=[C][C]=[C]c2c(=O)c3c(oc12)[C]=C(C(=C3O)C(=O)[C])O	PDBQT/dock_0831.pdbqt
o1c2=C(C(=[C]C(=c2c(=O)c2c1[C]=[C][C]=C2O)O[C])O)[C]([C](O)[C]O)[C]O	PDBQT/dock_0832.pdbqt
O1[C]2O[C]=[C][C@@]2(C2=C1[C]=c1oc3=C([C]=[C]C(=c3c(=O)c1=C2O[C])O)[C][C]C([C])([C])O)O	PDBQT/dock_0833.pdbqt
O1[C]2O[C]=[C][C@]2(C2=C1[C]=c1oc3c(c(=O)c1=C2O)C(=[C][C]=[C]3)O)O	PDBQT/dock_0834.pdbqt
o1c2c(C(=C(C(=[C]2)O)O[C])[C]/[C]=C(\[C])/[C][C][C]=C([C])[C])c(=O)c2c1[C]=C([C]=C2O)O	PDBQT/dock_0835.pdbqt
o1c2c(c(=O)c3c1[C]=C([C]=C3OC(=O)[C])O)[C]=C([C]=[C]2)O[C]/[C]=C(\[C])/[C][C][C]=C([C])[C]	PDBQT/dock_0836.pdbqt
O1[C]2O[C]=[C][C]2c2c1c(c(c1c2oc2=[C][C]=[C]C(=c2c1=O)O)O[C])O[C]	PDBQT/dock_0837.pdbqt
O1[C]2Oc3c([C]2[C][C]1)c1oc2c(c(=O)c1c(c3O)O[C])C(=[C][C]=[C]2)O	PDBQT/dock_0838.pdbqt
O=C(N/N=[C]/C1=[C][C]=C([C]=[C]1)N([C][C]Cl)[C][C]Cl)[C]OC1=c2c(=[C][C]=[C]1)oc1=[C][C]=[C][C]=c1c2=O	PDBQT/dock_0839.pdbqt
o1c2c(C(=C(C(=[C]2)O)[C]2O[C]([C]([C]([C]2O)O)O)[C]O)O)c(=O)c2=[C][C]=C(C(=c12)O[C])O	PDBQT/dock_0840.pdbqt
o1c2=C(C(=[C]C(=c2c(=O)c2=[C]C(=[C][C]=c12)O)O)O)[C]1O[C]([C]([C]([C]1O)O)O)[C]O	PDBQT/dock_0841.pdbqt
o1c2=C([C]=[C]C(=c2c(=O)c2c1[C]=C([C]=C2O)O)O[C]1O[C]([C]([C]([C]1O)O)O)[C]O)O	PDBQT/dock_0842.pdbqt
o1c2=C([C]=[C]C(=c2c(=O)c2c1[C]=C([C]=C2O)O[C])O[C]1O[C]([C]([C]([C]1O)O)O)[C]O)O	PDBQT/dock_0843.pdbqt
o1c2=[C]C(=C([C]=c2c(=O)c2=C([C]=C([C]=c12)O)O)O)O[C]1O[C]([C]([C]([C]1O)O)O)[C]O	PDBQT/dock_0844.pdbqt
O=C(N/N=[C]/C1=[C][C]=C([C]=[C]1)N([C][C]Cl)[C][C]Cl)[C]OC1=[C][C]=c2c(=C1[C])oc1c(c2=O)[C]=[C][C]=[C]1	PDBQT/dock_0845.pdbqt
O=C(N/N=[C]/C1=[C][C]=C([C]=[C]1)N([C][C]Cl)[C][C]Cl)[C]OC1=[C]C(=[C]c2c1c(=O)c1c(o2)[C]=[C][C]=[C]1)[C]	PDBQT/dock_0846.pdbqt
o1c2=[C][C]=C([C]=c2c(=O)c2=[C][C]=C([C]=c12)O)[C]	PDBQT/dock_0847.pdbqt
O1[C]2O[C]=[C][C@]2(C2=C(c3c(oc4C(=[C][C]=C(c4c3=O)O)[C][C]C([C])([C])O)[C]=C12)O)O	PDBQT/dock_0848.pdbqt
BrC1=[C][C]=[C]c2c1oc1c(c2=O)[C]=[C][C]=[C]1	PDBQT/dock_0849.pdbqt
O1C([C]=[C]C2=C1C(=[C]c1c2oc2=[C]C3=C(C(=c2c1=O)O)[C]=[C]C(O3)([C])[C])O)([C])[C]	PDBQT/dock_0850.pdbqt
o1c2=[C]C(=[C]C(=c2c(=O)c2=[C][C]=[C][C]=c12)O)O[C]C(=O)O[C]	PDBQT/dock_0851.pdbqt
o1c2=[C]C(=[C]C(=c2c(=O)c2=[C][C]=[C][C]=c12)O)O[C]C(=O)O[C][C]	PDBQT/dock_0852.pdbqt
o1c2c(c(=O)c3c1[C]=[C][C]=[C]3)C(=[C]C(=[C]2)O[C]([C])C(=O)O[C][C])O	PDBQT/dock_0853.pdbqt
o1c2c(c(=O)c3c1[C]=[C][C]=[C]3)C(=[C]C(=[C]2)O[C]([C])C(=O)C1=[C][C]=[C][C]=[C]1)O	PDBQT/dock_0854.pdbqt
o1c2c(c(=O)c3c1[C]=[C][C]=[C]3)C(=[C]C(=[C]2)O[C]C1=[C][C]=C(Br)[C]=[C]1)O	PDBQT/dock_0855.pdbqt
o1c2=[C]C(=[C]C(=c2c(=O)c2=[C][C]=[C][C]=c12)O)O[C]C(=O)C1=[C][C]=[C][C]=[C]1	PDBQT/dock_0856.pdbqt
o1c2=[C]C(=[C]C(=c2c(=O)c2=[C][C]=[C][C]=c12)O)O[C]C(=O)C1=[C][C]=C([C]=[C]1)[C]	PDBQT/dock_0857.pdbqt
o1c2=[C]C(=[C]C(=c2c(=O)c2=[C][C]=[C][C]=c12)O)O[C]C(=O)O	PDBQT/dock_0858.pdbqt
o1c2c(c(=O)c3c1[C]=[C][C]=[C]3)C(=[C]C(=[C]2)O[C]C1=[C][C]=C([C]=[C]1)[C]=[C])O	PDBQT/dock_0859.pdbqt
o1c2=[C]C(=[C]C(=c2c(=O)c2=[C][C]=[C][C]=c12)O)O[C]C(=O)O[C][C]=[C]	PDBQT/dock_0860.pdbqt
o1c2=[C]C(=[C]C(=c2c(=O)c2c1[C]=[C][C]=[C]2)O)O[C]C(=O)c1c2=[C][C]=[C][C]=c2n(c1[C])[C]	PDBQT/dock_0861.pdbqt
o1c2=[C]C(=[C]C(=c2c(=O)c2c1[C]=[C][C]=[C]2)O)O[C]C1=[C][C]=C([C]=[C]1)C(=O)O	PDBQT/dock_0862.pdbqt
o1c2=[C]C(=[C]C(=c2c(=O)c2=[C][C]=[C][C]=c12)O)O[C]C(=O)C1=[C][C]=C([C]=[C]1)O[C]	PDBQT/dock_0863.pdbqt
o1c2c(c(=O)c3c1[C]=[C][C]=[C]3)C(=[C]C(=[C]2)O[C]/[C]=[C]/C1=[C][C]=[C][C]=[C]1)O	PDBQT/dock_0864.pdbqt
o1c2c(c(=O)c3=C([C]=C([C]=c13)O[C]C1=[C][C]=C([C]=[C]1)C(=O)O)O)[C]=[C][C]=C2[C]	PDBQT/dock_0865.pdbqt
o1c2=[C]C(=[C]C(=c2c(=O)c2c1C(=[C][C]=[C]2)[C])O)O[C]C(=O)c1c2=[C][C]=[C][C]=c2n(c1[C])[C]	PDBQT/dock_0866.pdbqt
o1c2c(c(=O)c3c1[C]=C([C]=C3O)OC(=O)[C][C]NC(=O)O[C]C1=[C][C]=[C][C]=[C]1)[C]=[C][C]=C2[C]	PDBQT/dock_0867.pdbqt
o1c2c(c(=O)c3=C([C]=[C]C(=c13)O)C(=O)O[C])C(=[C]C(=[C]2)[C]O)O	PDBQT/dock_0868.pdbqt
o1c2=[C]C(=[C]C(=c2c(=O)c2=[C][C]=[C][C]=c12)O)O[C]C1=[C]C(=C(Cl)[C]=[C]1)Cl	PDBQT/dock_0869.pdbqt
o1c2c(c(=O)c3c1[C]=[C][C]=[C]3)C(=[C]C(=[C]2)O[C]C1=[C][C]=C([C]=C1F)Cl)O	PDBQT/dock_0870.pdbqt
o1c2c(c(=O)c3c1[C]=[C][C]=[C]3)C(=[C]C(=[C]2)O[C]C1=C([C]=[C][C]=C1F)F)O	PDBQT/dock_0871.pdbqt
o1c2=[C]C(=[C]C(=c2c(=O)c2=[C][C]=[C][C]=c12)O)O[C]C1=C(F)[C]=[C][C]=[C]1	PDBQT/dock_0872.pdbqt
o1c2=[C]C(=[C]C(=c2c(=O)c2=[C][C]=C([C]=c12)[C])O)O[C]C(=O)O	PDBQT/dock_0873.pdbqt
o1c2c(c(=O)c3c1[C]=[C]C(=[C]3)O[C])C(=[C]C(=[C]2)O[C]C(=O)N([C])[C])O	PDBQT/dock_0874.pdbqt
o1c2c(c(=O)c3c1[C]=[C]C(=[C]3)O[C])C(=[C]C(=[C]2)O[C]([C])C(=O)[C])O	PDBQT/dock_0875.pdbqt
o1c2c(c(=O)c3c1C(=[C][C]=[C]3)[C])C(=[C]C(=[C]2)O[C]([C])C(=O)[C])O	PDBQT/dock_0876.pdbqt
o1c2=[C]C(=[C]C(=c2c(=O)c2=[C]C(=[C][C]=c12)O[C])O)O[C]C(=O)O[C]([C])[C]	PDBQT/dock_0877.pdbqt
o1c2c(c(=O)c3c1C(=[C][C]=[C]3)O[C])C(=[C]C(=[C]2)O[C]C(=O)O[C]([C])[C])O	PDBQT/dock_0878.pdbqt
o1c2c(c(=O)c3c1[C]=C([C]=C3O)O[C]([C])C(=O)O)[C]=[C][C]=C2[C]	PDBQT/dock_0879.pdbqt
o1c2=[C]C(=[C]C(=c2c(=O)c2=[C][C]=[C]C(=c12)O[C])O)O[C]C(=O)O	PDBQT/dock_0880.pdbqt
o1c2c(C3=[C][C]=[C][C]=C3[C]=[C]2)c(=O)c2=C([C]=C([C]=c12)O[C]C(=O)O)O	PDBQT/dock_0881.pdbqt
o1c2=C([C]=[C][C]=c2c(=O)c2=C([C]=C([C]=c12)O[C]C(=O)O)O)[C]	PDBQT/dock_0882.pdbqt
o1c2c(c(=O)c3c1[C]=C([C]=C3O)O[C]C(=O)[C])[C]=[C][C]=C2[C]	PDBQT/dock_0883.pdbqt
o1c2c(c(=O)c3c1[C]=[C][C]=[C]3)C(=[C]C(=[C]2)O[C]([C])C(=O)O)O	PDBQT/dock_0884.pdbqt
o1c2=[C]C(=[C]C(=c2c(=O)c2c1[C]=[C][C]=[C]2)O)O[C]C(=[C])[C]	PDBQT/dock_0885.pdbqt
o1c2=[C]C(=[C]C(=c2c(=O)c2=[C][C]=[C]C(=c12)O[C])O)O[C](C1=[C][C]=[C][C]=[C]1)C(=O)O	PDBQT/dock_0886.pdbqt
o1c2=[C]C(=[C]C(=c2c(=O)c2=[C][C]=[C][C]=c12)O)OC(=O)[C](NC(=O)OC([C])([C])[C])[C][C]S[C]	PDBQT/dock_0887.pdbqt
o1c2c(c(=O)c3c1C(=[C][C]=[C]3)O[C])C(=[C]C(=[C]2)O[C]([C])C(=O)[C])O	PDBQT/dock_0888.pdbqt
o1c2c(c(=O)c3c1[C]=[C][C]=[C]3)C(=[C]C(=[C]2)O[C]([C])C(=O)[C])O	PDBQT/dock_0889.pdbqt
o1c2=C([C]=[C][C]=c2c(=O)c2=C([C]=C([C]=c12)O[C]C(=O)N)O)[C]	PDBQT/dock_0890.pdbqt
o1c2=[C]C(=[C]C(=c2c(=O)c2=[C][C]=C([C]=c12)[C])O)O[C]C(=O)N	PDBQT/dock_0891.pdbqt
o1c2c(c(=O)c3c1[C]=[C][C]=[C]3)C(=[C]C(=[C]2)O[C](C1=[C][C]=[C][C]=[C]1)C(=O)O)O	PDBQT/dock_0892.pdbqt
o1c2c(c(=O)c3c1[C]=[C]C(=[C]3)O[C])C(=[C]C(=[C]2)O[C]C(=[C])[C])O	PDBQT/dock_0893.pdbqt
o1c2c(c(=O)c3c1[C]=[C][C]=[C]3)C(=[C]C(=[C]2)O[C]C(=O)[C])O	PDBQT/dock_0894.pdbqt
o1c2c(c(=O)c3c1[C]=[C]C(=[C]3)O[C])C(=[C]C(=[C]2)O[C]([C])[C])O	PDBQT/dock_0895.pdbqt
o1c2=[C]C(=[C]C(=c2c(=O)c2=[C]C(=[C][C]=c12)O[C])O)O[C]C(=O)N	PDBQT/dock_0896.pdbqt
o1c2=[C]C(=[C]C(=c2c(=O)c2=[C][C]=[C]C(=c12)O[C])O)O[C]C(=[C])[C]	PDBQT/dock_0897.pdbqt
o1c2c(c(=O)c3c1[C]=C([C]=[C]3)[C])C(=[C]C(=[C]2)O[C]([C])C(=O)O)O	PDBQT/dock_0898.pdbqt
o1c2=[C]C(=[C]C(=c2c(=O)c2=[C]C(=[C][C]=c12)O[C])O)O[C](C1=[C][C]=[C][C]=[C]1)C(=O)O	PDBQT/dock_0899.pdbqt
o1c2=[C]C(=[C]C(=c2c(=O)c2=[C][C]=[C][C]=c12)O)O[C]([C])[C]	PDBQT/dock_0900.pdbqt
o1c2=[C]C3=[C][C]=[C][C]=C3[C]=c2c(=O)c2=C([C]=C([C]=c12)O[C]C(=O)O)O	PDBQT/dock_0901.pdbqt
o1c2=[C]C(=[C]C(=c2c(=O)c2=[C][C]=[C]C(=c12)O[C])O)O[C]C(=O)N	PDBQT/dock_0902.pdbqt
o1c2=[C]C(=[C]C(=c2c(=O)c2=[C][C]=[C]C(=c12)O[C])O)O[C]C(=O)O[C]	PDBQT/dock_0903.pdbqt
o1c2c(c(=O)c3c1C(=[C][C]=[C]3)O[C])C(=[C]C(=[C]2)O[C]([C])C(=O)O)O	PDBQT/dock_0904.pdbqt
o1c2c(c(=O)c3c1[C]=[C]C(=[C]3)O[C])C(=[C]C(=[C]2)O[C]C(=O)[C])O	PDBQT/dock_0905.pdbqt
o1c2c(c(=O)c3c1C(=[C][C]=[C]3)[C])C(=[C]C(=[C]2)O[C]([C])C(=O)O[C])O	PDBQT/dock_0906.pdbqt
o1c2c(c(=O)c3c1[C]=[C][C]=[C]3)C(=[C]C(=[C]2)OC(=O)[C]([C])NC(=O)OC([C])([C])[C])O	PDBQT/dock_0907.pdbqt
o1c2c(c(=O)c3c1[C]=[C]C(=[C]3)O[C])C(=[C]C(=[C]2)O[C]([C])C(=O)O)O	PDBQT/dock_0908.pdbqt
o1c2c(c(=O)c3c1[C]=[C]C(=[C]3)O[C])C(=[C]C(=[C]2)O[C]C(=O)O[C])O	PDBQT/dock_0909.pdbqt
o1c2=[C][C]=C3C(=c2c(=O)c2=C([C]=C([C]=c12)O[C]C(=O)N([C])[C])O)[C]=[C][C]=[C]3	PDBQT/dock_0910.pdbqt
o1c2=C3C(=[C][C]=c2c(=O)c2c1[C]=C([C]=C2O)O[C]C(=O)N)[C]=[C][C]=[C]3	PDBQT/dock_0911.pdbqt
ClC1=[C]C(=[C]c2c(=O)c3c(oc12)[C]=C([C]=C3O)O[C]C(=O)N([C])[C])Cl	PDBQT/dock_0912.pdbqt
o1c2c(c(=O)c3c1[C]=[C][C]=[C]3)C(=[C]C(=[C]2)O[C]C1=[C][C]=[C]C(=[C]1)F)O	PDBQT/dock_0913.pdbqt
o1c2c(c(=O)c3c1[C]=[C][C]=[C]3)C(=[C]C(=[C]2)O[C]C1=[C][C]=C2C(=[C]1)[C]=[C][C]=[C]2)O	PDBQT/dock_0914.pdbqt
o1c2=[C]C(=[C]C(=c2c(=O)c2=[C][C]=[C][C]=c12)O)O[C]C1=C(Cl)[C]=[C][C]=C1F	PDBQT/dock_0915.pdbqt
o1c2=[C]C(=[C]C(=c2c(=O)c2=[C][C]=[C][C]=c12)O)O[C]C1=C2C(=[C][C]=C1[C])[C]=[C][C]=[C]2	PDBQT/dock_0916.pdbqt
o1c2=[C]C(=[C]C(=c2c(=O)c2=[C][C]=[C][C]=c12)O)O[C]C1=C(Cl)[C]=C(Cl)[C]=[C]1	PDBQT/dock_0917.pdbqt
o1c2=[C]C(=[C]C(=c2c(=O)c2=[C][C]=[C][C]=c12)O)O[C]C(=O)C1=[C]C2=[C][C]=[C][C]=C2[C]=[C]1	PDBQT/dock_0918.pdbqt
ClC1=[C]c2oc3c(c(=O)c2[C]=[C]1)C(=[C]C(=[C]3)O[C]([C])C(=O)[C])O	PDBQT/dock_0919.pdbqt
o1c2=C3C(=[C][C]=c2c(=O)c2c1[C]=C([C]=C2O)O[C]C(=O)O[C])[C]=[C][C]=[C]3	PDBQT/dock_0920.pdbqt
o1c2c(c(=O)c3c1[C]=[C][C]=[C]3)C(=[C]C(=[C]2)O[C]C1=C([C]=[C][C]=C1Cl)Cl)O	PDBQT/dock_0921.pdbqt
ClC1=[C]c2oc3c(c(=O)c2[C]=[C]1)C(=[C]C(=[C]3)O[C]C(=O)[C])O	PDBQT/dock_0922.pdbqt
o1c2=[C]C(=[C][C]=c2c(=O)c2=[C][C]=[C][C]=c12)NC(=O)/[C]=[C]/C1=[C][C]=C([C]=[C]1)O[C]	PDBQT/dock_0923.pdbqt
o1c2=[C]C(=[C]C(=c2c(=O)c2=[C][C]=[C][C]=c12)O)O[C]C1=[C]C(=[C][C]=[C]1)Cl	PDBQT/dock_0924.pdbqt
o1c2=[C]C3=[C][C]=[C][C]=C3[C]=c2c(=O)c2=C([C]=C([C]=c12)O[C]C(=O)O[C])O	PDBQT/dock_0925.pdbqt
o1c2c(c(=O)c3c1[C]=[C][C]=[C]3)C(=[C]C(=[C]2)O[C]C1=[C][C]=[C]C(=[C]1)C(F)(F)F)O	PDBQT/dock_0926.pdbqt
o1c2=C3C(=[C][C]=c2c(=O)c2c1[C]=C([C]=C2O)O[C]C(=O)N([C])[C])[C]=[C][C]=[C]3	PDBQT/dock_0927.pdbqt
ClC1=[C][C]=c2oc3=[C]C(=[C]C(=c3c(=O)c2=[C]1)O)O[C]C(=O)O	PDBQT/dock_0928.pdbqt
BrC1=[C][C]=c2oc3=[C]C(=[C]C(=c3c(=O)c2=[C]1)O)O[C]C(=O)N	PDBQT/dock_0929.pdbqt
ClC1=[C][C]=c2c(=O)c3=C([C]=C([C]=c3oc2=[C]1)O[C]C(=O)O)O	PDBQT/dock_0930.pdbqt
ClC1=[C]C(=[C]c2c(=O)c3c(oc12)[C]=C([C]=C3O)O[C]C(=O)[C])Cl	PDBQT/dock_0931.pdbqt
o1c2=[C]C3=[C][C]=[C][C]=C3[C]=c2c(=O)c2=C([C]=C([C]=c12)O[C]C(=O)N([C])[C])O	PDBQT/dock_0932.pdbqt
ClC1=[C][C]=c2c(=O)c3=C([C]=C([C]=c3oc2=[C]1)O[C]C(=O)N([C])[C])O	PDBQT/dock_0933.pdbqt
ClC1=[C]c2c(=O)c3c(oc2[C]=[C]1)[C]=C([C]=C3O)O[C]C(=O)[C]	PDBQT/dock_0934.pdbqt
o1c2=[C]C(=[C]C(=c2c(=O)c2=[C][C]=[C][C]=c12)O)O[C]C1=C(F)[C]=C(F)[C]=[C]1	PDBQT/dock_0935.pdbqt
ClC1=[C]c2c(=O)c3c(oc2[C]=[C]1)[C]=C([C]=C3O)O[C]([C])C(=O)[C]	PDBQT/dock_0936.pdbqt
o1c2c(c(=O)c3c1[C]=[C][C]=[C]3)C(=[C]C(=[C]2)O[C]C1=[C][C]=C([C]=C1F)Br)O	PDBQT/dock_0937.pdbqt
o1c2c(c(=O)c3c1C(=[C][C]=[C]3)O[C])[C]=[C]C(=[C]2)NC(=O)/[C]=[C]/C1=[C][C]=C([C]=[C]1)O[C]	PDBQT/dock_0938.pdbqt
BrC1=[C]c2c(=O)c3c(oc2[C]=[C]1)[C]=C([C]=C3O)O[C]([C])C(=O)O	PDBQT/dock_0939.pdbqt
ClC1=[C]c2c(=O)c3c(oc2[C]=[C]1)[C]=C([C]=C3O)O[C]([C])C(=O)O	PDBQT/dock_0940.pdbqt
BrC1=[C]c2c(=O)c3c(oc2[C]=[C]1)[C]=C([C]=C3O)O[C]C(=O)N([C])[C]	PDBQT/dock_0941.pdbqt
o1c2c(c(=O)c3c1[C]=[C][C]=[C]3)C(=[C]C(=[C]2)O[C]C1=[C][C]=[C]C(=[C]1)Br)O	PDBQT/dock_0942.pdbqt
ClC1=[C]C(=[C]c2c1oc1c(c2=O)C(=[C]C(=[C]1)O[C]C(=O)O)O)Cl	PDBQT/dock_0943.pdbqt
o1c2c(c(=O)c3c1[C]=[C][C]=[C]3)C(=[C]C(=[C]2)O[C]C1=[C][C]=C(Cl)[C]=[C]1)O	PDBQT/dock_0944.pdbqt
o1c2=[C]C(=[C]C(=c2c(=O)c2=[C][C]=[C][C]=c12)O)O[C]C1=C(Cl)[C]=[C][C]=[C]1	PDBQT/dock_0945.pdbqt
BrC1=[C][C]=c2oc3=[C]C(=[C]C(=c3c(=O)c2=[C]1)O)O[C]C(=O)O[C]	PDBQT/dock_0946.pdbqt
o1c2c(c(=O)c3c1[C]=[C][C]=[C]3)C(=[C]C(=[C]2)O[C]C1=[C][C]=C(F)[C]=[C]1)O	PDBQT/dock_0947.pdbqt
o1c2c(c(=O)c3c1[C]=C([C]=C3O)O[C]C1=[C][C]=C(Cl)[C]=[C]1)[C]=[C][C]=C2[C]	PDBQT/dock_0948.pdbqt
o1c2=C([C]=[C][C]=c2c(=O)c2=C([C]=C([C]=c12)O[C]C1=C(Cl)[C]=C(Cl)[C]=[C]1)O)[C]	PDBQT/dock_0949.pdbqt
FC1=c2oc3=[C]C(=[C][C]=c3c(=O)c2=[C][C]=[C]1)NC(=O)/[C]=[C]/C1=[C][C]=C([C]=[C]1)O[C]	PDBQT/dock_0950.pdbqt
o1c2c(c(=O)c3c1C(=[C][C]=[C]3)O[C])C(=[C]C(=[C]2)O[C]C(=O)N([C][C])[C][C])O	PDBQT/dock_0951.pdbqt
o1c2=[C]C(=[C]C(=c2c(=O)c2=[C]C(=[C][C]=c12)O[C])O)O[C]C(=O)N([C][C])[C][C]	PDBQT/dock_0952.pdbqt
o1c2=[C]C(=[C][C]=c2c(=O)c2=[C][C]=[C]C(=c12)O[C])NC(=O)/[C]=[C]/C1=[C][C]=C(C(=[C]1)O[C])O[C]	PDBQT/dock_0953.pdbqt
ClC1=[C][C]=c2c(=O)c3=C([C]=C([C]=c3oc2=[C]1)O[C]C(=O)O[C])O	PDBQT/dock_0954.pdbqt
o1c2=C([C]=[C][C]=c2c(=O)c2=C([C]=C([C]=c12)O[C]C1=C(Cl)[C]=[C][C]=[C]1)O)[C]	PDBQT/dock_0955.pdbqt
o1c2=C([C]=[C][C]=c2c(=O)c2=C([C]=C([C]=c12)O[C]C(=O)C1=[C]C2=[C][C]=[C][C]=C2[C]=[C]1)O)[C]	PDBQT/dock_0956.pdbqt
o1c2=C([C]=[C][C]=c2c(=O)c2=C([C]=C([C]=c12)O[C]C1=C(F)[C]=[C][C]=[C]1)O)[C]	PDBQT/dock_0957.pdbqt
o1c2c(c(=O)c3c1[C]=C([C]=C3O)O[C]C1=[C][C]=C(Br)[C]=[C]1)[C]=[C][C]=C2[C]	PDBQT/dock_0958.pdbqt
o1c2=[C]C(=[C]C(=c2c(=O)c2=[C][C]=[C]C(=c12)[C])O)O[C]C1=C2C(=[C][C]=C1[C])[C]=[C][C]=[C]2	PDBQT/dock_0959.pdbqt
o1c2c(c(=O)c3c1[C]=C([C]=C3O)O[C]C1=[C][C]=[C]C(=[C]1)F)[C]=[C][C]=C2[C]	PDBQT/dock_0960.pdbqt
o1c2=C([C]=[C][C]=c2c(=O)c2=C([C]=C([C]=c12)O[C]C1=[C]C(=[C][C]=[C]1)Br)O)[C]	PDBQT/dock_0961.pdbqt
o1c2=C([C]=[C][C]=c2c(=O)c2=C([C]=C([C]=c12)O[C]C1=[C]C(=[C][C]=[C]1)Cl)O)[C]	PDBQT/dock_0962.pdbqt
o1c2c(c(=O)c3c1[C]=C([C]=C3O)O[C]C1=C([C]=[C][C]=C1Cl)Cl)[C]=[C][C]=C2[C]	PDBQT/dock_0963.pdbqt
o1c2c(c(=O)c3c1[C]=C([C]=C3O)O[C]C1=[C][C]=C([C]=[C]1)N(=O)=O)[C]=[C][C]=C2[C]	PDBQT/dock_0964.pdbqt
o1c2c(c(=O)c3c1[C]=C([C]=C3O)O[C]C1=[C][C]=C(F)[C]=[C]1)[C]=[C][C]=C2[C]	PDBQT/dock_0965.pdbqt
o1c2=[C]C3=[C][C]=[C][C]=C3[C]=c2c(=O)c2=C([C]=C([C]=c12)O[C]C(=O)N)O	PDBQT/dock_0966.pdbqt
o1c2c(c(=O)c3c1[C]=C([C]=C3O)O[C]C1=[C][C]=C([C]=[C]1)C(=O)O[C])[C]=[C][C]=C2[C]	PDBQT/dock_0967.pdbqt
o1c2=C([C]=[C][C]=c2c(=O)c2=C([C]=C([C]=c12)O[C]C(=O)C1=[C][C]=[C][C]=[C]1)O)[C]	PDBQT/dock_0968.pdbqt
o1c2=C([C]=[C][C]=c2c(=O)c2c1[C]=C([C]=C2O)O[C]C1=[C][C]=C([C]=[C]1)[C]=[C])[C]	PDBQT/dock_0969.pdbqt
o1c2c(c(=O)c3c1C(=[C][C]=[C]3)O[C])C(=[C]C(=[C]2)O[C]([C])C(=O)O[C])O	PDBQT/dock_0970.pdbqt
o1c2c(c(=O)c3c1[C]=C([C]=[C]3)[C])C(=[C]C(=[C]2)O[C]([C])C(=O)O[C])O	PDBQT/dock_0971.pdbqt
o1c2c(c(=O)c3c1[C]=[C][C]=[C]3)C(=[C]C(=[C]2)O[C]([C])C(=O)O[C])O	PDBQT/dock_0972.pdbqt
o1c2c(c(=O)c3c1C(=[C][C]=[C]3)O[C])C(=[C]C(=[C]2)O[C]([C])[C])O	PDBQT/dock_0973.pdbqt
o1c2=[C]C(=[C]C(=c2c(=O)c2=[C]C(=[C][C]=c12)O[C])O)O[C]C(=O)O	PDBQT/dock_0974.pdbqt
o1c2=C3C(=[C][C]=c2c(=O)c2c1[C]=C([C]=C2O)O[C]C(=O)O)[C]=[C][C]=[C]3	PDBQT/dock_0975.pdbqt
o1c2c(c(=O)c3c1C(=[C][C]=[C]3)[C])C(=[C]C(=[C]2)O[C]([C])[C])O	PDBQT/dock_0976.pdbqt
o1c2c(c(=O)c3c1[C]=C([C]=[C]3)[C])C(=[C]C(=[C]2)O[C]([C])C(=O)[C])O	PDBQT/dock_0977.pdbqt
o1c2=[C]C(=[C]C(=c2c(=O)c2=[C][C]=C([C]=c12)[C])O)O[C]C(=O)N([C])[C]	PDBQT/dock_0978.pdbqt
o1c2=[C]C(=[C]C(=c2c(=O)c2=[C][C]=[C]C(=c12)O[C])O)O[C]C(=O)N([C])[C]	PDBQT/dock_0979.pdbqt
o1c2c(c(=O)c3c1C(=[C][C]=[C]3)O[C])C(=[C]C(=[C]2)O[C]C(=O)[C])O	PDBQT/dock_0980.pdbqt
o1c2=[C]C(=[C]C(=c2c(=O)c2=[C][C]=C([C]=c12)[C])O)O[C]C(=O)[C]	PDBQT/dock_0981.pdbqt
o1c2=[C]C(=[C]C(=c2c(=O)c2=[C][C]=[C][C]=c12)O)O[C]C(=O)O[C]([C])[C]	PDBQT/dock_0982.pdbqt
o1c2=[C]C(=[C]C(=c2c(=O)c2=[C][C]=C([C]=c12)[C])O)O[C]C(=O)O[C]	PDBQT/dock_0983.pdbqt
o1c2=[C]C(=[C]C(=c2c(=O)c2=[C]C(=[C][C]=c12)O[C])O)O[C]([C])C(=O)O[C]	PDBQT/dock_0984.pdbqt
o1c2=[C]C(=[C]C(=c2c(=O)c2=[C][C]=[C][C]=c12)O)O[C]C(=O)N([C])[C]	PDBQT/dock_0985.pdbqt
o1c2=[C]C(=[C]C(=c2c(=O)c2=[C][C]=[C][C]=c12)O)O[C]C(=O)N	PDBQT/dock_0986.pdbqt
o1c2=C([C]=[C][C]=c2c(=O)c2=C([C]=C([C]=c12)O[C]C(=O)O[C])O)[C]	PDBQT/dock_0987.pdbqt
o1c2c(c(=O)c3c1[C]=C([C]=[C]3)[C])C(=[C]C(=[C]2)O[C]([C])[C])O	PDBQT/dock_0988.pdbqt
o1c2=C([C]=[C][C]=c2c(=O)c2=C([C]=C([C]=c12)O[C]C(=O)N([C])[C])O)[C]	PDBQT/dock_0989.pdbqt
BrC1=[C][C]=c2oc3=[C]C(=[C]C(=c3c(=O)c2=[C]1)O)O[C]C(=O)O	PDBQT/dock_0990.pdbqt
BrC1=[C]c2c(=O)c3c(oc2[C]=[C]1)[C]=C([C]=C3O)O[C]([C])C(=O)[C]	PDBQT/dock_0991.pdbqt
ClC1=[C][C]=c2oc3=[C]C(=[C]C(=c3c(=O)c2=[C]1)O)O[C]C(=O)O[C]	PDBQT/dock_0992.pdbqt
o1c2c(c(=O)c3c1[C]=C([C]=C3O)O[C]C(=O)[C])[C]=C1C(=[C]2)[C]=[C][C]=[C]1	PDBQT/dock_0993.pdbqt
o1c2c(c(=O)c3c1C(=[C][C]=[C]3)O[C])[C]=[C]C(=[C]2)NC(=O)/[C]=[C]/C1=[C][C]=[C][C]=[C]1	PDBQT/dock_0994.pdbqt
ClC1=[C]c2oc3c(c(=O)c2[C]=[C]1)C(=[C]C(=[C]3)O[C]([C])C(=O)O)O	PDBQT/dock_0995.pdbqt
o1c2c(c(=O)c3c1[C]=[C][C]=[C]3)[C]=[C]C(=[C]2)NC(=O)/[C]=[C]/C1=[C][C]=[C][C]=[C]1	PDBQT/dock_0996.pdbqt
ClC1=[C]c2c(=O)c3c(oc2[C]=[C]1)[C]=C([C]=C3O)O[C]C(=O)N([C])[C]	PDBQT/dock_0997.pdbqt
FC1=c2oc3=[C]C(=[C][C]=c3c(=O)c2=[C][C]=[C]1)NC(=O)/[C]=[C]/C1=[C][C]=C(C(=[C]1)O[C])O[C]	PDBQT/dock_0998.pdbqt
ClC1=[C][C]=c2oc3=[C]C(=[C]C(=c3c(=O)c2=[C]1)O)O[C]C(=O)N	PDBQT/dock_0999.pdbqt
BrC1=[C]c2c(=O)c3c(oc2[C]=[C]1)[C]=C([C]=C3O)O[C]C(=O)[C]	PDBQT/dock_1000.pdbqt
o1c2c(c(=O)c3=C([C]=C([C]=c13)O[C]C(=O)[C])O)[C]=[C]C1=C2[C]=[C][C]=[C]1	PDBQT/dock_1001.pdbqt
ClC1=[C][C]=c2c(=O)c3=C([C]=C([C]=c3oc2=[C]1)O[C]C(=O)N)O	PDBQT/dock_1002.pdbqt
O=C(NC1=[C]c2oc3=[C][C]=[C][C]=c3c(=O)c2[C]=[C]1)/[C]=[C]/C1=[C][C]=C(C(=[C]1)O[C])O[C]	PDBQT/dock_1003.pdbqt
o1c2=[C][C]=C3C(=c2c(=O)c2=C([C]=C([C]=c12)O[C]C(=O)N)O)[C]=[C][C]=[C]3	PDBQT/dock_1004.pdbqt
o1c2=[C][C]=C3C(=c2c(=O)c2=C([C]=C([C]=c12)O[C]C(=O)O[C])O)[C]=[C][C]=[C]3	PDBQT/dock_1005.pdbqt
ClC1=[C]C(=[C]c2c(=O)c3=C([C]=C([C]=c3oc12)O[C]C(=O)N)O)Cl	PDBQT/dock_1006.pdbqt
o1c2=C([C]=[C][C]=c2c(=O)c2=C([C]=C([C]=c12)O[C]C(=O)C1=[C][C]=C([C]=[C]1)Cl)O)[C]	PDBQT/dock_1007.pdbqt
o1c2c(C3=C([C]=[C]2)[C]=[C][C]=[C]3)c(=O)c2c1[C]=C([C]=C2O)O[C]C(=O)[C]	PDBQT/dock_1008.pdbqt
o1c2c(C(=C(C(=[C]2)O)[C]2[C]([C]([C]([C]([C]O[C]2)[C]O)O)O)O)O)c(=O)c2=[C][C]=[C][C]=c12	PDBQT/dock_1009.pdbqt
O1[C@@]2(OC3=C([C]1[C][C][C]2)C(=c1c(=[C]3)oc2c(c1=O)C(=[C][C]=[C]2)O[C])O)[C]	PDBQT/dock_1010.pdbqt
O1[C]([C]([C]([C]([C]1C1=C([C]=c2c(=C1O)c(=O)c1=[C]C(=C([C]=c1o2)O)O[C])O)O)O)O)[C]O[C]1O[C][C@]([C]1O)(O)[C]O	PDBQT/dock_1011.pdbqt
O1[C]([C]([C]([C]([C]1C1=C([C]=c2c(=C1O)c(=O)c1=[C]C(=[C][C]=c1o2)O)O)O)O)O)[C]O[C]1O[C][C@]([C]1O)(O)[C]O	PDBQT/dock_1012.pdbqt
O1[C]([C]([C]([C]([C]1[C]O)O)O)O[C]1O[C][C@]([C]1O)(O)[C]O)C1=C([C]=c2c(=C1O)c(=O)c1=[C]C(=[C][C]=c1o2)O)O	PDBQT/dock_1013.pdbqt
o1c2c(C(=C(C(=[C]2)O)[C]2O[C]([C](C(=O)[C]2O)O)[C]O)O)c(=O)c2=[C]C(=C([C]=c12)O)O	PDBQT/dock_1014.pdbqt
o1c2=C(C(=C([C]=c2c(=O)c2c1[C]=[C][C]=[C]2)O[C])O)[C]1O[C]([C]([C]([C]1O)O)O)[C]O	PDBQT/dock_1015.pdbqt
o1c2C(=C([C]=[C]c2c(=O)c2c1[C]=[C][C]=[C]2)O[C])[C][C][C]N1[C][C][C][C][C]1	PDBQT/dock_1016.pdbqt
o1c2=C(C(=C([C]=c2c(=O)c2=[C][C]=[C][C]=c12)O[C])[C]1O[C]([C]([C]([C]1O)O)O)[C]O)O	PDBQT/dock_1017.pdbqt
o1c2=C([C]=[C][C]=c2c(=O)c2c1[C]=[C]C(=[C]2)O[C])[C]1O[C]([C]([C]([C]1O)O)O)[C]O	PDBQT/dock_1018.pdbqt
o1c2=[C]C(=[C]C(=c2c(=O)c2=[C][C]=C([C]=c12)N([C])[C])/[C]=[C]/[C][C][C]C(=O)ON1C(=O)[C]=[C]C1=O)N([C])[C]	PDBQT/dock_1019.pdbqt
o1c2=C([C]=[C][C]=c2c(=O)c2=C([C]=C([C]=c12)O)O)/[C]=N\NC1=N[C]=[C][C]=[C]1	PDBQT/dock_1020.pdbqt
[C](=[C]\[C][C][C]C(=O)N[C][C]O[C][C]O[C][C][C][C][C][C]Cl)/C1=c2c(=[C]C(=[C]1)N([C])[C])oc1c(c2=O)[C]=[C]C(=[C]1)N([C])[C]	PDBQT/dock_1021.pdbqt
o1c2c(c3[C]4[C](C([C]C(=[C]4)[C])([C])[C])[C](c3c(c2O)O)C2=[C]C(=C(c3c2c(=O)c2=[C][C]=[C][C]=c2o3)O)O)c(=O)c2=[C][C][C][C]=c12	PDBQT/dock_1022.pdbqt
o1c2C(=C([C]=[C]c2c(=O)c2=[C][C]=[C][C]=c12)O[C])/[C]=[C]/[C]N1[C][C][C][C][C]1	PDBQT/dock_1023.pdbqt
o1c2c(c(=O)c3c1[C]=[C]C(=[C]3)O[C])C(=C(C(=[C]2)O[C])O[C])O	PDBQT/dock_1024.pdbqt
o1c2c(c(=O)c3=[C][C]=[C][C]=c13)[C]=[C]C(=[C]2)O[C]/[C]=C(/[C])\C1=[C]C(=O)C(O1)([C])[C]	PDBQT/dock_1025.pdbqt
o1c2c(c(=O)c3C(=C(C(=[C]c13)O)O[C])[C]/[C]=C(\[C])/[C][C][C]=C([C])[C])C(=[C]C(=C2[C]/[C]=C(\[C])/[C]O)O)O	PDBQT/dock_1026.pdbqt
o1c2=C(C(=[C]C(=c2c(=O)c2c1C(=[C][C]=C2O)O)O)O)[C][C]=C([C])[C]	PDBQT/dock_1027.pdbqt
ClC1=[C]c2c(oc3c(c2=O)[C]=C(Cl)C(=[C]3)Cl)[C]=C1Cl	PDBQT/dock_1028.pdbqt
o1c2c(c3[C]4[C](C([C]C(=[C]4)[C])([C])[C])[C](c3c(c2O)O)C2=[C]C(=C(c3c2c(=O)c2=[C][C]=[C]C(=c2o3)[C])O)O)c(=O)c2c1C(=[C][C]=[C]2)[C]	PDBQT/dock_1029.pdbqt
o1c2c(c(=O)c3C(=[C][C]=[C]c13)O[C][C]N([C][C])[C][C])[C]=[C]C(=[C]2)O[C][C]N([C][C])[C][C]	PDBQT/dock_1030.pdbqt
ClC1=[C][C]=c2oc3c(C(=C4[C@]5([C](OC4=[C]3)O[C]=[C]5)O)O)c(=O)c2=C1O[C]	PDBQT/dock_1031.pdbqt
O1C([C]=[C]c2c1c(c1oc3c(c(=O)c1c2O)[C]=C(C(=C3O)[C][C]=C([C])[C])O)[C][C]=C([C])[C])([C])[C]	PDBQT/dock_1032.pdbqt
o1c2c(c(=O)c3c1[C]=C([C]=C3OC(=O)[C])OC(=O)[C])[C]=[C][C]=C2/[C]=N\NC1=[C][C]=[C][C]=[C]1	PDBQT/dock_1033.pdbqt
o1c2c(c(=O)c3c1[C]=C([C]=C3OC(=O)[C])OC(=O)[C])[C]=[C][C]=C2/[C]=N\NC1=[C][C]=[C][C]=C1Cl	PDBQT/dock_1034.pdbqt
o1c2=C([C]=[C][C]=c2c(=O)c2=C([C]=C([C]=c12)OC(=O)[C])OC(=O)[C])/[C]=N\NC1=[C]C(=[C][C]=[C]1)Cl	PDBQT/dock_1035.pdbqt
o1c2=C([C]=[C][C]=c2c(=O)c2=C([C]=C([C]=c12)OC(=O)[C])OC(=O)[C])/[C]=N\NC1=[C][C]=C(Cl)[C]=[C]1	PDBQT/dock_1036.pdbqt
o1c2=C([C]=[C][C]=c2c(=O)c2=C([C]=C([C]=c12)OC(=O)[C])OC(=O)[C])/[C]=N\NC1=C(F)[C]=[C][C]=[C]1	PDBQT/dock_1037.pdbqt
o1c2=C([C]=[C][C]=c2c(=O)c2=C([C]=C([C]=c12)OC(=O)[C])OC(=O)[C])/[C]=N\NC1=[C][C]=[C]C(=[C]1)F	PDBQT/dock_1038.pdbqt
o1c2=C([C]=[C][C]=c2c(=O)c2=C([C]=C([C]=c12)OC(=O)[C])OC(=O)[C])/[C]=N\NC1=[C][C]=C(F)[C]=[C]1	PDBQT/dock_1039.pdbqt
o1c2=C([C]=[C][C]=c2c(=O)c2=C([C]=C([C]=c12)OC(=O)[C])OC(=O)[C])/[C]=N\NC1=C(Cl)[C]=C(Cl)[C]=[C]1	PDBQT/dock_1040.pdbqt
o1c2=C([C]=[C][C]=c2c(=O)c2=C([C]=C([C]=c12)OC(=O)[C])OC(=O)[C])/[C]=N\NC1=C(Cl)[C]=[C]C(=[C]1)Cl	PDBQT/dock_1041.pdbqt
o1c2=C([C]=[C][C]=c2c(=O)c2=C([C]=C([C]=c12)OC(=O)[C])OC(=O)[C])/[C]=N\NC1=C(F)[C]=C(F)[C]=[C]1	PDBQT/dock_1042.pdbqt
Clc1c2oc3c(c(=O)c2c(c(Cl)c1OC(=O)[C])OC(=O)[C])[C]=[C][C]=C3/[C]=N\NC1=[C][C]=[C][C]=[C]1	PDBQT/dock_1043.pdbqt
Clc1c2oc3c(c(=O)c2c(c(Cl)c1OC(=O)[C])OC(=O)[C])[C]=[C][C]=C3/[C]=N\NC1=[C][C]=[C][C]=C1Cl	PDBQT/dock_1044.pdbqt
Clc1c2oc3c(c(=O)c2c(c(Cl)c1OC(=O)[C])OC(=O)[C])[C]=[C][C]=C3/[C]=N\NC1=[C][C]=[C]C(=[C]1)Cl	PDBQT/dock_1045.pdbqt
Clc1c2oc3=C([C]=[C][C]=c3c(=O)c2c(c(Cl)c1OC(=O)[C])OC(=O)[C])/[C]=N\NC1=[C][C]=C(Cl)[C]=[C]1	PDBQT/dock_1046.pdbqt
Clc1c2oc3c(c(=O)c2c(c(Cl)c1OC(=O)[C])OC(=O)[C])[C]=[C][C]=C3/[C]=N\NC1=[C][C]=[C][C]=C1F	PDBQT/dock_1047.pdbqt
Clc1c2oc3=C([C]=[C][C]=c3c(=O)c2c(c(Cl)c1OC(=O)[C])OC(=O)[C])/[C]=N\NC1=[C][C]=[C]C(=[C]1)F	PDBQT/dock_1048.pdbqt
Clc1c2oc3=C([C]=[C][C]=c3c(=O)c2c(c(Cl)c1OC(=O)[C])OC(=O)[C])/[C]=N\NC1=[C][C]=C(F)[C]=[C]1	PDBQT/dock_1049.pdbqt
Clc1c2oc3=C([C]=[C][C]=c3c(=O)c2c(c(Cl)c1OC(=O)[C])OC(=O)[C])/[C]=N\NC1=C(Cl)[C]=C(Cl)[C]=[C]1	PDBQT/dock_1050.pdbqt
Clc1c2oc3=C([C]=[C][C]=c3c(=O)c2c(c(Cl)c1OC(=O)[C])OC(=O)[C])/[C]=N\NC1=C(Cl)[C]=[C]C(=[C]1)Cl	PDBQT/dock_1051.pdbqt
Clc1c2oc3=C([C]=[C][C]=c3c(=O)c2c(c(Cl)c1OC(=O)[C])OC(=O)[C])/[C]=N\NC1=C(F)[C]=C(F)[C]=[C]1	PDBQT/dock_1052.pdbqt
o1c2=C([C]=[C][C]=c2c(=O)c2=C([C]=C([C]=c12)O)O)/[C]=N\NC1=[C][C]=[C][C]=[C]1	PDBQT/dock_1053.pdbqt
o1c2=C([C]=[C][C]=c2c(=O)c2=C([C]=C([C]=c12)O)O)/[C]=N\NC1=C(Cl)[C]=[C][C]=[C]1	PDBQT/dock_1054.pdbqt
o1c2=C([C]=[C][C]=c2c(=O)c2=C([C]=C([C]=c12)O)O)/[C]=N\NC1=[C]C(=[C][C]=[C]1)Cl	PDBQT/dock_1055.pdbqt
o1c2=C([C]=[C][C]=c2c(=O)c2=C([C]=C([C]=c12)O)O)/[C]=N\NC1=[C][C]=C(Cl)[C]=[C]1	PDBQT/dock_1056.pdbqt
o1c2=C([C]=[C][C]=c2c(=O)c2=C([C]=C([C]=c12)O)O)/[C]=N\NC1=C(F)[C]=[C][C]=[C]1	PDBQT/dock_1057.pdbqt
o1c2=C([C]=[C][C]=c2c(=O)c2=C([C]=C([C]=c12)O)O)/[C]=N\NC1=[C][C]=[C]C(=[C]1)F	PDBQT/dock_1058.pdbqt
o1c2=C([C]=[C][C]=c2c(=O)c2=C([C]=C([C]=c12)O)O)/[C]=N\NC1=[C][C]=C(F)[C]=[C]1	PDBQT/dock_1059.pdbqt
o1c2=C([C]=[C][C]=c2c(=O)c2=C([C]=C([C]=c12)O)O)/[C]=N\NC1=C(Cl)[C]=C(Cl)[C]=[C]1	PDBQT/dock_1060.pdbqt
o1c2=C([C]=[C][C]=c2c(=O)c2=C([C]=C([C]=c12)O)O)/[C]=N\NC1=C(Cl)[C]=[C]C(=[C]1)Cl	PDBQT/dock_1061.pdbqt
o1c2=C([C]=[C][C]=c2c(=O)c2=C([C]=C([C]=c12)O)O)/[C]=N\NC1=C(F)[C]=C(F)[C]=[C]1	PDBQT/dock_1062.pdbqt
Clc1c2oc3=C([C]=[C][C]=c3c(=O)c2c(c(Cl)c1O)O)/[C]=N\NC1=[C][C]=[C][C]=[C]1	PDBQT/dock_1063.pdbqt
Clc1c2oc3=C([C]=[C][C]=c3c(=O)c2c(c(Cl)c1O)O)/[C]=N\NC1=C(Cl)[C]=[C][C]=[C]1	PDBQT/dock_1064.pdbqt
Clc1c2oc3c(c(=O)c2c(c(Cl)c1O)O)[C]=[C][C]=C3/[C]=N\NC1=[C][C]=[C]C(=[C]1)Cl	PDBQT/dock_1065.pdbqt
Clc1c2oc3=C([C]=[C][C]=c3c(=O)c2c(c(Cl)c1O)O)/[C]=N\NC1=[C][C]=C(Cl)[C]=[C]1	PDBQT/dock_1066.pdbqt
Clc1c2oc3c(c(=O)c2c(c(Cl)c1O)O)[C]=[C][C]=C3/[C]=N\NC1=[C][C]=[C][C]=C1F	PDBQT/dock_1067.pdbqt
Clc1c2oc3=C([C]=[C][C]=c3c(=O)c2c(c(Cl)c1O)O)/[C]=N\NC1=[C][C]=[C]C(=[C]1)F	PDBQT/dock_1068.pdbqt
Clc1c2oc3=C([C]=[C][C]=c3c(=O)c2c(c(Cl)c1O)O)/[C]=N\NC1=[C][C]=C(F)[C]=[C]1	PDBQT/dock_1069.pdbqt
Clc1c2oc3=C([C]=[C][C]=c3c(=O)c2c(c(Cl)c1O)O)/[C]=N\NC1=C(Cl)[C]=C(Cl)[C]=[C]1	PDBQT/dock_1070.pdbqt
Clc1c2oc3=C([C]=[C][C]=c3c(=O)c2c(c(Cl)c1O)O)/[C]=N\NC1=C(Cl)[C]=[C]C(=[C]1)Cl	PDBQT/dock_1071.pdbqt
Clc1c2oc3=C([C]=[C][C]=c3c(=O)c2c(c(Cl)c1O)O)/[C]=N\NC1=C(F)[C]=C(F)[C]=[C]1	PDBQT/dock_1072.pdbqt
o1c2c(C(=C(C(=[C]2)O)[C]2[C]([C]([C]([C]([C]O[C]2)[C]O)O)O)O)O)c(=O)c2=[C][C]=[C][C]=c12	PDBQT/dock_1073.pdbqt
o1c2c(c(=O)c3=C([C]=C([C]=c13)[C])[C]=O)C(=[C][C]=C2/[C]=[C]/[C]([C])[C])O	PDBQT/dock_1074.pdbqt
o1c2c(c(=O)c3c1[C]=[C][C]=[C]3)C(=[C]C(=[C]2)O[C]/[C]=[C]/C1=[C][C]=[C][C]=[C]1)O	PDBQT/dock_1075.pdbqt
o1c2C(=[C][C]=C(c2c(=O)c2=C3[C]([C]([C]OC3=C([C]=c12)[C])C(=[C])[C])O)O)[C][C]1OC1([C])[C]	PDBQT/dock_1076.pdbqt
FC1=c2c(=O)c3c(oc2=[C][C]=[C]1)C(=C([C]=[C]3)O)[C][C]=[C]	PDBQT/dock_1077.pdbqt
O1[C]2O[C][C][C]2C2=c3oc4c(c(=O)c3=C([C]=C12)O[C])C(=[C][C]=[C]4)O	PDBQT/dock_1078.pdbqt
o1c2=[C][C]=C([C]=c2c(=O)c2=[C][C]=[C][C]=c12)NC(=O)[C]=[C]	PDBQT/dock_1079.pdbqt
o1c2=[C]C(=[C]C(=c2c(=O)c2=[C][C]=[C][C]=c12)O)O[C]([C])C(=O)O[C][C]	PDBQT/dock_1080.pdbqt
o1c2c(c(=O)c3c1[C]=[C][C]=[C]3)C(=[C]C(=[C]2)O[C]([C])C(=O)O[C][C])O	PDBQT/dock_1081.pdbqt
o1c2=[C]C(=[C]C(=c2c(=O)c2=[C][C]=[C][C]=c12)O)O[C]([C])C(=O)C1=[C][C]=[C][C]=[C]1	PDBQT/dock_1082.pdbqt
o1c2c(c(=O)c3c1[C]=[C][C]=[C]3)C(=[C]C(=[C]2)O[C]([C])C(=O)C1=[C][C]=[C][C]=[C]1)O	PDBQT/dock_1083.pdbqt
o1c2=[C]C(=C(C(=c2c(=O)c2c1[C]=C(C(=[C]2)[C][C][C]([C])[C])O)[C][C][C]([C])[C])O[C])O	PDBQT/dock_1084.pdbqt
o1c2c(C(=[C]C(=[C]2)O[C]([C])C(=O)O[C])O[C]([C])C(=O)O[C])c(=O)c2=[C][C]=[C][C]=c12	PDBQT/dock_1085.pdbqt
o1c2=[C]C(=[C]C(=c2c(=O)c2=[C][C]=[C][C]=c12)O[C]([C])C(=O)O[C])O[C]([C])C(=O)O[C]	PDBQT/dock_1086.pdbqt
o1c2=[C]C(=[C]C(=c2c(=O)c2=[C][C]=[C][C]=c12)O[C]([C])C(=O)O[C])O[C]([C])C(=O)O[C]	PDBQT/dock_1087.pdbqt
o1c2=[C]C(=[C]C(=c2c(=O)c2c1[C]=[C][C]=[C]2)O[C]([C])C(=O)O[C])O[C]([C])C(=O)O[C]	PDBQT/dock_1088.pdbqt
o1c2=C([C]=C([C]=c2c(=O)c2=[C]C(=[C][C]=c12)[C])[C])P(=O)(O[C][C])O[C][C]	PDBQT/dock_1089.pdbqt
o1c2c(C(=[C]C(=[C]2)O[C]([C])C(=O)[C])O[C]([C])C(=O)[C])c(=O)c2c1[C]=[C][C]=[C]2	PDBQT/dock_1090.pdbqt
o1c2=[C]C(=[C]C(=c2c(=O)c2=[C][C]=[C][C]=c12)O[C]([C])C(=O)[C])O[C]([C])C(=O)[C]	PDBQT/dock_1091.pdbqt
o1c2c(C(=[C]C(=[C]2)O[C]([C])C(=O)[C])O[C]([C])C(=O)[C])c(=O)c2c1[C]=[C][C]=[C]2	PDBQT/dock_1092.pdbqt
o1c2c(C(=[C]C(=[C]2)O[C]([C])C(=O)[C])O[C]([C])C(=O)[C])c(=O)c2=[C][C]=[C][C]=c12	PDBQT/dock_1093.pdbqt
o1c2=[C][C]=C(C(=c2c(=O)c2=[C]C(=[C][C]=c12)[C])P(=O)(O[C][C])O[C][C])[C]	PDBQT/dock_1094.pdbqt
o1c2c(c(=O)c3c1C(=[C][C]=[C]3)[C])C(=[C]C(=[C]2)O[C]([C])C(=O)[C])O	PDBQT/dock_1095.pdbqt
o1c2c(c(=O)c3c1C(=[C][C]=[C]3)[C])C(=[C]C(=[C]2)O[C]([C])C(=O)[C])O	PDBQT/dock_1096.pdbqt
o1c2=C([C]=C([C]=c2c(=O)c2=[C]C(=[C][C]=c12)C(=O)O)[S@](=O)[C])[S@](=O)[C]	PDBQT/dock_1097.pdbqt
o1c2c([C]=C(C(=C2O[C])O)[C][C]=C([C])[C])c(=O)c2=C([C]=[C]C(=c12)O)O	PDBQT/dock_1098.pdbqt
o1c2c(c(=O)c3c1C(=[C][C]=[C]3)O[C])C(=[C]C(=[C]2)O[C]([C])C(=O)[C])O	PDBQT/dock_1099.pdbqt
o1c2=[C]C(=[C]C(=c2c(=O)c2=[C][C]=[C]C(=c12)O[C])O)O[C]([C])C(=O)[C]	PDBQT/dock_1100.pdbqt
o1c2c(c(=O)c3c1[C]=[C][C]=[C]3)C(=[C]C(=[C]2)O[C]([C])C(=O)[C])O	PDBQT/dock_1101.pdbqt
o1c2=[C]C(=[C]C(=c2c(=O)c2=[C][C]=[C][C]=c12)O)O[C]([C])C(=O)[C]	PDBQT/dock_1102.pdbqt
ClC1=[C]c2c(oc3c(c2=O)C(=[C]C(=[C]3)O)O)[C]=[C]1	PDBQT/dock_1103.pdbqt
n1(c2C(=[C][C]=[C]c2c2=[C][C]=[C]C(=c12)[C]1[C][C][C][C][C]1)[C]1[C][C][C][C][C]1)C1=[C][C]=C([C]=[C]1)C1=[C]c2c(oc3c(c2=O)[C]=[C][C]=[C]3)[C]=[C]1	PDBQT/dock_1104.pdbqt
C1(=[C][C]=C(C(=[C]1)[C])C1=[C][C]=c2c(=[C]1)oc1c(c2=O)[C]=[C][C]=[C]1)n1c2=C([C]=[C][C]=c2c2c1C(=[C][C]=[C]2)[C])[C]	PDBQT/dock_1105.pdbqt
o1c2c([C]=C([C]=[C]2)C2=[C][C]=C([C]=[C]2)n2c3=C([C]=[C][C]=c3c3=[C][C]=[C]C(=c23)[C])[C])c(=O)c2[C]=C([C]=[C]c12)C1=[C][C]=C([C]=[C]1)n1c2c(c3=[C][C]=[C]C(=c13)[C])[C]=[C][C]=C2[C]	PDBQT/dock_1106.pdbqt
o1c2c(c(=O)c3=[C][C]=[C][C]=c13)[C]=[C][C]=C2O[C]([C])C(=O)O	PDBQT/dock_1107.pdbqt
C1(=[C][C]=C([C]=[C]1)C1=[C][C]=c2c(=[C]1)oc1c(c2=O)[C]=C([C]=[C]1)C1=[C][C]=[C][C]=[C]1)n1c2=C([C]=[C][C]=c2c2c1C(=[C][C]=[C]2)[C])[C]	PDBQT/dock_1108.pdbqt
o1c2c(c(=O)c3=[C][C]=[C][C]=c13)[C]=[C][C]=C2O[C]([C])C(=O)O	PDBQT/dock_1109.pdbqt
n1(c2=C(C3=[C][C]=C4C(=[C]3)[C]=[C][C]=[C]4)[C]=[C][C]=c2c2c1C(=[C][C]=[C]2)C1=[C]C2=[C][C]=[C][C]=C2[C]=[C]1)C1=[C][C]=C([C]=[C]1)C1=[C]c2c(oc3c(c2=O)[C]=[C][C]=[C]3)[C]=[C]1	PDBQT/dock_1110.pdbqt
o1c2=[C][C]=C([C]=c2c(=O)c2=[C][C]=[C][C]=c12)O[C]([C])C(=O)O	PDBQT/dock_1111.pdbqt
C1(=[C][C]=C([C]=[C]1)C1=C([C]=c2c(=[C]1)oc1c(c2=O)[C]=C([C]=[C]1)[C])[C])n1c2=C([C]=[C][C]=c2c2c1C(=[C][C]=[C]2)[C])[C]	PDBQT/dock_1112.pdbqt
o1c2=[C][C]=C([C]=c2c(=O)c2=[C][C]=[C][C]=c12)O[C]([C])C(=O)O	PDBQT/dock_1113.pdbqt
o1c2=[C]C(=C(C(=c2c(=O)c2=C(C3=C(OC([C]=[C]3)([C])[C])[C]=c12)O[C]C1=[C][C]=N[C]=[C]1)[C][C]=C([C])[C])O[C])O[C][C]1[C][C]1	PDBQT/dock_1114.pdbqt
o1c2c(c3[C][C]C4=C(c3c(c2c(=O)c2c1C(=[C][C]=[C]2)O[C]1OC(=C([C]([C]1O)O)O)C(=O)O)O)C(=C(C(=[C]4)[C]C(=O)[C])C(=O)O)O)O	PDBQT/dock_1115.pdbqt
o1c2c(c3[C]4[C](C([C]C(=[C]4)[C])([C])[C])[C](c3c(c2O)O)C2=[C]C(=C(c3c2c(=O)c2=[C][C]=[C][C]=c2o3)O)O[C])c(=O)c2=[C][C][C][C]=c12	PDBQT/dock_1116.pdbqt
o1c2c(C(=[C][C]=[C]2)OS([O])([O])C2=[C][C]=C([C]=[C]2)[C])c(=O)c2=[C][C]=[C][C]=c12	PDBQT/dock_1117.pdbqt
o1c2c(c3[C@]4([C](C([C]C(=[C]4)[C])([C])[C])[C](c3c(c2O)O)C2=[C]C(=C(c3c2c(=O)c2=[C][C]=[C][C]=c2o3)O)O[C])O[C])c(=O)c2c1[C][C][C]=[C]2	PDBQT/dock_1118.pdbqt
ClC1=[C]c2oc3c(c(=O)c2[C]=[C]1)C(=[C]C(=[C]3)O[C]([C])C(=O)[C])O	PDBQT/dock_1119.pdbqt
ClC1=[C]c2oc3c(c(=O)c2[C]=[C]1)C(=[C]C(=[C]3)O[C]([C])C(=O)[C])O	PDBQT/dock_1120.pdbqt
C1(=[C]C(=[C][C]=[C]1)C1=[C][C]=c2c(=[C]1)oc1c(c2=O)[C]=[C]C(=[C]1)F)n1c2=C([C]=[C][C]=c2c2c1C(=[C][C]=[C]2)[C][C])[C][C]	PDBQT/dock_1121.pdbqt
ClC1=[C]c2c(=O)c3c(oc2[C]=[C]1)[C]=C([C]=C3O)O[C]([C])C(=O)[C]	PDBQT/dock_1122.pdbqt
ClC1=[C][C]=c2oc3=[C]C(=[C]C(=c3c(=O)c2=[C]1)O)O[C]([C])C(=O)[C]	PDBQT/dock_1123.pdbqt
o1c2=C([C]=[C][C]=c2c(=O)c2=C([C]=C([C]=c12)O[C]C(=O)NC1=[C]C(=[C][C]=C1[C])[C])O)[C]	PDBQT/dock_1124.pdbqt
o1c2=[C]C(=[C]C(=c2c(=O)c2=[C][C]=[C][C]=c12)O)O[C]C(=O)NC1=C([C]=C([C]=[C]1)[C])[C]	PDBQT/dock_1125.pdbqt
o1c2=C([C]=[C][C]=c2c(=O)c2=C([C]=C([C]=c12)O[C]C(=O)NC1=[C]C(=[C][C]=[C]1)Cl)O)[C]	PDBQT/dock_1126.pdbqt
o1c2=C([C]=[C][C]=c2c(=O)c2=C([C]=C([C]=c12)O[C]C(=O)NC1=C([C]=[C][C]=C1[C])[C])O)[C]	PDBQT/dock_1127.pdbqt
ClC1=[C]c2c(=O)c3c(oc2[C]=[C]1)[C]=C([C]=C3O)O[C]C1=[C][C]=C([C]=[C]1)N(=O)=O	PDBQT/dock_1128.pdbqt
o1c2c(c(=O)c3=C([C]=C([C]=c13)OC(=O)[C]([C])NC(=O)OC([C])([C])[C])O)[C]=[C][C]=C2[C]	PDBQT/dock_1129.pdbqt
o1c2=C([C]=[C][C]=c2c(=O)c2=C([C]=C([C]=c12)O[C]C1=[C]C(=C(Cl)[C]=[C]1)Cl)O)[C]	PDBQT/dock_1130.pdbqt
o1c2c(c(=O)c3c1[C]=[C][C]=[C]3)C(=[C]C(=[C]2)OC(=O)[C](NC(=O)OC([C])([C])[C])[C][C])O	PDBQT/dock_1131.pdbqt
o1c2=[C]C(=[C]C(=c2c(=O)c2=[C][C]=[C][C]=c12)O)OC(=O)[C](NC(=O)OC([C])([C])[C])[C][C]	PDBQT/dock_1132.pdbqt
o1c2=C([C]=[C][C]=c2c(=O)c2=C([C]=C([C]=c12)O[C]C(=O)NC1=[C][C]=[C]C(=C1[C])[C])O)[C]	PDBQT/dock_1133.pdbqt
o1c2c(c(=O)c3c1[C]=[C][C]=[C]3)C(=[C]C(=[C]2)OC(=O)[C]([C])NC(=O)OC([C])([C])[C])O	PDBQT/dock_1134.pdbqt
O=C(N/N=[C]/C1=[C][C]=C([C]=[C]1)N([C][C]Cl)[C][C]Cl)[C]OC1=c2c(=[C][C]=[C]1)oc1=[C][C]=[C][C]=c1c2=O	PDBQT/dock_1135.pdbqt
O=C(N/N=[C]/C1=[C][C]=C([C]=[C]1)N([C][C]Cl)[C][C]Cl)[C]OC1=[C][C]=c2c(=C1[C])oc1c(c2=O)[C]=[C][C]=[C]1	PDBQT/dock_1136.pdbqt
O=C(N/N=[C]/C1=[C][C]=C([C]=[C]1)N([C][C]Cl)[C][C]Cl)[C]OC1=[C]C(=[C]c2c1c(=O)c1c(o2)[C]=[C][C]=[C]1)[C]	PDBQT/dock_1137.pdbqt
o1c2c(c(=O)c3c1[C]=C([C]=C3OC(=O)[C])OC(=O)[C])[C]=[C][C]=C2/[C]=N\NC1=[C][C]=[C][C]=[C]1	PDBQT/dock_1138.pdbqt
o1c2c(c(=O)c3c1[C]=C([C]=C3OC(=O)[C])OC(=O)[C])[C]=[C][C]=C2/[C]=N\NC1=[C][C]=[C][C]=C1Cl	PDBQT/dock_1139.pdbqt
o1c2c(c(=O)c3c1[C]=C([C]=C3OC(=O)[C])OC(=O)[C])[C]=[C][C]=C2/[C]=N\NC1=[C][C]=[C]C(=[C]1)Cl	PDBQT/dock_1140.pdbqt
o1c2=C([C]=[C][C]=c2c(=O)c2=C([C]=C([C]=c12)OC(=O)[C])OC(=O)[C])/[C]=N\NC1=[C][C]=C(Cl)[C]=[C]1	PDBQT/dock_1141.pdbqt
o1c2c(c(=O)c3c1[C]=C([C]=C3OC(=O)[C])OC(=O)[C])[C]=[C][C]=C2/[C]=N\NC1=[C][C]=[C][C]=C1F	PDBQT/dock_1142.pdbqt
o1c2=C([C]=[C][C]=c2c(=O)c2=C([C]=C([C]=c12)OC(=O)[C])OC(=O)[C])/[C]=N\NC1=[C][C]=[C]C(=[C]1)F	PDBQT/dock_1143.pdbqt
o1c2=C([C]=[C][C]=c2c(=O)c2=C([C]=C([C]=c12)OC(=O)[C])OC(=O)[C])/[C]=N\NC1=[C][C]=C(F)[C]=[C]1	PDBQT/dock_1144.pdbqt
o1c2=C([C]=[C][C]=c2c(=O)c2=C([C]=C([C]=c12)OC(=O)[C])OC(=O)[C])/[C]=N\NC1=C(Cl)[C]=C(Cl)[C]=[C]1	PDBQT/dock_1145.pdbqt
o1c2=C([C]=[C][C]=c2c(=O)c2=C([C]=C([C]=c12)OC(=O)[C])OC(=O)[C])/[C]=N\NC1=C(Cl)[C]=[C]C(=[C]1)Cl	PDBQT/dock_1146.pdbqt
o1c2=C([C]=[C][C]=c2c(=O)c2=C([C]=C([C]=c12)OC(=O)[C])OC(=O)[C])/[C]=N\NC1=C(F)[C]=C(F)[C]=[C]1	PDBQT/dock_1147.pdbqt
Clc1c2oc3=C([C]=[C][C]=c3c(=O)c2c(c(Cl)c1OC(=O)[C])OC(=O)[C])/[C]=N\NC1=[C][C]=[C][C]=[C]1	PDBQT/dock_1148.pdbqt
Clc1c2oc3=C([C]=[C][C]=c3c(=O)c2c(c(Cl)c1OC(=O)[C])OC(=O)[C])/[C]=N\NC1=C(Cl)[C]=[C][C]=[C]1	PDBQT/dock_1149.pdbqt
Clc1c2oc3=C([C]=[C][C]=c3c(=O)c2c(c(Cl)c1OC(=O)[C])OC(=O)[C])/[C]=N\NC1=[C]C(=[C][C]=[C]1)Cl	PDBQT/dock_1150.pdbqt
Clc1c2oc3=C([C]=[C][C]=c3c(=O)c2c(c(Cl)c1OC(=O)[C])OC(=O)[C])/[C]=N\NC1=[C][C]=C(Cl)[C]=[C]1	PDBQT/dock_1151.pdbqt
Clc1c2oc3=C([C]=[C][C]=c3c(=O)c2c(c(Cl)c1OC(=O)[C])OC(=O)[C])/[C]=N\NC1=C(F)[C]=[C][C]=[C]1	PDBQT/dock_1152.pdbqt
Clc1c2oc3=C([C]=[C][C]=c3c(=O)c2c(c(Cl)c1OC(=O)[C])OC(=O)[C])/[C]=N\NC1=[C][C]=[C]C(=[C]1)F	PDBQT/dock_1153.pdbqt
Clc1c2oc3=C([C]=[C][C]=c3c(=O)c2c(c(Cl)c1OC(=O)[C])OC(=O)[C])/[C]=N\NC1=[C][C]=C(F)[C]=[C]1	PDBQT/dock_1154.pdbqt
Clc1c2oc3=C([C]=[C][C]=c3c(=O)c2c(c(Cl)c1OC(=O)[C])OC(=O)[C])/[C]=N\NC1=C(Cl)[C]=C(Cl)[C]=[C]1	PDBQT/dock_1155.pdbqt
Clc1c2oc3=C([C]=[C][C]=c3c(=O)c2c(c(Cl)c1OC(=O)[C])OC(=O)[C])/[C]=N\NC1=C(Cl)[C]=[C]C(=[C]1)Cl	PDBQT/dock_1156.pdbqt
Clc1c2oc3=C([C]=[C][C]=c3c(=O)c2c(c(Cl)c1OC(=O)[C])OC(=O)[C])/[C]=N\NC1=C(F)[C]=C(F)[C]=[C]1	PDBQT/dock_1157.pdbqt
o1c2=C([C]=[C][C]=c2c(=O)c2=C([C]=C([C]=c12)O)O)/[C]=N\NC1=[C][C]=[C][C]=[C]1	PDBQT/dock_1158.pdbqt
o1c2=C([C]=[C][C]=c2c(=O)c2=C([C]=C([C]=c12)O)O)/[C]=N\NC1=C(Cl)[C]=[C][C]=[C]1	PDBQT/dock_1159.pdbqt
o1c2=C([C]=[C][C]=c2c(=O)c2=C([C]=C([C]=c12)O)O)/[C]=N\NC1=[C]C(=[C][C]=[C]1)Cl	PDBQT/dock_1160.pdbqt
o1c2=C([C]=[C][C]=c2c(=O)c2=C([C]=C([C]=c12)O)O)/[C]=N\NC1=[C][C]=C(Cl)[C]=[C]1	PDBQT/dock_1161.pdbqt
o1c2=C([C]=[C][C]=c2c(=O)c2=C([C]=C([C]=c12)O)O)/[C]=N\NC1=C(F)[C]=[C][C]=[C]1	PDBQT/dock_1162.pdbqt
o1c2=C([C]=[C][C]=c2c(=O)c2=C([C]=C([C]=c12)O)O)/[C]=N\NC1=[C][C]=[C]C(=[C]1)F	PDBQT/dock_1163.pdbqt
o1c2=C([C]=[C][C]=c2c(=O)c2=C([C]=C([C]=c12)O)O)/[C]=N\NC1=[C][C]=C(F)[C]=[C]1	PDBQT/dock_1164.pdbqt
o1c2=C([C]=[C][C]=c2c(=O)c2=C([C]=C([C]=c12)O)O)/[C]=N\NC1=C(Cl)[C]=C(Cl)[C]=[C]1	PDBQT/dock_1165.pdbqt
o1c2=C([C]=[C][C]=c2c(=O)c2=C([C]=C([C]=c12)O)O)/[C]=N\NC1=C(Cl)[C]=[C]C(=[C]1)Cl	PDBQT/dock_1166.pdbqt
o1c2=C([C]=[C][C]=c2c(=O)c2=C([C]=C([C]=c12)O)O)/[C]=N\NC1=C(F)[C]=C(F)[C]=[C]1	PDBQT/dock_1167.pdbqt
Clc1c2oc3=C([C]=[C][C]=c3c(=O)c2c(c(Cl)c1O)O)/[C]=N\NC1=[C][C]=[C][C]=[C]1	PDBQT/dock_1168.pdbqt
Clc1c2oc3=C([C]=[C][C]=c3c(=O)c2c(c(Cl)c1O)O)/[C]=N\NC1=C(Cl)[C]=[C][C]=[C]1	PDBQT/dock_1169.pdbqt
Clc1c2oc3c(c(=O)c2c(c(Cl)c1O)O)[C]=[C][C]=C3/[C]=N\NC1=[C][C]=[C]C(=[C]1)Cl	PDBQT/dock_1170.pdbqt
Clc1c2oc3=C([C]=[C][C]=c3c(=O)c2c(c(Cl)c1O)O)/[C]=N\NC1=[C][C]=C(Cl)[C]=[C]1	PDBQT/dock_1171.pdbqt
Clc1c2oc3c(c(=O)c2c(c(Cl)c1O)O)[C]=[C][C]=C3/[C]=N\NC1=[C][C]=[C][C]=C1F	PDBQT/dock_1172.pdbqt
Clc1c2oc3=C([C]=[C][C]=c3c(=O)c2c(c(Cl)c1O)O)/[C]=N\NC1=[C][C]=[C]C(=[C]1)F	PDBQT/dock_1173.pdbqt
Clc1c2oc3=C([C]=[C][C]=c3c(=O)c2c(c(Cl)c1O)O)/[C]=N\NC1=[C][C]=C(F)[C]=[C]1	PDBQT/dock_1174.pdbqt
Clc1c2oc3=C([C]=[C][C]=c3c(=O)c2c(c(Cl)c1O)O)/[C]=N\NC1=C(Cl)[C]=C(Cl)[C]=[C]1	PDBQT/dock_1175.pdbqt
Clc1c2oc3=C([C]=[C][C]=c3c(=O)c2c(c(Cl)c1O)O)/[C]=N\NC1=C(Cl)[C]=[C]C(=[C]1)Cl	PDBQT/dock_1176.pdbqt
Clc1c2oc3=C([C]=[C][C]=c3c(=O)c2c(c(Cl)c1O)O)/[C]=N\NC1=C(F)[C]=C(F)[C]=[C]1	PDBQT/dock_1177.pdbqt
o1c2c(c(=O)c3c1[C]=C([C]=[C]3)/[C]=N/NC1=[C][C]=[C][C]=[C]1)C(=[C]C(=[C]2)OC(=O)[C])OC(=O)[C]	PDBQT/dock_1178.pdbqt
o1c2c(c(=O)c3c1[C]=C([C]=[C]3)/[C]=N/NC1=[C]C(=[C][C]=[C]1)Cl)C(=[C]C(=[C]2)OC(=O)[C])OC(=O)[C]	PDBQT/dock_1179.pdbqt
o1c2c(c(=O)c3c1[C]=C([C]=[C]3)/[C]=N/NC1=[C][C]=C([C]=[C]1)F)C(=[C]C(=[C]2)OC(=O)[C])OC(=O)[C]	PDBQT/dock_1180.pdbqt
o1c2c(c(=O)c3c1[C]=C([C]=C3O)O)[C]=[C]C(=[C]2)/[C]=N/NC1=[C][C]=[C][C]=[C]1	PDBQT/dock_1181.pdbqt
o1c2=[C]C(=[C][C]=c2c(=O)c2c1[C]=C([C]=C2O)O)/[C]=N/NC1=[C][C]=[C]C(=[C]1)Cl	PDBQT/dock_1182.pdbqt
o1c2=[C]C(=[C][C]=c2c(=O)c2c1[C]=C([C]=C2O)O)/[C]=N/NC1=[C][C]=C(F)[C]=[C]1	PDBQT/dock_1183.pdbqt
o1c2c(c(=O)c3c1[C]=[C]C(=[C]3)/[C]=N/NC1=[C][C]=[C][C]=[C]1)C(=[C]C(=[C]2)OC(=O)[C])OC(=O)[C]	PDBQT/dock_1184.pdbqt
o1c2c(c(=O)c3c1[C]=[C]C(=[C]3)/[C]=N/NC1=[C][C]=[C]C(=[C]1)Cl)C(=[C]C(=[C]2)OC(=O)[C])OC(=O)[C]	PDBQT/dock_1185.pdbqt
o1c2c(c(=O)c3c1[C]=[C]C(=[C]3)/[C]=N/NC1=[C][C]=C([C]=[C]1)F)C(=[C]C(=[C]2)OC(=O)[C])OC(=O)[C]	PDBQT/dock_1186.pdbqt
o1c2=[C][C]=C([C]=c2c(=O)c2=C([C]=C([C]=c12)O)O)/[C]=N/NC1=[C][C]=[C][C]=[C]1	PDBQT/dock_1187.pdbqt
o1c2=[C][C]=C([C]=c2c(=O)c2=C([C]=C([C]=c12)O)O)/[C]=N/NC1=[C]C(=[C][C]=[C]1)Cl	PDBQT/dock_1188.pdbqt
o1c2=[C][C]=C([C]=c2c(=O)c2=C([C]=C([C]=c12)O)O)/[C]=N/NC1=[C][C]=C([C]=[C]1)F	PDBQT/dock_1189.pdbqt
o1c2=[C]C(=[C][C]=c2c(=O)c2c1[C]=C([C]=C2O)O)O[C][C][C]	PDBQT/dock_1190.pdbqt
o1c2c(c(=O)c3c1[C]=[C][C]=[C]3)C(=[C][C]=[C]2)O[C]C#C[C]N1[C][C]O[C][C]1	PDBQT/dock_1191.pdbqt
O(C1=C(c2oc3=[C][C]=[C][C]=c3c(=O)c2[C]=[C]1)[C][C]C(=O)O)[C][C][C]OC1=[C]C(=C([C]=C1[C][C])C1=[C][C]=C(F)[C]=[C]1)O	PDBQT/dock_1192.pdbqt
o1c2c(c(=O)c3c1[C]=[C][C]=[C]3)C(=[C][C]=[C]2)N	PDBQT/dock_1193.pdbqt
Ic1c2oc3c(c(=O)c2c(c(c1O)[S@](=O)[C]C(=O)O)C(=O)O[C])c(c(Cl)c(c3Cl)[C])O	PDBQT/dock_1194.pdbqt
O1[C]([C]C2=C1[C]=C(c1c2oc2=C([C]=[C][C]=c2c1=O)O[C])O[C])[C@]1(O[C]1)[C]	PDBQT/dock_1195.pdbqt
o1c2c(c(=O)c3=[C][C]=[C][C]=c13)[C]=[C]C(=C2C(=O)/[C]=[C]/C1=[C][C]=[C][C]=[C]1)O[C][C]=[C]	PDBQT/dock_1196.pdbqt
o1c2=C(C(=C([C]=c2c(=O)c2c1[C]=C(C(=C2C(=O)O[C])O)O)[C]([C]1[C]OC2=[C]C(=C(C(=C2C1=O)C(=O)O[C])O)O)O)[C])C(=O)[C]	PDBQT/dock_1197.pdbqt
o1c2c(c(=O)c3c1C(=C(C(=[C]3)O)O)O)[C]=C(C(=C2O)O)O	PDBQT/dock_1198.pdbqt
O1[C]([C]C2=C1[C]=C(c1c2oc2=C([C]=[C][C]=c2c1=O)O[C])O)[C@@]1(O[C]1)[C]	PDBQT/dock_1199.pdbqt
o1c2c(c(=O)c3c1[C]=[C][C]=[C]3)[C]=[C]C(=[C]2)O[C]C#C[C]N1[C][C]O[C][C]1	PDBQT/dock_1200.pdbqt
[C](C#[C])OC1=[C][C]=[C]c2c1c(=O)c1=[C][C]=[C][C]=c1o2	PDBQT/dock_1201.pdbqt
o1c2c(c(=O)c3=[C][C]=[C][C]=c13)[C]=[C]C(=C2C(=O)/[C]=[C]/C1=C([C]=[C][C]=C1Cl)Cl)O[C]C(=[C])[C]	PDBQT/dock_1202.pdbqt
o1c2=C(C(=[C][C]=c2c(=O)c2c1[C]=[C]C(=[C]2)C(=O)O)O[C][C][C]OC1=[C]C(=C([C]=C1[C][C])C1=[C][C]=C([C]=[C]1)F)O)[C][C]C(=O)O	PDBQT/dock_1203.pdbqt
o1c2=C(C(=[C][C]=c2c(=O)c2c1[C]=[C][C]=[C]2)O[C]C(=[C])[C])C(=O)/[C]=[C]/C1=[C][C]=C([C]=[C]1)F	PDBQT/dock_1204.pdbqt
o1c2=C(C(=[C][C]=c2c(=O)c2c1[C]=[C][C]=[C]2)O[C][C]=C([C])[C])C(=O)/[C]=[C]/C1=[C][C]=[C]C(=[C]1)O[C]	PDBQT/dock_1205.pdbqt
o1c2=[C]C(=[C][C]=c2c(=O)c2c1[C]=C([C]=[C]2)N([C][C])[C][C])N([C][C])[C][C]	PDBQT/dock_1206.pdbqt
o1c2=[C]C(=[C]C(=c2c(=O)c2=C([C]=C([C]=c12)O)O[C])[C])O	PDBQT/dock_1207.pdbqt
o1c2c(c(=O)c3c1[C]=[C][C]=[C]3)[C]=C(C(=[C]2)OC(=O)[C])OC(=O)[C]	PDBQT/dock_1208.pdbqt
o1c2c(c(=O)c3=[C][C]=[C][C]=c13)C(=[C][C]=[C]2)O[C]C#C[C]N([C][C])[C][C]	PDBQT/dock_1209.pdbqt
O1[C]([C]C2=C1[C]=C(c1c2oc2=C([C]=[C][C]=c2c1=O)O[C])O[C])[C@@]1(O[C]1)[C]	PDBQT/dock_1210.pdbqt
o1c2=C(C(=[C][C]=c2c(=O)c2c1[C]=[C][C]=[C]2)O[C][C]=[C])C(=O)/[C]=[C]/C1=[C][C]=C([C]=[C]1)S[C]	PDBQT/dock_1211.pdbqt
O1C([C][C]C2=C1c1c(oc3=[C]C(=C(C(=c3c1=O)[C][C]=C([C])[C])O[C])O[C])[C]=C2O[C])([C])[C]	PDBQT/dock_1212.pdbqt
o1c2=C(C(=[C][C]=c2c(=O)c2c1[C]=[C][C]=[C]2)O[C][C]=C([C])[C])C(=O)/[C]=[C]/C1=[C]C(=C(C(=[C]1)O[C])O[C])O[C]	PDBQT/dock_1213.pdbqt
o1c2=C(C(=[C][C]=c2c(=O)c2=[C]C(=[C][C]=c12)C(=O)O)O[C][C][C]OC1=C([C]=C(C(=[C]1)O)C(=O)[C])[C][C])[C][C]C(=O)O	PDBQT/dock_1214.pdbqt
O1C([C]=[C]C2=c3oc4=C([C]=[C]C(=c4c(=O)c3=C([C]=C12)O)O)O)([C])[C]	PDBQT/dock_1215.pdbqt
n1(c2=C([C]=C([C]=c2c2=[C]C(=[C]C(=c12)C1=[C][C]=[C][C]=[C]1)C1=[C][C]=[C][C]=[C]1)C1=[C][C]=[C][C]=[C]1)C1=[C][C]=[C][C]=[C]1)C1=[C]C(=[C][C]=[C]1)C1=[C][C]=c2c(=[C]1)oc1c(c2=O)[C]=[C]C(=[C]1)C(F)(F)F	PDBQT/dock_1216.pdbqt
ClC1=C(c2oc3c4O[C]O[C]5[C](C6=C(c(c45)c(c3c(=O)c2[C]=[C]1)O)C(=C1C(=[C]6)[C]([C](N(C1=O)[C])O[C])O)O)O[C])O[C]	PDBQT/dock_1217.pdbqt
o1c(c(c(=O)c2=C(C(=C([C]=c12)O)O)C(=O)O)[C]c1c(=O)c2=[C]OC3=[C]C(=C([C]C3=c2oc1[C])O)O)C1=[C]c2c(C(=C1[C])C(=O)[C])oc1c(c2=O)C(=C(C(=[C]1)O)O)C(=O)O	PDBQT/dock_1218.pdbqt
o1c2=[C][C]=C(C3=[C][C]=[C]C(=[C]3)N3C4=C([C]=[C][C]=C4OC4=C3C(=[C][C]=[C]4)[C])[C])[C]=c2c(=O)c2c1[C]=C([C]=[C]2)C1=[C]N=[C][C]=N1	PDBQT/dock_1219.pdbqt
n1(c2C3=C(C4=C(C3([C])[C])[C]=[C][C]=[C]4)[C]=[C]c2c2c1C(=[C][C]=[C]2)[C])C1=[C][C]=[C]C(=[C]1)C1=[C][C]=[C]c2c1oc1=[C][C]=[C][C]=c1c2=O	PDBQT/dock_1220.pdbqt
C1(=[C][C]=C([C]=[C]1)C1=[C]c2c(oc3c(c2=O)[C]=[C][C]=[C]3)[C]=[C]1)n1c2=C([C]=C([C]=c2c2=[C]C(=[C]C(=c12)[C])[C])[C])[C]	PDBQT/dock_1221.pdbqt
O1[C]([C]([C]([C]([C]1[C]O)O)OC(=O)/[C]=[C]/C1=[C]C(=C([C]=[C]1)O)O)O)C1=C([C]=c2c(=C1O)c(=O)c1=[C]C(=C([C]=c1o2)O)O)O	PDBQT/dock_1222.pdbqt
o1c2=C([C]=C(C(=c2c(=O)c2=[C][C]=C(C(=c12)O)O)O[C])O)C([C])([C])[C]=[C]	PDBQT/dock_1223.pdbqt
o1c2C(=C([C]=[C]c2c(=O)c2=[C][C]=C([C]=c12)C(=O)O)O[C][C][C]OC1=C([C]=C(C(=[C]1)O)C1=[C][C]=C(F)[C]=[C]1)[C][C])[C][C][C]C(=O)O	PDBQT/dock_1224.pdbqt
O1[C]([C]C2=[C]C3=C(c4c([C]([C]3O)O)c(c3oc5=[C][C]=C(C(=c5c(=O)c3c4O)O)O[C]3O[C]([C]([C]([C]3)O)O[C]3O[C]([C]([C]([C]3)O)O[C]3O[C]([C]([C]([C]3)O[C])O)[C])[C])[C])O[C])C(=C2C1=O)O)[C][C][C]	PDBQT/dock_1225.pdbqt
n1(c2=C3C(=[C][C]=c2c2c1C(=[C][C]=[C]2)[C])[C@@](C1=[C][C]=[C][C]=C31)(C1=[C][C]=[C][C]=[C]1)C1=[C][C]=[C][C]=[C]1)C1=[C]C(=[C][C]=[C]1)C1=[C]c2oc3=[C][C]=[C][C]=c3c(=O)c2[C]=[C]1	PDBQT/dock_1226.pdbqt
O1[C]([C]C2=[C]C3=C(c4c([C]([C]3O)O)c(c3oc5c(c(=O)c3c4O)C(=C([C]=[C]5)O)O)O[C])C(=C2C1=O)O)[C][C][C]	PDBQT/dock_1227.pdbqt
O1[C]([C]C2=[C]C3=C(c4c([C]([C]3O)O)c(c3oc5=[C][C]=C(C(=c5c(=O)c3c4O)O)O[C]3O[C]([C]([C]([C]3)O[C]3O[C]([C]([C]([C]3)O)O[C]3O[C]([C]([C]([C]3)O[C])O)[C])[C])O)[C])O[C])C(=C2C1=O)O)[C][C][C]	PDBQT/dock_1228.pdbqt
o1c2C(=C([C]=C(c2c(=O)c2=[C][C]=[C]C(=c12)O[C])O[C])O)[C][C]=C([C])[C]	PDBQT/dock_1229.pdbqt
o1c2=[C]C(=[C]C(=c2c(=O)c2=[C][C]=[C][C]=c12)O)N1[C][C]O[C][C]1	PDBQT/dock_1230.pdbqt
o1c2c(c(=O)c3=[C][C]=C([C]=c13)O[C]([C])[C])[C]=[C]C(=[C]2)O[C]([C])[C]	PDBQT/dock_1231.pdbqt
o1c2c(c(=O)c3c1[C]=[C][C]=[C]3)[C]=C([C]=[C]2)O[C]C#C[C]N([C][C])[C][C]	PDBQT/dock_1232.pdbqt
o1c2c(c(=O)c3c1[C]=[C][C]=[C]3)[C]=C([C]=[C]2)O[C]C#C[C]N1[C][C]O[C][C]1	PDBQT/dock_1233.pdbqt
o1c2=C(C(=[C][C]=c2c(=O)c2c1[C]=[C][C]=[C]2)O[C][C]=C([C])[C])C(=O)/[C]=[C]/C1=[C][C]=[C][C]=[C]1	PDBQT/dock_1234.pdbqt
o1c2=C(C(=[C][C]=c2c(=O)c2c1[C]=[C]C(=[C]2)C(=O)O)O[C][C][C][C][C][C][C][C][C][C])[C][C]C(=O)O	PDBQT/dock_1235.pdbqt
C1(=[C][C]=C([C]=[C]1)C1=[C]c2c(oc3c(c2=O)[C]=[C][C]=[C]3)[C]=[C]1)[C]1C2=C(C3=[C][C]=[C]C(=C13)[C][C])[C]=[C][C]=C2[C][C]	PDBQT/dock_1236.pdbqt
ClC1=C(c2oc3c4O[C]O[C]5[C][C]6[C@](c(c45)c(c3c(=O)c2[C]=[C]1)O)(C(=O)C1=C(C6=O)[C]=C(NC1=O)[C])O)O[C]	PDBQT/dock_1237.pdbqt
O1[C][C@@]2([C][C]c3c(C2=O)c2c(-c4oc5c(c(=O)c4[C]=[C]2)C(=C(C(=[C]5)O)O)C(=O)O)c(c3C(=O)[C])[C])C(=O)C2=C1[C]=C(C(=C2C(=O)O)O)O	PDBQT/dock_1238.pdbqt
o1c2=[C]C(=[C][C]=c2c(=O)c2=[C][C]=[C][C]=c12)O[C][C][C][C][C]N([C][C])[C][C]	PDBQT/dock_1239.pdbqt
o1c2c(C(=C(C(=[C]2)O[C])[C][C]C([C])([C])O)O)c(=O)c2=C(C(=C([C]=c12)O)O[C])[C][C]=C([C])[C]	PDBQT/dock_1240.pdbqt
C1(=[C][C]=C([C]=[C]1)C1=[C]c2c(oc3c(c2=O)[C]=[C]C(=[C]3)C2=[C][C]=[C][C]=[C]2)[C]=[C]1)n1c2=C([C]=[C][C]=c2c2=[C][C]=[C]C(=c12)C1=[C][C]=[C][C]=[C]1)C1=[C][C]=[C][C]=[C]1	PDBQT/dock_1241.pdbqt
o1c2=[C]C(=[C][C]=c2c(=O)c2=[C][C]=[C][C]=c12)C1=[C][C]=[C]C(=[C]1)N(C1=[C][C]=C([C]=C1[C])[C])C1=C([C]=C([C]=[C]1)[C])[C]	PDBQT/dock_1242.pdbqt
o1c2c(c(=O)c3c1[C]=[C][C]=C3O)[C]=[C]C(=[C]2)O[C][C]1O[C]1	PDBQT/dock_1243.pdbqt
o1c2=[C]C(=C(C(=c2c(=O)c2=C([C]=[C]C(=c12)O[C])O)O)O)[C]	PDBQT/dock_1244.pdbqt
FC1=[C]c2c(oc3c(c2=O)[C]=[C][C]=[C]3)[C]=C1N1[C][C]N[C][C]1	PDBQT/dock_1245.pdbqt
o1c2=C([C]=[C]C(=c2c(=O)c2=[C][C]=[C][C]=c12)C#N)[C]N1[C]=[C]N=[C]1	PDBQT/dock_1246.pdbqt
o1c2c(c(=O)c3c1[C]=[C][C]=[C]3)[C]=[C]C(=[C]2)O[C][C][C]N[C]1[C][C]1	PDBQT/dock_1247.pdbqt
o1c2c(c(=O)c3c1[C]=[C][C]=[C]3)[C]=[C]C(=[C]2)O[C][C][C]N[C][C][C]	PDBQT/dock_1248.pdbqt
o1c2c([C]=[C]C(=[C]2)O[C][C@@]2(OC(=O)C(=[C])[C]2)[C])c(=O)c2c1[C]=[C][C]=[C]2	PDBQT/dock_1249.pdbqt
O1C([C]=[C]C2=c3oc4=C([C]=[C][C]=c4c(=O)c3=[C][C]=C12)[C]C(=O)O[C])([C])[C]	PDBQT/dock_1250.pdbqt
o1c2=C(c3c(c(nc(c3C(=O)O[C])[C])[C])C(=O)O[C])[C]=[C][C]=c2c(=O)c2c1[C]=[C][C]=[C]2	PDBQT/dock_1251.pdbqt
ClC1=C(c2oc3c4O[C]O[C]5[C](C6=C(c(c45)c(c3c(=O)c2[C]=[C]1)O)C(=C1C(=[C]6)[C]([C](N(C1=O)[C])O[C])O)O)O[C])O[C]	PDBQT/dock_1252.pdbqt
ClC1=C(c2oc3c4O[C]O[C]5[C](C6=C(c(c45)c(c3c(=O)c2[C]=[C]1)O)C(=C1C(=[C]6)[C]([C](N(C1=O)[C])O[C])O)O)O[C])O[C]	PDBQT/dock_1253.pdbqt
o1c2c(c3[C]4[C](C([C]C(=[C]4)[C])([C])[C])[C](c3c(c2O)O)C2=c3c(=C(C(=[C]2)O)O)oc2c(c3=O)C(=[C]C(=[C]2)O)O)c(=O)c2c1[C]=C([C]=C2O)O	PDBQT/dock_1254.pdbqt
o1c2c(c(=O)c3c1C(=C([C]=[C]3)O[C])O[C])c(c(c(c2O[C])O[C])O[C])O[C]	PDBQT/dock_1255.pdbqt
o1c2c(c(c(c(c2O[C])O[C])O[C])O[C])c(=O)c2=[C][C]=[C]C(=c12)O[C]	PDBQT/dock_1256.pdbqt
o1c2c(C(=C(C(=[C]2)O)[C][C]C([C])([C])O)O)c(=O)c2=C(C(=C([C]=c12)O)O)[C][C]=C([C])[C]	PDBQT/dock_1257.pdbqt
o1c2=C(C(=[C][C]=c2c(=O)c2=C(C(=[C][C]=c12)O)O[C])O)O[C]	PDBQT/dock_1258.pdbqt
o1c2c(C(=[C][C]=C2O)[C]=C([C])[C])c(=O)c2c1[C]=C([C]=C2O)O	PDBQT/dock_1259.pdbqt
o1c2c(c(=O)c3c1[C]=C([C]=[C]3)c1n[nH]nn1)[C]=C([C]=[C]2)O[C][C][C]OC(=O)[C]	PDBQT/dock_1260.pdbqt
O1[C]([C]OC2=C1[C]=[C]c1c2oc2c(c1=O)[C]=[C][C]=[C]2)C(=O)O[C][C]	PDBQT/dock_1261.pdbqt
o1c2=[C]C(=[C]C(=c2c(=O)c2=[C][C]=[C][C]=c12)C(=O)O[C][C])N(=O)=O	PDBQT/dock_1262.pdbqt
o1c2=[C][C]=C([C]=c2c(=O)c2=[C][C]=[C][C]=c12)O[C][C](O)[C]N[C][C][C]	PDBQT/dock_1263.pdbqt
o1c2=[C][C]=C([C]=c2c(=O)c2[C]=C([C]=[C]c12)C(=O)[C][C][N]1([C][C]N[C][C]1)C1=[C][C]=C(F)[C]=[C]1)C(=O)[C][C][N]1([C][C]N[C][C]1)C1=[C][C]=C([C]=[C]1)F	PDBQT/dock_1264.pdbqt
O1C([C][C]C2=C([C]=c3oc4c(C5=C(OC([C][C]5)([C])[C])C(=[C]4)O)c(=O)c3=C12)O[C])([C])[C]	PDBQT/dock_1265.pdbqt
O1C([C]=[C]c2c1c(c1oc3=[C][C]=C([C]=c3c(=O)c1c2O)O)[C][C](OO)C(=[C])[C])([C])[C]	PDBQT/dock_1266.pdbqt
N1[C](C(=C(C(=C1N)C(=O)O[C][C])C1=c2oc3=[C][C]=[C][C]=c3c(=O)c2=[C][C]=[C]1)C(=O)O[C][C])[C]	PDBQT/dock_1267.pdbqt
o1c2c(c(c(c(c2[C][C]=C([C])[C])O[C])O)[C][C]=C([C])[C])c(=O)c2c1C(=C([C]=C2O)O)[C][C]=C([C])[C]	PDBQT/dock_1268.pdbqt
O1[C]([C]([C]([C]([C]1[C]O)O)OC(=O)C1=[C][C]=C([C]=[C]1)O)O)C1=C([C]=c2c(=C1O)c(=O)c1=[C]C(=C([C]=c1o2)O)O)O	PDBQT/dock_1269.pdbqt
o1c2=[C]C(=[C][C]=c2c(=O)c2c1[C]=[C][C]=[C]2)O[C][C](O)[C]O	PDBQT/dock_1270.pdbqt
o1c2c(c(=O)c3c1[C]=[C]C(=C3O)O)[C]=[C]C(=C2O[C])O[C]	PDBQT/dock_1271.pdbqt
o1c2=[C]C(=[C][C]=c2c(=O)c2=C([C]=[C][C]=c12)OC(=O)[C])OC(=O)[C]	PDBQT/dock_1272.pdbqt
O1[C]2O[C]=[C][C]2C2=c3oc4=[C][C]=[C]C(=c4c(=O)c3=C([C]=C12)O[C])O[C]	PDBQT/dock_1273.pdbqt
o1c2c(c(=O)c3c1[C]=[C][C]=[C]3)[C]=[C]C(=[C]2)O[C][C](O)[C]N[C]([C][C])[C][C]	PDBQT/dock_1274.pdbqt
o1c2c(C(=C(C(=[C]2)O[C])C([C])([C])[C]=[C])O)c(=O)c2=C(C(=[C][C]=c12)O[C])O[C]	PDBQT/dock_1275.pdbqt
O1C([C]=[C]C2=c3oc4c(c(=O)c3=C([C]=C12)O)C(=C(C(=[C]4)O)O)[C][C]=C([C])[C])([C])[C]	PDBQT/dock_1276.pdbqt
o1c2=[C]C(=[C][C]=c2c(=O)c2=[C][C]=[C][C]=c12)O[C][C@@]1(OC(=O)C(=[C])[C]1)C1=[C][C]=[C][C]=[C]1	PDBQT/dock_1277.pdbqt
o1c2=C(C(=C([C]=c2c(=O)c2=C(C(=C([C]=c12)O)[C][C]=C([C])[C])O)[C][C]=C([C])[C])O)O[C]	PDBQT/dock_1278.pdbqt
N1([C][C]N([C][C]1)C1=c2c(=[C][C]=[C]1)oc1=[C][C]=[C][C]=c1c2=O)[C][C]N1[C][C]N([C][C]1)[C][C]([C])[C]	PDBQT/dock_1279.pdbqt
o1c2c(C(=C(C(=[C]2)OC(=O)[C])[C][C]=C([C])[C])O)c(=O)c2c1[C]=C(C(=[C]2)OC(=O)[C])OC(=O)[C]	PDBQT/dock_1280.pdbqt
N1[C](C(=C(C(=C1[C])C(=O)O[C])C1=c2oc3=[C][C]=[C][C]=c3c(=O)c2=[C][C]=[C]1)C(=O)O[C][C])[C]OC(=O)[C]	PDBQT/dock_1281.pdbqt
o1c2c(c(c(c(c2[C][C]=C([C])[C])O[C])O)[C][C]=C([C])[C])c(=O)c2=C(C(=C([C]=c12)O[C])[C][C]=C([C])[C])O	PDBQT/dock_1282.pdbqt
N1[C](C(=C(C(=C1[C])C(=O)O[C][C]=[C])C1=c2oc3=[C][C]=[C][C]=c3c(=O)c2=[C][C]=[C]1)C(=O)O[C][C])[C]O[C][C]N	PDBQT/dock_1283.pdbqt
ClC1=c2oc3=[C][C]=[C]C(=c3c(=O)c2=[C][C]=C1O[C]C(=O)O)F	PDBQT/dock_1284.pdbqt
o1c2c(c(=O)c3=[C][C]=C(C(=c13)C(=O)[C])C(=O)[C])[C]=C(C(=C2C(=O)[C])C(=O)[C])C(=O)[C]	PDBQT/dock_1285.pdbqt
O1C([C]=[C]C2=C1[C]=c1oc3=[C][C]=[C][C]=c3c(=O)c1=[C]2)([C])[C]	PDBQT/dock_1286.pdbqt
o1c2[C]=C(C(=[C]c2c(=O)c2c1[C]=[C][C]=C2O)O[C])O[C]1O[C]([C]([C]([C]1O)O)O)[C]O	PDBQT/dock_1287.pdbqt
o1c2=[C][C]=C([C]=c2c(=O)c2=[C][C]=C([C]=c12)C#N)O[C][C][C]	PDBQT/dock_1288.pdbqt
o1c2c(C(=C(C(=[C]2)O)[C][C]C([C])([C])[C])O)c(=O)c2=[C]C(=C([C]=c12)O)O	PDBQT/dock_1289.pdbqt
O1C([C]=[C]C2=C1[C]=c1oc3c(c(=O)c1=C2O)[C]=C(C(=[C]3)O[C])O[C])([C])[C]	PDBQT/dock_1290.pdbqt
o1c2=[C][C]=C([C]=c2c(=O)c2c1[C]=[C][C]=[C]2)O[C][C](O)[C]N([C])C([C])([C])[C]	PDBQT/dock_1291.pdbqt
o1c2=[C]C(=[C][C]=c2c(=O)c2=[C][C]=[C][C]=c12)O[C][C](O)[C]N[C]([C])[C][C][C]	PDBQT/dock_1292.pdbqt
o1c2=C([C]=[C][C]=c2c(=O)c2c1[C]=C([C]=C2O)O[C][C]1O[C]1)O[C][C]1O[C]1	PDBQT/dock_1293.pdbqt
o1c2c(C(=[C]C(=[C]2)O[C][C][C][C][C][C][C][C])O)c(=O)c2c1[C]=[C][C]=[C]2	PDBQT/dock_1294.pdbqt
O1[C]([C](OC2=[C]c3c(oc4=[C][C]=[C][C]=c4c3=O)[C]=C12)[C]O)C1=[C]C(=C([C]=[C]1)O)O[C]	PDBQT/dock_1295.pdbqt
O1C2=c3oc4=C([C]=C(C(=c4c(=O)c3=[C][C]=C2[C]=C1C([C])([C])O[C])O)C([C])([C])[C]=[C])O	PDBQT/dock_1296.pdbqt
ClC1=C(C(=[C]c2c1oc1c(c2=O)C(=[C][C]=[C]1)F)[C][C]=[C])O	PDBQT/dock_1297.pdbqt
N1[C](C(=C(C(=C1[C]F)C(=O)O[C])C1=c2oc3=[C][C]=[C][C]=c3c(=O)c2=[C][C]=[C]1)C(=O)O[C]([C])[C])[C]	PDBQT/dock_1298.pdbqt
o1c2c(C(=C(C(=[C]2)O)O[C])[C]/[C]=C(\[C])/[C][C][C]=C([C])[C])c(=O)c2c1C(=C([C]=C2O)O)[C]/[C]=C(\[C])/O	PDBQT/dock_1299.pdbqt
o1c2=[C]C(=C(C(=c2c(=O)c2=C(C(=C([C]=c12)O)[C][C]=C([C])[C])O)[C][C]=C([C])[C])O[C])O[C][C]N([C])[C]	PDBQT/dock_1300.pdbqt
[C](C#[C])OC(=O)C1=C(N[C](C(=C1C1=[C][C]=[C]c2c1oc1c(c2=O)[C]=[C][C]=[C]1)C(=O)O[C][C])[C]O[C][C]N)[C]	PDBQT/dock_1301.pdbqt
o1c2c([C]=C(C(=C2C(=O)[C])[C])C(=O)[C]2[C]OC3=C(C2=O)C(=C(C(=[C]3)O)O)C(=O)O)c(=O)c2c1[C]=C(C(=C2C(=O)O)O)O	PDBQT/dock_1302.pdbqt
O1[C]([C]([C]([C]([C]1[C]O)O)O)OC(=O)/[C]=[C]/C1=[C][C]=C(C(=[C]1)O)O)C1=C(c2c(oc3c(c2=O)[C]=C(C(=[C]3)O)O)[C]=C1O)O	PDBQT/dock_1303.pdbqt
O1[C]([C]([C]([C]([C]1[C]O)O)OC(=O)/[C]=[C]/C1=[C][C]=C([C]=[C]1)O)O)C1=C([C]=c2c(=C1O)c(=O)c1=[C]C(=C([C]=c1o2)O)O)O	PDBQT/dock_1304.pdbqt
o1c2c(c(=O)c3=[C][C]=[C]C(=c13)O)c(c(c(c2O)O)O)O	PDBQT/dock_1305.pdbqt
O1C([C]C(=O)C2=C1[C]=c1oc3c(c(=O)c1=[C]2)[C]=[C][C]=[C]3)([C])[C]	PDBQT/dock_1306.pdbqt
o1c2c(c(=O)c3=[C][C]=C([C]=c13)OC(=O)[C])[C]=[C]C(=[C]2)OC(=O)[C]	PDBQT/dock_1307.pdbqt
o1c2=[C][C]=C([C]=c2c(=O)c2c1[C]=C([C]=[C]2)O[C])[C]N[C][C]([C])O	PDBQT/dock_1308.pdbqt
o1c2=[C]C3=C(O[C]O3)C(=c2c(=O)c2=C(C(=[C][C]=c12)O[C])O[C])O[C]	PDBQT/dock_1309.pdbqt
o1c2=C([C]=C(C(=c2c(=O)c2=C([C]=C([C]=c12)O[C])O)O[C])O[C])O[C]	PDBQT/dock_1310.pdbqt
O1[C]([C]C2=C1[C]=C(c1c2oc2=C([C]=[C][C]=c2c1=O)O)O[C])[C@]1(O[C]1)[C]	PDBQT/dock_1311.pdbqt
o1c2=[C]C(=[C][C]=c2c(=O)c2=[C]C(=[C][C]=c12)O[C][C]1O[C]1)O[C][C]1O[C]1	PDBQT/dock_1312.pdbqt
o1c2=[C][C]=C([C]=c2c(=O)c2c1[C]=C([C]=[C]2)C#N)S[C][C]	PDBQT/dock_1313.pdbqt
o1c2c(C(=C(C(=[C]2)O)O)C([C])([C])[C]=[C])c(=O)c2C(=C(C(=[C]c12)O)C([C])([C])[C]=[C])O	PDBQT/dock_1314.pdbqt
O1[C]([C](OC2=C1c1oc3c(c(=O)c1[C]=[C]2)[C]=[C][C]=[C]3)C1=[C][C]=C(C(=[C]1)O[C])O)[C]O	PDBQT/dock_1315.pdbqt
o1c2=[C]C(=C([C]=c2c(=O)c2=[C]C(=C([C]=c12)OC(=O)[C])OC(=O)[C])OC(=O)[C])OC(=O)[C]	PDBQT/dock_1316.pdbqt
N1[C](C(=C(C(=C1[C]F)C(=O)O[C])C1=c2oc3=[C][C]=[C][C]=c3c(=O)c2=[C][C]=[C]1)C(=O)O[C][C])[C]	PDBQT/dock_1317.pdbqt
N1[C](C(=C(C(=C1N)C(=O)O[C][C])C1=c2oc3=[C][C]=[C][C]=c3c(=O)c2=[C][C]=[C]1)C(=O)O[C][C]=[C])[C]	PDBQT/dock_1318.pdbqt
o1c2c(c(=O)c3c1C(=C([C]=[C]3)OC(=O)[C])OC(=O)[C])[C]=C(C(=C2OC(=O)[C])OC(=O)[C])OC(=O)[C]	PDBQT/dock_1319.pdbqt
N1[C](C(=C(C(=C1[C])C(=O)O[C][C]=[C])C1=C([C]=[C]c2c1oc1c(c2=O)[C]=[C][C]=[C]1)Cl)C(=O)O[C][C]=[C])[C]	PDBQT/dock_1320.pdbqt
o1c2=C([C]=C([C]=c2c(=O)c2=[C][C]=[C][C]=c12)C#N)C#N	PDBQT/dock_1321.pdbqt
o1c2=[C]C3=C([C]=c2c(=O)c2=[C][C]=[C][C]=c12)C(=[C]C(=O)O3)[C]	PDBQT/dock_1322.pdbqt
o1c2=[C][C]=C([C]=c2c(=O)c2c1[C]=C([C]=[C]2)O[C])[C]N[C][C]([C])O	PDBQT/dock_1323.pdbqt
O1[C]([C]C2=C1[C]=[C]c1c2oc2c(c1=O)[C]=[C][C]=C2[C]C(=O)O[C])[C]	PDBQT/dock_1324.pdbqt
O1[C]([C]OC2=C1c1oc3c(c(=O)c1[C]=[C]2)[C]=[C][C]=[C]3)C(=O)O[C][C]	PDBQT/dock_1325.pdbqt
O1[C]([C]C2=c3oc4c(c(=O)c3=C([C]=C12)O[C])[C]=[C][C]=C4O[C])[C@@]1(O[C]1)[C]	PDBQT/dock_1326.pdbqt
o1c2=[C][C]=[C]C3=c2c(=O)c2=C(O[C][C]O[C][C]O[C][C]O[C][C]O3)[C]=[C][C]=c12	PDBQT/dock_1327.pdbqt
o1c2c(C(=C(C(=[C]2)O)[C]2O[C]([C]([C]([C]2O)O)O)[C]O)O)c(=O)c2=[C]C(=C([C]=c12)O)O	PDBQT/dock_1328.pdbqt
O1C([C]=[C]C2=C1[C]=c1oc3c(c(=O)c1=C2[C]N[C][C]N([C][C])[C][C])[C]=[C][C]=[C]3)([C])[C]	PDBQT/dock_1329.pdbqt
O1[C]([C]C2=C1[C]=c1oc3c(c(=O)c1=C2O)c(c(c(c3O)O)O)[C][C]=C([C])[C])C(=[C])[C]	PDBQT/dock_1330.pdbqt
o1c2=[C][C]=[C]C3=c2c(=O)c2=C(O[C][C]O[C][C]O[C][C]O[C][C]O[C][C]O3)[C]=[C][C]=c12	PDBQT/dock_1331.pdbqt
O1[C]([C](C2=C1c1oc3c(c(=O)c1[C]=[C]2)C(=C([C]=C3O[C])C([C])([C])[C]=[C])O[C])O[C])C([C])([C])O	PDBQT/dock_1332.pdbqt
o1c2c(c(c(c(c2c(=O)c2c1[C]=[C][C]=[C]2)O)[C]C1=[C][C]=[C][C]=C1O)O)C(=O)[C][C]C1=[C][C]=[C][C]=[C]1	PDBQT/dock_1333.pdbqt
o1c2C(=[C][C]=[C]c2c(=O)c2c1[C]=[C][C]=[C]2)[C][C]C(=O)O	PDBQT/dock_1334.pdbqt
[C]([C][C][C]N([C])[C]C1=[C][C]=[C]C(=[C]1)OC(=O)N[C])[C][C]OC1=[C][C]=c2c(=[C]1)oc1c(c2=O)[C]=[C][C]=[C]1	PDBQT/dock_1335.pdbqt
N1[C](C(=C(C(=C1[C])C(=O)O[C][C])C1=[C][C]=[C]c2c1oc1c(c2=O)[C]=[C][C]=[C]1)C(=O)O[C][C])[C]O[C][C]N	PDBQT/dock_1336.pdbqt
[C](C#[C])OC(=O)C1=C(N[C](C(=C1C1=[C][C]=[C]c2c1oc1c(c2=O)[C]=[C][C]=[C]1)C(=O)O[C][C])[C]OC(=O)[C])[C]	PDBQT/dock_1337.pdbqt
C1(=C([C]=C([C]=[C]1)S(=O)(=O)NC1=[C][C]=[C][C]=N1)C(=N)N)N[C]C1=c2oc3c(c(=O)c2=[C][C]=[C]1)[C]=[C]C(=[C]3)Cl	PDBQT/dock_1338.pdbqt
C1(=[C][C]=C([C]=[C]1)NC(=O)C1=[C][C]=[C]c2c1oc1=[C][C]=[C][C]=c1c2=O)O[C][C]N([C])[C][C]C1=[C][C]=C(C(=[C]1)O[C])O[C]	PDBQT/dock_1339.pdbqt
o1c2c(c(=O)c3c1[C]=[C][C]=[C]3)[C]=C(C(=C2O[C])O)O	PDBQT/dock_1340.pdbqt
o1c2=C(C3=C(O[C]O3)[C]=c2c(=O)c2c1[C]=[C]C(=[C]2)O)O	PDBQT/dock_1341.pdbqt
[N](#[C])C1=C([C]=[C][C]=[C]1)C1=C([C]=c2c(=[C]1)oc1c(c2=O)[C]=C(C2=[C][C]=[C]C(=[C]2)n2c3=C([C]=[C][C]=c3c3c2C(=[C][C]=[C]3)[C])[C])[C]=[C]1)[C]	PDBQT/dock_1342.pdbqt
o1c2c(C(=C([C]=[C]2)O[C][C][C]OC2=C([C]=C(C(=[C]2)O)C2=[C][C]=[C][C]=[C]2)[C][C])[C][C]C(=O)O)c(=O)c2c1[C]=C([C]=[C]2)C(=O)O	PDBQT/dock_1343.pdbqt
ClC1=[C][C]=c2c(=O)c3c(c4[C@@]5([C@]([C][C]6O[C]Oc(c46)c3oc2=C1O[C])(C(=O)[C]([C](C5=O)[C])[C][C]([C])N([C])C(=O)[C])[C])O)O	PDBQT/dock_1344.pdbqt
o1c2=C(C(=C([C]=c2c(=O)c2=C([C]=C(C(=c12)O)O)O)C(=O)C1=[C]OC2=C(C1=O)C(=C(C(=[C]2)O)O)C(=O)O)[C])C(=O)[C]	PDBQT/dock_1345.pdbqt
o1c2=C(C(=C([C]=c2c(=O)c2=C(C(=C([C]=c12)O)O)C(=O)O)C(=O)[C])C1=[C]C(=C(C(=[C]1)C(=O)C1=C(C(=C([C]=C1O)O)O)C(=O)O)O)C(=O)[C])C(=O)[C]	PDBQT/dock_1346.pdbqt
o1c2=[C]C(=[C][C]=c2c(=O)c2=[C][C]=[C][C]=c12)C1=[C][C]=[C]C(=[C]1)n1c2=C([C]=[C][C]=c2c2c1C(=[C][C]=[C]2)[C])[C]	PDBQT/dock_1347.pdbqt
o1c2=[C][C]=[C]C(=c2c(=O)c2=[C]C(=[C][C]=c12)C1=[N]=C(N=C([N]1)C1=[C][C]=[C][C]=[C]1)C1=[C][C]=[C][C]=[C]1)C1=[C][C]=[C]C(=[C]1)N1C2=C(C(C3=[C][C]=[C]C(=C13)[C])([C])[C])[C]=[C][C]=C2[C]	PDBQT/dock_1348.pdbqt
ClC1=[C][C]=c2c(=O)c3c(c4[C@@]5([C]([C][C]6O[C]Oc(c46)c3oc2=C1O[C])C(=O)[C]([C](C5=O)[C])[C][C]([C])N([C])C(=O)[C])O)O[C]	PDBQT/dock_1349.pdbqt
n1(c2C3=C(C4=C(C3([C])[C])[C]=[C][C]=[C]4)[C]=[C]c2c2c1C(=[C][C]=[C]2)C1=[C][C]=[C][C]=[C]1)C1=[C][C]=[C]C(=[C]1)C1=[C][C]=c2c(=[C]1)oc1c(c2=O)[C]=[C][C]=[C]1	PDBQT/dock_1350.pdbqt
n1(c2c(C3=C(C4=[C][C]=[C][C]=C4C3([C])[C])[C]=C2[C]([C])[C])c2c1C(=[C][C]=[C]2)[C]([C])[C])C1=[C][C]=[C]C(=[C]1)C1=[C][C]=c2c(=[C]1)oc1c(c2=O)[C]=C([C]=[C]1)C1=[C]N=[C][C]=[C]1	PDBQT/dock_1351.pdbqt
o1c2=C([C]=[C][C]=c2c(=O)c2=[C][C]=[C]C(=c12)O[C][C]N([C][C])[C][C])O[C][C]N([C][C])[C][C]	PDBQT/dock_1352.pdbqt
C1(=[C][C]=C([C]=[C]1)C1=[C]c2c(oc3c(c2=O)[C]=[C][C]=[C]3)[C]=[C]1)n1c2=C([C]=[C][C]=c2c2=[C][C]=[C]C(=c12)[C]([C])[C])[C]([C])[C]	PDBQT/dock_1353.pdbqt
ClC1=[C][C]=c2c(=O)c3c(c4[C@@]5([C@]([C][C]6O[C]Oc(c46)c3oc2=C1O[C])(C(=O)[C]([C](C5=O)[C])/[C]=C(/[C])\N=C(\[C])/O[C])[C])O)O[C]	PDBQT/dock_1354.pdbqt
C1(=[C][C]=C([C]=[C]1)C1=[C]c2c(oc3c(c2=O)[C]=C([C]=[C]3)C2=[C][C]=[C][C]=[C]2)[C]=[C]1)n1c2=C([C]=[C][C]=c2c2=[C][C]=[C]C(=c12)[C]([C])[C])[C]([C])[C]	PDBQT/dock_1355.pdbqt
ClC1=[C][C]=c2c(=O)c3c(c4[C@@]5([C@]([C][C]6O[C]Oc(c46)c3oc2=C1O[C])(C(=O)[C]([C](C5=O)[C])[C]/C(=N/[C]([C])O[C])/[C])[C])O)O	PDBQT/dock_1356.pdbqt
o1c2=C([C]=[C]C(=c2c(=O)c2=[C][C]=C([C]=c12)O)O)O	PDBQT/dock_1357.pdbqt
n1(c2=C(C3=C([C]=c2c2=[C][C]=[C]C(=c12)[C]([C])[C])[C]1C(=[C]3)[C]=[C][C]=[C]1)[C]([C])[C])C1=[C][C]=[C]C(=[C]1)C1=[C][C]=c2c(=[C]1)oc1c(c2=O)[C]=[C][C]=[C]1	PDBQT/dock_1358.pdbqt
[C@]1(C2=[C][C]=C3C(=C2C2=C1[C]=[C][C]=[C]2)[C](C1=C([C]=[C][C]=C31)C1=[C][C]=[C][C]=[C]1)C1=[C][C]=[C]C(=[C]1)C1=[C][C]=c2c(=[C]1)oc1c(c2=O)[C]=C([C]=[C]1)C1=[C][C]=[C][C]=[C]1)(C1=[C][C]=[C][C]=[C]1)C1=[C][C]=[C][C]=[C]1	PDBQT/dock_1359.pdbqt
C1(=[C][C]=C([C]=[C]1)C1=[C]c2c(oc3c(c2=O)[C]=[C]C(=[C]3)[C])[C]=[C]1)n1c2=C([C]=[C][C]=c2c2=[C][C]=[C]C(=c12)[C])[C]	PDBQT/dock_1360.pdbqt
o1c2c(C(=C([C]=C2O)O)[C]=C([C])[C])c(=O)c2c1[C]=C([C]=C2O)O	PDBQT/dock_1361.pdbqt
N1[C](C(=C(C(=C1N)C(=O)O[C][C])C1=c2oc3=[C][C]=[C][C]=c3c(=O)c2=[C][C]=[C]1)C(=O)O[C])[C]	PDBQT/dock_1362.pdbqt
[C](C#[C])OC(=O)C1=C(N[C](C(=C1C1=c2oc3=[C][C]=[C][C]=c3c(=O)c2=[C][C]=[C]1)C(=O)O[C])[C]F)[C]	PDBQT/dock_1363.pdbqt
N1[C](C(=C(C(=C1[C])C(=O)O[C][C]=[C])C1=[C]C(=[C]c2c1oc1c(c2=O)[C]=[C][C]=[C]1)Cl)C(=O)O[C][C]=[C])[C]	PDBQT/dock_1364.pdbqt
ClC1=C(c2oc3c4O[C]O[C]5[C](C6=C(c(c45)c(c3c(=O)c2[C]=[C]1)O)C(=C1C(=[C]6)[C]([C](N(C1=O)[C])O[C])O)O)O[C])O[C]	PDBQT/dock_1365.pdbqt
ClC1=C(c2oc3c4O[C]O[C]5[C](C6=C(c(c45)c(c3c(=O)c2[C]=[C]1)O)C(=C1C(=[C]6)[C]([C](N(C1=O)[C])O[C])O)O)O[C])O[C]	PDBQT/dock_1366.pdbqt
C1(=C([C]=[C][C]=[C]1)C1=[C]c2c(oc3c(c2=O)[C]=[C][C]=[C]3)[C]=[C]1)n1c2=C([C]=[C][C]=c2c2c1C(=[C][C]=[C]2)[C])[C]	PDBQT/dock_1367.pdbqt
o1c2c(c(=O)c3c1[C]=[C][C]=[C]3)C(=[C]C(=C2O)O[C])[C]=O	PDBQT/dock_1368.pdbqt
o1c2c(c(=O)c3c1C(=[C][C]=[C]3)O)C(=C([C]=[C]2)O[C])O[C]	PDBQT/dock_1369.pdbqt
o1c2c(c(=O)c3c1[C]=[C][C]=[C]3)[C]=[C]C(=C2OC(=O)[C])OC(=O)[C]	PDBQT/dock_1370.pdbqt
C1(=[C][C]=C([C]=[C]1)C1=[C]c2c(oc3c(c2=O)[C]=[C][C]=[C]3)[C]=[C]1)n1c2=C([C]=[C][C]=c2c2=[C][C]=[C]C(=c12)[C])[C]	PDBQT/dock_1371.pdbqt
ClC1=C(c2oc3c4O[C]O[C]5[C][C]6[C@@](c(c45)c(c3c(=O)c2[C]=[C]1)O)(C(=O)[C]([C](C6=O)[C][C]([C])N([C])C(=O)[C])[C])O)O[C]	PDBQT/dock_1372.pdbqt
ClC1=[C][C]=c2c(=O)c3c(c4[C@@]5([C]([C][C]6O[C]Oc(c46)c3oc2=C1O[C])C(=O)[C]([C](C5=O)[C])/[C]=C(/[C])\N=C(/[C])\O[C])O)O[C]	PDBQT/dock_1373.pdbqt
ClC1=[C][C]=c2c(=O)c3c(c4[C@@]5([C@]([C][C]6O[C]Oc(c46)c3oc2=C1O[C])(C(=O)[C]([C](C5=O)[C])[C][C]([C])N([C])C(=O)[C])[C])O)O[C]	PDBQT/dock_1374.pdbqt
o1c2C(=[C][C]=[C]c2c(=O)c2=[C][C]=[C]C(=c12)N([C][C])[C][C])N([C][C])[C][C]	PDBQT/dock_1375.pdbqt
o1c2=C([C]=[C][C]=c2c(=O)c2=[C][C]=[C]C(=c12)O[C][C][C]N([C][C])[C][C])O[C][C][C]N([C][C])[C][C]	PDBQT/dock_1376.pdbqt
o1c2=[C]C(=[C][C]=c2c(=O)c2c1[C]=C([C]=[C]2)O[C][C][C]N([C][C])[C][C])O[C][C][C]N([C][C])[C][C]	PDBQT/dock_1377.pdbqt
o1c2=C([C]=C([C]=c2c(=O)c2c1C(=[C][C]=[C]2)[C])[C])[C]C(=O)O	PDBQT/dock_1378.pdbqt
C1(=C([C]=[C][C]=[C]1)C1=[C]c2c(oc3c(c2=O)[C]=[C][C]=[C]3)[C]=[C]1)n1c2=C([C]=C([C]=c2c2c1C(=[C]C(=[C]2)[C])[C])[C])[C]	PDBQT/dock_1379.pdbqt
C1(=[C]C(=C([C]=[C]1)C1=[C][C]=[C][C]=[C]1)C1=[C][C]=c2c(=[C]1)oc1c(c2=O)[C]=[C][C]=[C]1)n1c2=C([C]=[C][C]=c2c2c1C(=[C][C]=[C]2)[C])[C]	PDBQT/dock_1380.pdbqt
ClC1=[C][C]=c2c(=O)c3c(c4[C@@]5([C]([C][C]6O[C]Oc(c46)c3oc2=C1O[C])C(=O)[C]([C](C5=O)[C])/[C]=C(/[C])\N=C(/[C])\O[C])O)O	PDBQT/dock_1381.pdbqt
n1(c2C(=C3C(=[C]c2c2c1C(=[C][C]=[C]2)[C][C][C][C])C(C1=C3[C]=[C][C]=[C]1)([C])[C])[C][C][C][C])C1=[C][C]=C([C]=[C]1)C1=[C]c2c(oc3c(c2=O)[C]=[C][C]=[C]3)[C]=[C]1	PDBQT/dock_1382.pdbqt
o1c2=[C][C]=C([C]=c2c(=O)c2=[C]C(=[C][C]=c12)C(=O)[C][C]N1[C][C]N([C][C]1)C1=[C][C]=[C][C]=[C]1)C(=O)[C][C]N1[C][C]N([C][C]1)C1=[C][C]=[C][C]=[C]1	PDBQT/dock_1383.pdbqt
o1c2=[C]C(=[C][C]=c2c(=O)c2=[C]C(=C([C]=c12)C1=[C][C]=[C][C]=[C]1)C1=[C][C]=[C][C]=[C]1)C1=[C][C]=C([C]=[C]1)n1c2=C([C]=[C][C]=c2c2c1C(=[C][C]=[C]2)[C])[C]	PDBQT/dock_1384.pdbqt
C1(=[C][C]=C([C]=[C]1)C1=[C][C]=c2c(=[C]1)oc1c(c2=O)[C]=[C][C]=[C]1)[C]1C2=C([C]=[C][C]=C2C2=[C][C]=[C]C(=C12)[C])[C]	PDBQT/dock_1385.pdbqt
O=C(NC1=[C]C2=C([C]=C(N=C2[C]=[C]1)[C]([C])[C])N)NC1=[C]c2c(oc3c(c2=O)[C]=C([C]=[C]3)O[C])[C]=[C]1	PDBQT/dock_1386.pdbqt
o1c2c(C(=C(C(=[C]2)O)[C][C]=C([C])[C])O)c(=O)c2c1[C]=C(C(=[C]2)O)O	PDBQT/dock_1387.pdbqt
o1c2c(c(=O)c3c1[C]=[C][C]=[C]3)[C]=[C]C(=[C]2)O[C][C][C][C][C][C]N[C]([C])[C]	PDBQT/dock_1388.pdbqt
o1c2c([C]=[C]C(=[C]2)O[C][C][C][C][C]N[C]2[C][C][C][C][C]2)c(=O)c2c1[C]=[C][C]=[C]2	PDBQT/dock_1389.pdbqt
O1C([C]=[C]C2=C1[C]=C(c1c2oc2c(c1=O)[C]=[C][C]=[C]2)N[C][C]N1[C][C][C][C]1)([C])[C]	PDBQT/dock_1390.pdbqt
o1c2c(C(=[C]C(=[C]2)O[C])O[C][C](O)[C]N[C][C][C])c(=O)c2c1[C]=C(C(=[C]2)O[C])O[C]	PDBQT/dock_1391.pdbqt
O1[C]([C](OC2=C(c3oc4=[C][C]=[C][C]=c4c(=O)c3[C]=C12)O[C])[C]O)C1=[C]C(=C([C]=[C]1)O)O[C]	PDBQT/dock_1392.pdbqt
O1C([C]([C](C2=C1[C]=c1oc3c(c(=O)c1=C2O[C])[C]=C1C(=[C]3)[C]=[C][C]=[C]1)OC(=O)[C])OC(=O)[C])([C])[C]	PDBQT/dock_1393.pdbqt
O1[C]([C]([C]([C]([C]1C1=c2oc3=[C]C(=C([C]=c3c(=O)c2=C([C]=C1O)O)O[C])O)O)O)O)[C]O[C]1O[C][C@]([C]1O)(O)[C]O	PDBQT/dock_1394.pdbqt
O1[C@]([C][C](C2=C1c1oc3c(c(=O)c1C(=[C]2)O)[C]=[C][C]=C3O)[C]=C([C])[C])([C])/[C]=[C]/C1=[C]C(=c2c(=C1O)oc1c(c2=O)[C]=[C][C]=C1O)O	PDBQT/dock_1395.pdbqt
o1c2c(C(=C(C(=[C]2)O)[C]/[C]=C(\[C])/[C][C][C]=C([C])[C])O)c(=O)c2=[C]C(=C([C]=c12)O)O	PDBQT/dock_1396.pdbqt
o1c2=[C][C]=C([C]=c2c(=O)c2=[C][C]=C([C]=c12)C(=O)N)O[C][C][C]OC(=O)[C]	PDBQT/dock_1397.pdbqt
ClC1=[C]c2oc3=[C][C]=C([C]=c3c(=O)c2[C]=[C]1)[C]N[C]([C]O)[C]	PDBQT/dock_1398.pdbqt
O1[C]([C]OC2=C1[C]=c1oc3c(c(=O)c1=[C]2)[C]=[C][C]=[C]3)C(=O)O[C][C]	PDBQT/dock_1399.pdbqt
o1c2=[C][C]=C([C]=c2c(=O)c2c1[C]=C([C]=[C]2)C(=O)O)S[C][C]	PDBQT/dock_1400.pdbqt
O1[C]([C]C2=c3oc4c(c(=O)c3=C([C]=C12)O[C])[C]=[C][C]=C4O)[C@@]1(O[C]1)[C]	PDBQT/dock_1401.pdbqt
O1[C]([C]C2=c3oc4c(c(=O)c3=C([C]=C12)O[C])[C]=[C][C]=C4O[C])[C@]1(O[C]1)[C]	PDBQT/dock_1402.pdbqt
o1c2=[C][C]=C([C]=c2c(=O)c2c1[C]=[C][C]=[C]2)O[C][C](O)[C]N1[C][C]O[C][C]1	PDBQT/dock_1403.pdbqt
O1C([C]=[C]C2=C(c3c(oc4=[C][C]=[C][C]=c4c3=O)[C]=C12)N[C][C]N1[C][C][C][C]1)([C])[C]	PDBQT/dock_1404.pdbqt
O1c2c(c3oc4=[C][C]=C([C]=c4c(=O)c3c(c2[C]=[C]C1([C])[C])O)O)[C](O)[C]1OC1([C])[C]	PDBQT/dock_1405.pdbqt
o1c2c(c3c(c4c2[C]=[C][C]=[C]4)[C]=[C][C]=[C]3)c(=O)c2=[C][C]=[C][C]=c12	PDBQT/dock_1406.pdbqt
O1C([C]([C](C2=C1[C]=c1oc3c(c(=O)c1=C2O[C])[C]=[C][C]=[C]3)OC(=O)[C])OC(=O)[C])([C])[C]	PDBQT/dock_1407.pdbqt
o1c2=C(C(=[C]C(=c2c(=O)c2=[C]C(=C([C]=c12)O)O)O)O)O[C]1O[C]([C]([C]([C]1O)O)O)[C]O	PDBQT/dock_1408.pdbqt
O1C(=C([C](C(=C1N)C(=O)O[C][C])C1=[C][C]=[C]c2c1oc1c(c2=O)[C]=[C][C]=[C]1)C(=O)O[C][C])[C]	PDBQT/dock_1409.pdbqt
N1[C](C(=C(C(=C1N)C(=O)O[C][C])C1=[C][C]=[C]c2c1oc1c(c2=O)[C]=[C][C]=[C]1)C(=O)O[C]([C])[C])[C]	PDBQT/dock_1410.pdbqt
O1C([C]([C](C2=c3oc4=[C]C5=[C][C]=[C][C]=C5[C]=c4c(=O)c3=C([C]=C12)O[C])OC(=O)[C])OC(=O)[C])([C])[C]	PDBQT/dock_1411.pdbqt
o1c2c(c(c(c(c2[C][C]=C([C])[C])O[C])O[C])[C][C]=C([C])[C])c(=O)c2=C(C(=C([C]=c12)O[C])[C][C]=C([C])[C])O	PDBQT/dock_1412.pdbqt
ClC1=C([C]=c2oc3=[C][C]=[C]C(=c3c(=O)c2=[C]1)F)O[C]C(=O)O	PDBQT/dock_1413.pdbqt
O1[C]([C]([C]([C]([C]1[C]O)O)OC(=O)/[C]=[C]/C1=[C][C]=[C][C]=[C]1)O)C1=C([C]=c2c(=C1O)c(=O)c1=[C]C(=C([C]=c1o2)O)O)O	PDBQT/dock_1414.pdbqt
O1[C]([C]([C]([C]([C]1[C]OC(=O)/[C]=[C]/C1=[C][C]=C([C]=[C]1)O)O)O)O)C1=C([C]=c2c(=C1O)c(=O)c1=[C]C(=C([C]=c1o2)O)O)O	PDBQT/dock_1415.pdbqt
o1c2c(c(=O)c3c1C(=[C][C]=[C]3)O[C])C(=[C][C]=C2O[C])O[C]	PDBQT/dock_1416.pdbqt
o1c2=C([C]=[C]C(=c2c(=O)c2=C([C]=C([C]=c12)O[C])O)O[C])O	PDBQT/dock_1417.pdbqt
ClC1=[C]c2oc3=[C][C]=C([C]=c3c(=O)c2[C]=[C]1)[C]N[C]([C]O)[C]	PDBQT/dock_1418.pdbqt
O1[C]([C]OC2=[C]c3oc4=[C][C]=[C][C]=c4c(=O)c3[C]=C12)C(=O)O[C][C]	PDBQT/dock_1419.pdbqt
o1c2=[C]C(=[C][C]=c2c(=O)c2=[C][C]=[C][C]=c12)O[C][C](O)[C]NC([C])([C])[C]	PDBQT/dock_1420.pdbqt
O1C([C]=[C]c2c1c(c1oc3=[C][C]=C([C]=c3c(=O)c1c2O)O)[C][C]=C([C])[C])([C])[C]	PDBQT/dock_1421.pdbqt
O1C([C]=[C]C2=C1[C]=c1oc3c(c(=O)c1=C2O)[C]=C(C(=C3O[C])O)[C][C]=C([C])[C])([C])[C]	PDBQT/dock_1422.pdbqt
o1c2c(c(=O)c3c1[C]=C([C]=[C]3)C(=O)O)[C]=C([C]=[C]2)O[C][C]OC(=O)[C]	PDBQT/dock_1423.pdbqt
FC1=C(c2oc3c(c(=O)c2[C]=[C]1)[C]=[C][C]=C3[C]C(=O)O)[C]	PDBQT/dock_1424.pdbqt
N1[C](C(=C(C(=C1[C])C(=O)O[C][C])C1=[C][C]=[C]c2c1oc1c(c2=O)[C]=[C][C]=[C]1)C(=O)O[C][C])[C]OC(=O)[C]	PDBQT/dock_1425.pdbqt
N1[C](C(=C(C(=C1[C])C(=O)O[C]([C])[C])C1=c2oc3=[C][C]=[C][C]=c3c(=O)c2=[C][C]=[C]1)C(=O)O[C][C])[C]O[C][C]N	PDBQT/dock_1426.pdbqt
O1[C]([C]([C]([C]([C]1[C]O)O)O)OC(=O)C1=[C][C]=C([C]=[C]1)O)C1=C(c2c(oc3c(c2=O)[C]=C(C(=[C]3)O)O)[C]=C1O)O	PDBQT/dock_1427.pdbqt
O1[C]([C]([C]([C]([C]1[C]O)O)O)OC(=O)/[C]=[C]/C1=[C][C]=C([C]=[C]1)O)C1=C(c2c(oc3c(c2=O)[C]=C(C(=[C]3)O)O)[C]=C1O)O	PDBQT/dock_1428.pdbqt
ClC1=C([C]=c2c(=[C]1)oc1=[C][C]=[C]C(=c1c2=O)F)O[C]C(=O)O	PDBQT/dock_1429.pdbqt
o1c2=[C]C(=[C][C]=c2c(=O)c2=[C]C(=[C][C]=c12)OC(=O)[C])OC(=O)[C]	PDBQT/dock_1430.pdbqt
o1c2c(c(=O)c3c1[C]=[C][C]=[C]3)[C]=[C]C(=[C]2)O[C][C](O)[C]N[C][C]=[C]	PDBQT/dock_1431.pdbqt
o1c2c([C]=[C]C(=[C]2)O[C][C][C]N[C]2[C][C][C][C][C]2)c(=O)c2c1[C]=[C][C]=[C]2	PDBQT/dock_1432.pdbqt
O1C([C]2[C](C3=C1[C]=[C]c1oc4c(c(=O)c31)C(=[C]C(=[C]4)O)O)[C]=C([C][C]2)[C])([C])[C]	PDBQT/dock_1433.pdbqt
o1c2=[C]C(=[C]C(=c2c(=O)c2c1C(=[C][C]=[C]2)O)O[C]1O[C]([C]([C]([C]1O)O)O)[C]O)O[C]	PDBQT/dock_1434.pdbqt
O=C(O[C]1O[C]([C]([C]([C]1O)O)O)C(=O)O)[C]C1=c2oc3=C(C(=[C][C]=c3c(=O)c2=[C][C]=[C]1)[C])[C]	PDBQT/dock_1435.pdbqt
o1c2c(c(=O)c3c1C(=C([C]=[C]3)O[C])[C])[C]=[C][C]=C2[C]C(=O)O	PDBQT/dock_1436.pdbqt
O=C(NC(=S)N[C][C][C]1[C][C]N([C][C]1)[C]C1=[C][C]=[C][C]=[C]1)C1=[C]c2oc3=[C][C]=[C][C]=c3c(=O)c2[C]=[C]1	PDBQT/dock_1437.pdbqt
ClC1=C(c2oc3c4O[C]O[C]5[C](C6=C(c(c45)c(c3c(=O)c2[C]=[C]1)O)C(=C1C(=[C]6)[C]([C](N(C1=O)[C])O[C])O)O)O[C])O[C]	PDBQT/dock_1438.pdbqt
O1[C@]2(Oc3c([C]1[C][C][C]2)c(c1c(oc2=[C][C]=C(C(=c2c1=O)O[C])O)c3O[C])O)[C]	PDBQT/dock_1439.pdbqt
Fc1c2c(oc3c(c2=O)c(F)c(F)c(c3F)O)c(F)c(c1F)O[C]	PDBQT/dock_1440.pdbqt
o1c2C(=[C][C]=[C]c2c(=O)c2c1[C]=[C][C]=[C]2)N[C]([C][C])[C]O	PDBQT/dock_1441.pdbqt
o1c2=[C]C(=[C][C]=c2c(=O)c2=[C]C(=[C][C]=c12)O)C(=O)O[C]	PDBQT/dock_1442.pdbqt
o1c2c(c(=O)c3c1[C]=C([C]=[C]3)C(=O)O)[C]=C([C]=[C]2)O[C][C]O	PDBQT/dock_1443.pdbqt
o1c2c(c(=O)c3=[C][C]=C([C]=c13)C#N)[C]=C([C]=[C]2)O[C][C]	PDBQT/dock_1444.pdbqt
o1c2c(c(=O)c3c1[C]=C([C]=[C]3)C(=O)N)[C]=C([C]=[C]2)O[C][C]([C])OC(=O)[C]	PDBQT/dock_1445.pdbqt
o1c2c(C(=C(C(=[C]2)O)[C]2C([C][C]([C]2)C(=[C])[C])([C])[C])O)c(=O)c2=[C][C]=C(C(=c12)O)O	PDBQT/dock_1446.pdbqt
N1[C](C(=C(C(=C1[C])C(=O)O[C])C1=[C][C]=[C]c2c1oc1c(c2=O)[C]=[C][C]=[C]1)C(=O)O[C][C])[C]O[C][C]N	PDBQT/dock_1447.pdbqt
C1(=C([C]=[C][C]=[C]1)C1=[C][C]=c2c(=[C]1)oc1c(c2=O)[C]=[C][C]=[C]1)n1c2=C([C]=[C][C]=c2c2c1C(=[C][C]=[C]2)[C])[C]	PDBQT/dock_1448.pdbqt
Fc1c2oc3c(c(=O)c2c(F)c(F)c1O[C]O[C][C]O[C])c(F)c(F)c(c3F)O[C]	PDBQT/dock_1449.pdbqt
O1C([C]=[C]C2=C1[C]=c1oc3c(c(=O)c1=C2O[C])[C]=[C][C]=[C]3)([C])[C]	PDBQT/dock_1450.pdbqt
o1c2=[C]C(=[C][C]=c2c(=O)c2=[C][C]=[C][C]=c12)O[C][C](O)[C]N([C])[C]	PDBQT/dock_1451.pdbqt
o1c2=[C][C]=C([C]=c2c(=O)c2=[C][C]=C([C]=c12)C(=O)N)O[C][C][C][C]	PDBQT/dock_1452.pdbqt
O1[C]([C]C2=c3oc4c(c(=O)c3=C([C]=C12)O[C])[C]=[C][C]=C4O)[C@]1(O[C]1)[C]	PDBQT/dock_1453.pdbqt
o1c2=C([C]=[C][C]=c2c(=O)c2=[C][C]=C([C]=c12)O[C][C]1O[C]1)O[C][C]1O[C]1	PDBQT/dock_1454.pdbqt
n1(c2=C([C]=[C][C]=c2c2c1C(=[C][C]=[C]2)C1=[C][C]=[C][C]=[C]1)C1=[C][C]=[C][C]=[C]1)C1=[C][C]=C([C]=[C]1)C1=[C]c2c(oc3c(c2=O)[C]=[C][C]=[C]3)[C]=[C]1	PDBQT/dock_1455.pdbqt
o1c2c(C(=C(C(=[C]2)O)O[C]2O[C]([C]([C]([C]2O)O)O)[C]O)O)c(=O)c2=[C]C(=C([C]=c12)O)O	PDBQT/dock_1456.pdbqt
ClC1=C([C]=c2oc3=[C][C]=[C][C]=c3c(=O)c2=[C]1)O[C]C(=O)O	PDBQT/dock_1457.pdbqt
ClC1=[C][C]=c2c(=O)c3c(c4c5[C](O[C]Oc5c3oc2=C1O[C])[C](C1=[C]C2=C(C(=C41)O)C(=O)N([C]([C]2O)O[C])[C])O[C])O	PDBQT/dock_1458.pdbqt
FC1=c2c(=O)c3c(oc2=[C][C]=[C]1)C(=C([C]=[C]3)O[C]C(=O)O)[C]	PDBQT/dock_1459.pdbqt
ClC1=c2oc3=[C]C(=[C]C(=c3c(=O)c2=[C]C(=[C]1)Cl)O)O	PDBQT/dock_1460.pdbqt
FC1=[C][C]=c2oc3c(c(=O)c2=C1N1[C][C]N[C][C]1)[C]=[C][C]=[C]3	PDBQT/dock_1461.pdbqt
o1c2=[C]C(=[C][C]=c2c(=O)c2=[C][C]=[C][C]=c12)O[C][C](O)[C]N[C]1[C][C]1	PDBQT/dock_1462.pdbqt
o1c2c(c(=O)c3c1[C]=C([C]=[C]3)C#N)[C]=C([C]=[C]2)O[C][C]OC(=O)[C][C][C]	PDBQT/dock_1463.pdbqt
O1[C]2O[C]=[C][C]2C2=c3oc4=[C][C]=[C]C(=c4c(=O)c3=C([C]=C12)O[C])O[C]	PDBQT/dock_1464.pdbqt
o1c2c(c(=O)c3c1[C]=[C]C(=[C]3)S[C])[C]=[C]C(=[C]2)C(=O)N	PDBQT/dock_1465.pdbqt
Br[C]1C(OC2=C([C]1O)C(=c1c(=[C]2)oc2c(c1=O)[C]=[C][C]=[C]2)O[C])([C])[C]	PDBQT/dock_1466.pdbqt
O1[C]([C](C2=C1c1oc3c(c(=O)c1[C]=[C]2)C(=C([C]=C3O)C([C])([C])[C]=[C])O)O)C([C])([C])O	PDBQT/dock_1467.pdbqt
o1c2c(c(=O)c3c1[C]=C([C]=C3O)[C])C(=[C]C(=[C]2)O[C]/[C]=C(\[C])/[C][C][C]C([C])([C])O[C])O	PDBQT/dock_1468.pdbqt
O1[C]([C](OC2=C1C(=c1oc3=[C][C]=[C][C]=c3c(=O)c1=[C]2)O[C])[C]O)C1=[C]C(=C([C]=[C]1)O)O[C]	PDBQT/dock_1469.pdbqt
o1c2c(c(c(c(c2O)O)[C]/[C]=C(\[C])/[C][C][C]=C([C])[C])[C][C]=C([C])[C])c(=O)c2c1[C]=C([C]=C2O)O	PDBQT/dock_1470.pdbqt
ClC1=C(c2oc3c4O[C]O[C]5[C](C6=C(c(c45)c(c3c(=O)c2[C]=[C]1)O)C(=C1C(=[C]6)[C]([C](N(C1=O)[C])O[C])O)O)O[C])O[C]	PDBQT/dock_1471.pdbqt
o1c2=[C]C(=[C][C]=c2c(=O)c2=[C][C]=[C][C]=c12)OC(=O)[C]	PDBQT/dock_1472.pdbqt
ClC1=C(c2c(oc3=[C][C]=[C][C]=c3c2=O)[C]=[C]1)C(=O)O	PDBQT/dock_1473.pdbqt
o1c2=C([C]=[C][C]=c2c(=O)c2=[C][C]=[C][C]=c12)N[C]([C][C])[C]O	PDBQT/dock_1474.pdbqt
o1c2=C([C]=C([C]=c2c(=O)c2c1[C]=[C][C]=[C]2)N(=O)=O)N(=O)=O	PDBQT/dock_1475.pdbqt
ClC1=C(c2c(oc3c(c2=O)[C]=[C][C]=[C]3)[C]=[C]1)C(=O)O[C]	PDBQT/dock_1476.pdbqt
o1c2=[C][C]=C([C]=c2c(=O)c2c1[C]=C([C]=[C]2)O[C])[C]N[C]([C]O)[C]	PDBQT/dock_1477.pdbqt
o1c2c(c(=O)c3=[C]C(=[C][C]=c13)O[C])[C]=[C]C(=[C]2)c1n[nH]nn1	PDBQT/dock_1478.pdbqt
o1c2c(c(=O)c3c1[C]=[C][C]=[C]3)[C]=[C]C(=[C]2)O[C][C](O)[C]N[C][C][C][C]	PDBQT/dock_1479.pdbqt
o1c2c(c(=O)c3c1[C]=[C][C]=[C]3)[C]=[C]C(=[C]2)O[C][C](O)[C]N[C][C]([C])[C]	PDBQT/dock_1480.pdbqt
o1c2=[C]C(=[C][C]=c2c(=O)c2=[C]C(=[C][C]=c12)[C])O[C][C](O)[C]N[C]([C])[C]	PDBQT/dock_1481.pdbqt
o1c2C(=[C]C(=[C]c2c(=O)c2=[C]C(=[C][C]=c12)C(=O)O)[S@]([O])([C])[N]C(=O)N)[C][C][C][C][C][C]	PDBQT/dock_1482.pdbqt
o1c2=[C]C(=[C][C]=c2c(=O)c2=[C][C]=[C][C]=c12)O[C][C](O)[C]N[C]1[C][C][C][C][C]1	PDBQT/dock_1483.pdbqt
o1c2=[C][C]=C([C]=c2c(=O)c2c1[C]=[C][C]=[C]2)O[C][C](O)[C]N1[C][C](O[C]([C]1)[C])[C]	PDBQT/dock_1484.pdbqt
o1c2C(=[C][C]=[C]c2c(=O)c2c1[C]=[C][C]=[C]2)[C]N([C])[C]C1=[C][C]=C([C]=[C]1)C([C])([C])[C]	PDBQT/dock_1485.pdbqt
o1c2c(C(=[C]C(=[C]2)O[C][C]2O[C]2)O[C][C]2O[C]2)c(=O)c2=[C][C]=[C][C]=c12	PDBQT/dock_1486.pdbqt
o1c2C(=C([C]=C(c2c(=O)c2c1[C]=C(C(=[C]2)O)O)O)O[C][C]=C([C])[C])[C][C]=C([C])[C]	PDBQT/dock_1487.pdbqt
o1c2=C(C(=[C][C]=c2c(=O)c2=C([C]=[C][C]=c12)O)O[C]1O[C]([C]([C]([C]1O)O)O)C(=O)O)O	PDBQT/dock_1488.pdbqt
N1([C](C(=C(C(=C1[C])C(=O)O[C])C1=c2oc3=[C][C]=[C][C]=c3c(=O)c2=[C][C]=[C]1)C(=O)O[C])[C])[C]	PDBQT/dock_1489.pdbqt
[C](O)([C]N1[C][C]N([C][C]1)[C]C1=[C][C]=[C][C]=[C]1)[C]OC1=[C][C]=c2c(=[C]1)c(=O)c1=[C][C]=[C][C]=c1o2	PDBQT/dock_1490.pdbqt
[C](C#[C])OC(=O)C1=C(N[C](C(=C1C1=c2oc3=[C][C]=[C][C]=c3c(=O)c2=[C][C]=[C]1)C(=O)O[C][C])N)[C]	PDBQT/dock_1491.pdbqt
N1[C](C(=C(C(=C1[C]F)C(=O)O[C])C1=c2oc3=[C][C]=[C][C]=c3c(=O)c2=[C][C]=[C]1)C(=O)O[C][C]=[C])[C]	PDBQT/dock_1492.pdbqt
BrC1=[C]C(=[C]c2c1oc1c(c2=O)C(=[C][C]=[C]1)F)O[C]C(=O)O	PDBQT/dock_1493.pdbqt
FC1=c2c(=[C][C]=[C]1)oc1=[C]C(=[C][C]=c1c2=O)O[C]C(=O)O	PDBQT/dock_1494.pdbqt
o1c2=C([C]=[C][C]=c2c(=O)c2=C([C]=[C][C]=c12)O[C][C]=C([C])[C])O[C][C]=C([C])[C]	PDBQT/dock_1495.pdbqt
o1c2=C([C]=[C]C(=c2c(=O)c2=[C][C]=[C][C]=c12)[C])N(=O)=O	PDBQT/dock_1496.pdbqt
o1c2c(C3=[C][C]=[C][C]=C3[C]=C2[C])c(=O)c2c1[C]=[C][C]=[C]2	PDBQT/dock_1497.pdbqt
o1c2c(c(=O)c3c1[C]=[C][C]=[C]3)[C]=[C]C(=[C]2)c1oc(nn1)[C]	PDBQT/dock_1498.pdbqt
ClC1=[C]c2c(=O)c3c(oc2[C]=[C]1)[C]=[C]C(=[C]3)C(=O)O[C][C]	PDBQT/dock_1499.pdbqt
o1c2=[C][C]=C([C]=c2c(=O)c2=[C][C]=[C][C]=c12)O[C][C](O)[C]N([C])[C]	PDBQT/dock_1500.pdbqt
o1c2=[C]C(=C([C]=c2c(=O)c2=[C]C(=[C][C]=c12)[C])C(=O)O[C])C(=O)O[C]	PDBQT/dock_1501.pdbqt
O1C([C]([C]C2=C1[C]=C(c1c2oc2=[C][C]=[C][C]=c2c1=O)O[C])O)([C])[C]	PDBQT/dock_1502.pdbqt
o1c2=[C]C(=[C]C(=c2c(=O)c2=C([C]=C([C]=c12)O[C][C]=C([C])[C])O)O)[C]	PDBQT/dock_1503.pdbqt
ClC1=[C][C]=c2c(=O)c3[C]=C([C]=[C]c3oc2=[C]1)[C]N[C]([C][C])[C]O	PDBQT/dock_1504.pdbqt
o1c2=[C][C]=C3C(=c2c(=O)c2=[C][C]=[C][C]=c12)C(=O)N(C3=O)C1=[C][C]=[C][C]=[C]1	PDBQT/dock_1505.pdbqt
O1C([C]([C](C2=c3oc4c(c(=O)c3=C([C]=C12)O[C])[C]=[C][C]=[C]4)O)O)([C])[C]	PDBQT/dock_1506.pdbqt
ClC1=[C]c2c(=O)c3=[C]C(=[C][C]=c3oc2[C]=[C]1)[C]N([C])[C]([C][C])[C]O	PDBQT/dock_1507.pdbqt
o1c2c(c(=O)c3c1C(=[C][C]=C3O[C])O)C(=[C]C(=C2C(=O)O[C])O)O[C]	PDBQT/dock_1508.pdbqt
o1c2c(C3=C([C][C][C][C][C][C]3)C(=[C]2)C2=[C][C]=[C][C]=[C]2)c(=O)c2=[C][C]=[C][C]=c12	PDBQT/dock_1509.pdbqt
BrC1=[C][C]=C(c2oc3=[C][C]=[C][C]=c3c(=O)c12)[C]Br	PDBQT/dock_1510.pdbqt
O1C([C]([C](C2=C(c3c(oc4=C([C]=[C][C]=c4c3=O)O[C])[C]=C12)O[C])O)O)([C])[C]	PDBQT/dock_1511.pdbqt
o1c2c(c(=O)c3c1[C]=C([C]=[C]3)c1n[nH]nn1)[C]=C([C]=[C]2)O[C][C][C]O	PDBQT/dock_1512.pdbqt
o1c2c(C(=[C][C]=[C]2)[C]N([C])[C]C2=[C][C]=C([C]=[C]2)C([C])([C])[C])c(=O)c2c1[C]=[C][C]=[C]2	PDBQT/dock_1513.pdbqt
O1C([C]=[C]C2=C1[C]=c1oc3=[C][C]=[C][C]=c3c(=O)c1=C2OS([O])([O])C1=[C][C]=C([C]=[C]1)[C])([C])[C]	PDBQT/dock_1514.pdbqt
N1[C](C(=C(C(=[C]1)C(=O)O[C])C1=c2oc3=[C][C]=[C][C]=c3c(=O)c2=[C][C]=[C]1)P(=O)(O[C])O[C])[C]	PDBQT/dock_1515.pdbqt
O1C([C]=[C]c2c1c(c(c1c2oc2=C(C3=C([C]=c2c1=O)[C]=[C]C(O3)([C])[C])O)O)[C][C]=C([C])[C])([C])[C]	PDBQT/dock_1516.pdbqt
N1[C](C(=C(C(=[C]1)C(=O)O[C][C])C1=c2oc3=[C][C]=[C][C]=c3c(=O)c2=[C][C]=[C]1)P(=O)(O[C])O[C])[C]	PDBQT/dock_1517.pdbqt
Br[C]1C(OC2=[C]c3oc4=C([C]=[C][C]=c4c(=O)c3C(=C2[C]1OC(=O)[C])O[C])O[C])([C])[C]	PDBQT/dock_1518.pdbqt
[C](C#[C])OC(=O)C1=C(N[C](C(=C1C1=c2oc3=[C][C]=[C][C]=c3c(=O)c2=[C][C]=C1Cl)C(=O)O[C])[C])[C]	PDBQT/dock_1519.pdbqt
[C](O)([C]OC1=[C][C]=c2c(=[C]1)c(=O)c1=[C][C]=[C][C]=c1o2)[C]OC1=[C][C]=c2c(=[C]1)c(=O)c1=[C][C]=[C][C]=c1o2	PDBQT/dock_1520.pdbqt
N1[C](C(=C(C(=C1[C])C(=O)O[C])C1=c2oc3=[C][C]=[C][C]=c3c(=O)c2=[C]C(=[C]1)Cl)C(=O)O[C]([C])[C])[C]	PDBQT/dock_1521.pdbqt
o1c2=C(C(=[C]C(=c2c(=O)c2=[C][C]=C(C(=c12)OC(=O)[C])OC(=O)[C])OC(=O)[C])OC(=O)[C])C([C])([C])[C]=[C]	PDBQT/dock_1522.pdbqt
BrC1=[C][C]=c2oc3=[C]C(=[C][C]=c3c(=O)c2=[C]1)C1=[C][C]=[C][C]=[C]1	PDBQT/dock_1523.pdbqt
o1c2=[C]C(=[C][C]=c2c(=O)c2=[C][C]=C([C]=c12)C#N)C1=[C]C(=[C]C(=[C]1)[C]1C2=C([C]=[C][C]=C2C2=C1C(=[C][C]=[C]2)[C])[C])C1=[C][C]=[C][C]=[C]1	PDBQT/dock_1524.pdbqt
o1c2c(C(=[C]C(=[C]2)C2=[C][C]=[C]O2)[C])c(=O)c2c1[C]=[C][C]=[C]2	PDBQT/dock_1525.pdbqt
o1c2c(C(=[C]C(=[C]2)O[C][C]2O[C]2)O)c(=O)c2=[C][C]=[C][C]=c12	PDBQT/dock_1526.pdbqt
o1c2c(c(=O)c3=C([C]=[C][C]=c13)O)C(=[C]C(=[C]2)O[C][C]1O[C]1)O	PDBQT/dock_1527.pdbqt
O1[C](C(C2=C1[C]=C(c1c2oc2c(c1=O)[C]=[C][C]=C2O)O)([C])[C])[C]	PDBQT/dock_1528.pdbqt
o1c2=[C][C]=C([C]=c2c(=O)c2c1[C]=C([C]=[C]2)O[C])[C]N[C][C]([C])O	PDBQT/dock_1529.pdbqt
O1C([C]([C](C2=c3oc4c(c(=O)c3=C([C]=C12)O[C])[C]=C1C(=[C]4)[C]=[C][C]=[C]1)O)O)([C])[C]	PDBQT/dock_1530.pdbqt
O1C([C]([C]C2=c3oc4=C([C]=[C][C]=c4c(=O)c3=C([C]=C12)O[C])O[C])OC(=O)[C])([C])[C]	PDBQT/dock_1531.pdbqt
o1c2c(c(c(c3=[C][C]=[C][C]=c23)C2=[C][C]=[C][C]=[C]2)C2=[C][C]=[C][C]=[C]2)c(=O)c2c1[C]=[C][C]=[C]2	PDBQT/dock_1532.pdbqt
O([C][C][C]N([C]C1=[C]C(=[C][C]=[C]1)O)[C][C])C1=[C][C]=c2c(=[C]1)oc1c(c2=O)[C]=[C][C]=[C]1	PDBQT/dock_1533.pdbqt
ClC1=[C][C]=c2oc3=[C]C(=[C]C(=c3c(=O)c2=[C]1)[C][C])C1=C(Cl)[C]=C(Cl)[C]=[C]1	PDBQT/dock_1534.pdbqt
o1c2c([C]=C([C]=[C]2)O[C]2O[C]([C]([C]([C]2O)O)O)[C]O)c(=O)c2=C([C]=[C][C]=c12)O[C]	PDBQT/dock_1535.pdbqt
o1c2[C]=C([C]=C(c2c(=O)c2c1[C]=[C]C(=[C]2)O)O)O[C]1O[C]([C]([C]([C]1O)O)O)[C]O	PDBQT/dock_1536.pdbqt
o1c2=[C]C(=[C]C(=c2c(=O)c2=[C][C]=C(C(=c12)O)O)O)O[C]1[C]([C](O[C]([C]1O)O)[C]O)O	PDBQT/dock_1537.pdbqt
O([C][C@@]1(OC(=O)C(=[C])[C]1)C1=[C][C]=C([C]=[C]1)O[C])C1=[C]c2oc3=[C][C]=[C][C]=c3c(=O)c2[C]=[C]1	PDBQT/dock_1538.pdbqt
N1[C](C(=C(C(=C1[C])C(=O)O[C])C1=c2oc3=[C][C]=[C][C]=c3c(=O)c2=[C]C(=[C]1)Cl)C(=O)O[C][C]=[C])[C]	PDBQT/dock_1539.pdbqt
N1[C](C(=C(C(=[C]1)C(=O)O[C])C1=c2oc3=[C][C]=[C][C]=c3c(=O)c2=[C][C]=[C]1)P1(=O)O[C]C([C]O1)([C])[C])[C]	PDBQT/dock_1540.pdbqt
o1c2c([C]C3=[C][C]=[C]C3=[C]2)c(=O)c2c1[C]=[C][C]=[C]2	PDBQT/dock_1541.pdbqt
[C]([C][C]N([C])[C]C1=[C][C]=[C]C(=[C]1)OC(=O)N[C])[C]OC1=[C][C]=c2c(=[C]1)oc1c(c2=O)[C]=[C][C]=[C]1	PDBQT/dock_1542.pdbqt
[C](C#[C])OC(=O)C1=C(N/C(=[C]/OC(=O)[C])/[C]([C]1C1=[C][C]=[C]c2c1oc1c(c2=O)[C]=[C][C]=[C]1)C(=O)O[C][C])[C]	PDBQT/dock_1543.pdbqt
N1[C](C(=C(C(=C1[C])C(=O)O[C]([C])[C])C1=c2oc3=[C][C]=[C][C]=c3c(=O)c2=[C][C]=[C]1)C(=O)O[C][C])[C]OC(=O)[C]	PDBQT/dock_1544.pdbqt
o1c2=C(C(=[C][C]=c2c(=O)c2=[C][C]=[C][C]=c12)O[C][C][C]OC1=C([C]=C(C(=[C]1)O)C1=[C][C]=C(F)[C]=[C]1)[C][C])[C][C]C(=O)O[C][C]	PDBQT/dock_1545.pdbqt
ClC1=[C]c2c(oc3=[C][C]=[C][C]=c3c2=O)C(=[C]1)[C]O	PDBQT/dock_1546.pdbqt
o1c2=[C]C(=[C][C]=c2c(=O)c2=[C][C]=[C][C]=c12)[C]N1[C]=NN=[C]1	PDBQT/dock_1547.pdbqt
o1c2=[C][C]=C([C]=c2c(=O)c2c1[C]=[C][C]=[C]2)O[C][C]=C([C])[C]	PDBQT/dock_1548.pdbqt
BrC1=c2oc3=[C][C]=[C][C]=c3c(=O)c2=C([C]=[C]1)[C]	PDBQT/dock_1549.pdbqt
o1c2c(C(=[C]C(=[C]2)C2=[C][C]=[C]S2)[C])c(=O)c2c1[C]=[C][C]=[C]2	PDBQT/dock_1550.pdbqt
o1c2=[C]C(=[C][C]=c2c(=O)c2=[C][C]=[C][C]=c12)c1nn(nn1)C(=O)[C]	PDBQT/dock_1551.pdbqt
BrC1=c2c(=C([C]=[C]1)[C]N1[C]=[C]N=[C]1)oc1=[C][C]=[C][C]=c1c2=O	PDBQT/dock_1552.pdbqt
o1c2c(c(=O)c3c1[C]=C([C]=C3O)[C])C(=[C]C(=[C]2)O[C][C]=C([C]O)[C]O)O	PDBQT/dock_1553.pdbqt
C([C])([C])(C#[C])OC1=[C]c2oc3c(c(=O)c2C(=[C]1)O[C])[C]=C1C(=[C]3)[C]=[C][C]=[C]1	PDBQT/dock_1554.pdbqt
ClC1=[C][C]=c2oc3=[C][C]=C4C(=c3c(=O)c2=[C]1)C(=O)N(C4=O)C1=[C][C]=[C][C]=[C]1	PDBQT/dock_1555.pdbqt
ClC1=[C]c2c(=O)c3c(oc2[C]=[C]1)C(=[C]C(=[C]3)C(=O)C1=[C][C]=[C][C]=C1O)[C]=O	PDBQT/dock_1556.pdbqt
o1c2c(c(=O)c3c1[C]=[C][C]=[C]3)[C]=[C]C(=[C]2)O[C][C][C][C]I	PDBQT/dock_1557.pdbqt
O1C([C]=[C]c2c1c(c1oc3=C(C(=[C]C(=c3c(=O)c1c2O[C])O)O[C])O[C])O[C])([C])[C]	PDBQT/dock_1558.pdbqt
o1c2=[C]C(=C([C]=c2c(=O)c2=[C]C(=[C][C]=c12)[C])C(=O)C1=[C][C]=[C][C]=[C]1)C(=O)C1=[C][C]=[C][C]=[C]1	PDBQT/dock_1559.pdbqt
ClC1=[C]c2c(=O)c3C(=C(C(=[C]c3oc2[C]=[C]1)C(=O)O[C])C(=O)O[C])C1=[C][C]=[C][C]=[C]1	PDBQT/dock_1560.pdbqt
O1C([C]([C](C2=C1[C]=C(c1c2oc2=[C][C]=[C][C]=c2c1=O)O[C])OC(=O)[C])OC(=O)[C])([C])[C]	PDBQT/dock_1561.pdbqt
o1c2c3c(=O)c4c1C(=[C][C]=[C]4)O[C][C]O[C][C]O[C][C]O[C][C]O[C][C]OC2=[C][C]=[C]3	PDBQT/dock_1562.pdbqt
o1c2=[C]C(=[C][C]=c2c(=O)c2=[C][C]=C([C]=c12)O[C][C](O)[C]N([C])[C])O[C][C](O)[C]N([C])[C]	PDBQT/dock_1563.pdbqt
Br[C]1C(OC2=C([C]1O)C(=c1c(=[C]2)oc2=C([C]=[C][C]=c2c1=O)O[C])O[C])([C])[C]	PDBQT/dock_1564.pdbqt
o1c2C3=C(C(=O)N(C3=O)[C])[C]=[C]c2c(=O)c2=[C][C]=[C][C]=c12	PDBQT/dock_1565.pdbqt
o1c2c(c(=O)c3=[C][C]=C([C]=c13)C(=O)N)[C]=C([C]=[C]2)O[C][C]	PDBQT/dock_1566.pdbqt
[C](C#[C])OC(=O)C1=C(N[C](C(=C1C1=[C]C(=[C]c2c1oc1c(c2=O)[C]=[C][C]=[C]1)Cl)C(=O)O[C])[C])[C]	PDBQT/dock_1567.pdbqt
o1c2=[C][C]=C([C]=c2c(=O)c2=[C][C]=C([C]=c12)C#N)O[C]	PDBQT/dock_1568.pdbqt
N1[C](C(=C(C(=C1[C])C(=O)O[C])C1=c2oc3=[C][C]=[C][C]=c3c(=O)c2=[C][C]=C1Cl)C(=O)O[C][C]=[C])[C]	PDBQT/dock_1569.pdbqt
o1c2=[C]C(=C(C(=c2c(=O)c2=C(C(=C([C]=c12)O[C][C]=[C])[C][C]=C([C])[C])O)[C][C]=C([C])[C])O[C])O[C][C]=[C]	PDBQT/dock_1570.pdbqt
o1c2C(=C([C]=C(c2c(=O)c2c1C(=C([C]=[C]2)O)O)O)O)[C][C]([C][C]=C([C])[C])C(=[C])[C]	PDBQT/dock_1571.pdbqt
[C](N([C][C][C])[C]C1=[C]C(=[C][C]=[C]1)OC(=O)N[C])[C][C]OC1=[C][C]=c2c(=[C]1)oc1c(c2=O)[C]=[C][C]=[C]1	PDBQT/dock_1572.pdbqt
o1c2=C(C(=[C][C]=c2c(=O)c2c1[C]=[C][C]=[C]2)[C][C](O)C([C])([C])O)O	PDBQT/dock_1573.pdbqt
o1c2C(=C([C]=[C]c2c(=O)c2=[C][C]=[C][C]=c12)[C][C](O)C([C])([C])O)O	PDBQT/dock_1574.pdbqt
O1[C]([C]([C]([C]([C]1OC1=[C][C]=c2c(=C1O)c(=O)c1=C([C]=C(C(=c1o2)O[C])O[C])O)O)O)O)[C]O[C]1O[C][C]([C]([C]1O)O)O	PDBQT/dock_1575.pdbqt
o1c2c(C(=C(C(=[C]2)O)O[C])[C]/[C]=C(\[C])/[C][C][C]2OC2([C])[C])c(=O)c2c1[C]=C([C]=C2O)O	PDBQT/dock_1576.pdbqt
o1c2=[C][C]=C([C]=c2c(=O)c2=C([C]=[C][C]=c12)O)[C]	PDBQT/dock_1577.pdbqt
o1c2=C([C]=[C][C]=c2c(=O)c2c1[C]=[C][C]=[C]2)[C]N[C]	PDBQT/dock_1578.pdbqt
o1c2=[C][C]=C([C]=c2c(=O)c2c1[C]=[C][C]=[C]2)[C]N[C]	PDBQT/dock_1579.pdbqt
o1c2=[C][C]=C([C]=c2c(=O)c2c1[C]=[C][C]=[C]2)O[C][C]1O[C]1	PDBQT/dock_1580.pdbqt
o1c2=C([C]=[C]C(=c2c(=O)c2=[C][C]=C([C]=c12)C(=O)O)[C])[C]	PDBQT/dock_1581.pdbqt
o1c2c(c(=O)c3c1[C]=[C][C]=[C]3)[C]=C([C]=[C]2)C(=O)O[C][C]	PDBQT/dock_1582.pdbqt
BrC1=c2c(=C([C]=[C]1)[C])oc1=[C][C]=[C][C]=c1c2=O	PDBQT/dock_1583.pdbqt
FC1=[C][C]=c2oc3=[C][C]=[C][C]=c3c(=O)c2=C1N1[C][C]N([C][C]1)[C]	PDBQT/dock_1584.pdbqt
o1c2c(C(=[C]C(=[C]2)C2=[C][C]=[C][C]=[C]2)[C])c(=O)c2c1[C]=C(C(=[C]2)[C])[C]	PDBQT/dock_1585.pdbqt
o1c2c(C(=[C][C]=[C]2)NC2=[C][C]=[C]C(=[C]2)O[C])c(=O)c2=[C][C]=[C][C]=c12	PDBQT/dock_1586.pdbqt
ClC1=[C][C]=c2c(=[C]1)oc1=C([C]=[C][C]=c1c2=O)[C]Br	PDBQT/dock_1587.pdbqt
o1c2=[C][C]=C([C]=c2c(=O)c2=[C]C(=[C][C]=c12)[C])C(=O)C1=[C][C]=[C][C]=C1O	PDBQT/dock_1588.pdbqt
ClC1=[C][C]=c2oc3=[C][C]=C([C]=c3c(=O)c2=[C]1)C(=O)C1=[C][C]=[C][C]=C1O	PDBQT/dock_1589.pdbqt
o1c2=[C][C]=C([C]=c2c(=O)c2=[C][C]=[C][C]=c12)O[C][C]OS([O])([O])C1=[C][C]=C([C]=[C]1)[C]	PDBQT/dock_1590.pdbqt
o1c2c(C(=C(C(=[C]2)O)O[C])[C]/[C]=C(\[C])/[C]/[C]=[C]/C([C])([C])O)c(=O)c2c1[C]=C([C]=C2O)O	PDBQT/dock_1591.pdbqt
O([C][C@@]1(OC(=O)C(=[C])[C]1)C1=[C][C]=C([C]=[C]1)Cl)C1=[C]c2oc3=[C][C]=[C][C]=c3c(=O)c2[C]=[C]1	PDBQT/dock_1592.pdbqt
O1C([C]=[C]C2=c3oc4=[C][C]=[C][C]=c4c(=O)c3=C([C]=C12)OS([O])([O])C1=[C][C]=C([C]=[C]1)[C])([C])[C]	PDBQT/dock_1593.pdbqt
O1C([C]=[C]C2=C1[C]=C(c1c2oc2c(c1=O)C(=C([C]=[C]2)O)[C][C]=C([C])[C])O)([C])[C]	PDBQT/dock_1594.pdbqt
[C](C#[C])OC(=O)C1=[C]N[C](C(=C1C1=[C][C]=[C]c2c1oc1c(c2=O)[C]=[C][C]=[C]1)P1(=O)O[C]C([C]O1)([C])[C])[C]	PDBQT/dock_1595.pdbqt
N1[C](C(=C(C(=[C]1)C(=O)O[C]([C])[C])C1=[C][C]=[C]c2c1oc1c(c2=O)[C]=[C][C]=[C]1)P1(=O)O[C]C([C]O1)([C])[C])[C]	PDBQT/dock_1596.pdbqt
O1[C]([C]([C]([C]([C]1[C]O)O)O)O[C]1O[C]([C]([C]([C]1O)O)O)[C])OC1=[C][C]=c2c(=[C]1)c(=O)c1=C([C]=[C][C]=c1o2)O	PDBQT/dock_1597.pdbqt
N1[C](C(=C(C(=C1[C])C(=O)O[C][C]=[C])C1=[C][C]=[C]c2c1oc1c(c2=O)[C]=[C][C]=[C]1)C(=O)O[C][C]=[C])[C]Br	PDBQT/dock_1598.pdbqt
o1c2c(C(=C(C(=[C]2)O[C])O[C]2O[C]([C]([C]([C]2O)O)O)[C]O)O)c(=O)c2=[C]C(=C([C]=c12)O)O	PDBQT/dock_1599.pdbqt
O1C([C]([C](C2=C(c3c(oc4c(c3=O)[C]=C3C(=[C]4)[C]=[C][C]=[C]3)[C]=C12)O[C])O)O)([C])[C]	PDBQT/dock_1600.pdbqt
ClC1=C(c2oc3=[C][C]=[C][C]=c3c(=O)c2[C]=[C]1)[C]O	PDBQT/dock_1601.pdbqt
o1c2=[C]C(=[C][C]=c2c(=O)c2=[C][C]=[C][C]=c12)[C]N1[C]=[C]N=[C]1	PDBQT/dock_1602.pdbqt
o1c2c([C]=C([C]=[C]2)[C]N[C][C](O)[C][C])c(=O)c2=[C][C]=[C][C]=c12	PDBQT/dock_1603.pdbqt
o1c2c([C]=C(C(=[C]2)C2=[C][C]=[C]S2)[C][C])c(=O)c2c1[C]=[C][C]=[C]2	PDBQT/dock_1604.pdbqt
o1c2=[C]C(=C([C]=c2c(=O)c2=[C][C]=[C][C]=c12)C(=O)O[C])C(=O)O[C]	PDBQT/dock_1605.pdbqt
o1c2C(=C([C]=C(c2c(=O)c2=[C][C]=C([C]=c12)O)O)O)[C][C]=C([C])[C]	PDBQT/dock_1606.pdbqt
o1c2=C(C(=[C][C]=c2c(=O)c2c1[C]=[C][C]=[C]2)O)[C][C]C(=O)O[C][C]	PDBQT/dock_1607.pdbqt
ClC1=[C]c2c(oc3=[C][C]=[C][C]=c3c2=O)C(=[C]1)[C]Br	PDBQT/dock_1608.pdbqt
o1c2=C([C]=[C]C(=c2c(=O)c2=[C][C]=[C][C]=c12)[C]Br)N(=O)=O	PDBQT/dock_1609.pdbqt
o1c2c(C(=C(C(=[C]2)C(=O)O[C])C(=O)O[C])[C])c(=O)c2c1[C]=[C]C(=[C]2)[C]	PDBQT/dock_1610.pdbqt
o1c2=[C]C(=[C]C(=c2c(=O)c2=C([C]=C([C]=c12)O[C]/[C]=C(\[C])/[C]O)O)O)[C]	PDBQT/dock_1611.pdbqt
O1C([C]([C]C2=C1[C]=C(c1c2oc2c(c1=O)[C]=[C][C]=[C]2)O[C])OC(=O)[C])([C])[C]	PDBQT/dock_1612.pdbqt
o1c2=[C][C]=C([C]=c2c(=O)c2c1[C]=[C][C]=[C]2)[C]N([C])[C]C1=[C][C]=C([C]=[C]1)C([C])([C])[C]	PDBQT/dock_1613.pdbqt
o1c2c([C]=C([C]=[C]2)C2=[C]O[C]=[C]2)c(=O)c2c1[C]=[C][C]=[C]2	PDBQT/dock_1614.pdbqt
o1c2=[C]C(=C([C]=c2c(=O)c2=[C][C]=[C][C]=c12)C(=O)C1=[C][C]=[C][C]=[C]1)C(=O)C1=[C][C]=[C][C]=[C]1	PDBQT/dock_1615.pdbqt
O([C][C@@]1(OC(=O)C(=[C])[C]1)C1=[C][C]=C(F)[C]=[C]1)C1=[C][C]=c2c(=[C]1)oc1c(c2=O)[C]=[C][C]=[C]1	PDBQT/dock_1616.pdbqt
O1C([C]=[C]c2c1c(c(c1c2oc2c(c1=O)[C]=C1C(=C2O)OC([C]=[C]1)([C])[C])O)[C][C](OO)C(=[C])[C])([C])[C]	PDBQT/dock_1617.pdbqt
o1c2=C(C(=[C]C(=c2c(=O)c2=C([C]=[C][C]=c12)O[C])O)O[C])O[C]	PDBQT/dock_1618.pdbqt
O1[C]([C](OC2=C1c1oc3c(c(=O)c1[C]=C2O[C])C(=[C]C(=[C]3)O)O[C])[C]O)C1=[C]C(=C(C(=[C]1)O[C])O)O[C]	PDBQT/dock_1619.pdbqt
O1[C]([C]([C]([C]([C]1OC1=[C][C]=c2c(=[C]1)c(=O)c1=C([C]=[C][C]=c1o2)O[C])O)O)O)[C]O[C]1O[C][C@]([C]1O)(O)[C]O	PDBQT/dock_1620.pdbqt
o1c2=[C]C(=[C]C(=c2c(=O)c2c1C(=[C][C]=C2O[C])O)O[C]1O[C]([C]([C]([C]1O)O)O)[C]O)O	PDBQT/dock_1621.pdbqt
O1[C]([C]C2=C1[C]=[C]c1oc3=[C][C]=[C]C(=c3c(=O)c21)O)[C@]1(O[C]1)[C]O	PDBQT/dock_1622.pdbqt
O1C([C]=[C]C2=C1[C]=C(c1c2oc2c(c1=O)[C]=C1C(=[C]2)[C]=[C][C]=[C]1)O[C])([C])[C]	PDBQT/dock_1623.pdbqt
o1c2c(c(=O)c3c1[C]=[C][C]=[C]3)[C]=[C]C(=[C]2)O[C][C][C]Cl	PDBQT/dock_1624.pdbqt
FC1=C(c2c(oc3=[C][C]=[C][C]=c3c2=O)[C]=[C]1)N1[C][C][C][C][C]1	PDBQT/dock_1625.pdbqt
o1c2c(c(=O)c3c1[C]=[C]C(=[C]3)OC(=O)[C])C(=[C][C]=[C]2)OC(=O)[C]	PDBQT/dock_1626.pdbqt
o1c2c(C(=[C][C]=C2C#N)[C]Br)c(=O)c2c1[C]=[C][C]=[C]2	PDBQT/dock_1627.pdbqt
o1c2c([C]=C([C]=[C]2)O[C][C](O)[C]N[C]([C])[C])c(=O)c2c1[C]=[C][C]=[C]2	PDBQT/dock_1628.pdbqt
o1c2=[C]C(=C(C(=c2c(=O)c2c1C(=C([C]=[C]2)O[C])O)O)[C][C]=C([C])[C])O	PDBQT/dock_1629.pdbqt
FC1=[C][C]=c2oc3c(c(=O)c2=C1N1[C][C]N([C][C]1)[C][C]O)[C]=[C][C]=[C]3	PDBQT/dock_1630.pdbqt
o1c2=[C]C(=[C][C]=c2c(=O)c2=[C][C]=[C][C]=c12)[C]N([C])[C]/[C]=[C]/C1=[C][C]=[C][C]=[C]1	PDBQT/dock_1631.pdbqt
o1c2c(C(=[C][C]=[C]2)[C]N([C])[C]/[C]=[C]/C2=[C][C]=[C][C]=[C]2)c(=O)c2c1[C]=[C][C]=[C]2	PDBQT/dock_1632.pdbqt
o1c2c(C(=[C][C]=C2O)[C][C]C([C])([C])[C])c(=O)c2c1[C]=C(C(=C2O)[C][C]=C([C])[C])O	PDBQT/dock_1633.pdbqt
ClC1=c2oc3c([C]=C([C]=[C]3)[C]N[C]([C][C])[C]O)c(=O)c2=[C][C]=[C]1	PDBQT/dock_1634.pdbqt
o1c2=[C]C(=C(C(=c2c(=O)c2=C(C(=C([C]=c12)O[C]([C])[C])[C][C]=C([C])[C])O)[C][C]=C([C])[C])O[C])O[C]([C])[C]	PDBQT/dock_1635.pdbqt
N1[C](C(=C(C(=C1[C])C(=O)O[C])C1=c2oc3=[C][C]=[C][C]=c3c(=O)c2=[C][C]=[C]1)C(=O)O[C])[C]Br	PDBQT/dock_1636.pdbqt
O1[C]([C]C2=c3c(=[C][C]=C12)oc1c(c3=O)C(=[C][C]=[C]1)O)[C@]1(O[C]1)[C]O	PDBQT/dock_1637.pdbqt
o1c2=[C]C(=[C][C]=c2c(=O)c2c1[C]=[C][C]=[C]2)c1n[nH]nn1	PDBQT/dock_1638.pdbqt
O1C([C]([C]C2=[C][C]=c3c(=C12)oc1=[C][C]=[C][C]=c1c3=O)O)([C])[C]	PDBQT/dock_1639.pdbqt
o1c2=[C][C]=C([C]=c2c(=O)c2=[C][C]=[C][C]=c12)O[C][C](O)[C]Cl	PDBQT/dock_1640.pdbqt
o1c2=[C]C(=[C]C(=c2c(=O)c2c1[C]=[C][C]=[C]2)[C][C])C1=[C][C]=[C]S1	PDBQT/dock_1641.pdbqt
O1C(C(=O)[C]C2=C1[C]=C(c1c2oc2c(c1=O)[C]=[C][C]=[C]2)O[C])([C])[C]	PDBQT/dock_1642.pdbqt
ClC1=[C]c2c(=O)c3=[C]C(=[C][C]=c3oc2[C]=[C]1)[C]N[C]([C][C])[C]O	PDBQT/dock_1643.pdbqt
o1c2c(c(=O)c3=[C]C(=[C][C]=c13)O[C][C]O)[C]=[C]C(=[C]2)c1nn(nn1)[C]	PDBQT/dock_1644.pdbqt
O1[C](C(C2=C1[C]=C(c1c2oc2=C(C(=[C][C]=c2c1=O)O)O[C])O)([C])[C])[C]	PDBQT/dock_1645.pdbqt
o1c2c(C(=C(C(=[C]2)O[C])[C][C]=C([C])[C])O)c(=O)c2c1[C]=C(C(=[C]2)O[C])O[C]	PDBQT/dock_1646.pdbqt
O1C([C]([C](C2=C1[C]=C(c1c2oc2=C([C]=[C][C]=c2c1=O)O[C])O[C])O)O)([C])[C]	PDBQT/dock_1647.pdbqt
o1c2c(c(=O)c3c1[C]=[C][C]=[C]3)[C]=[C]C(=[C]2)O[C][C][C]I	PDBQT/dock_1648.pdbqt
ClC1=[C]c2c(=O)c3c(oc2[C]=[C]1)[C]=[C]C(=[C]3)C(F)(F)F	PDBQT/dock_1649.pdbqt
o1c2=[C]C(=[C]C(=c2c(=O)c2=C([C]=C([C]=c12)[C])O)O)O[C]/[C]=C(\[C])/[C][C][C]=C([C])[C]	PDBQT/dock_1650.pdbqt
o1c2c(C(=C(C(=[C]2)O)C([C])([C])[C]=[C])O)c(=O)c2=[C][C]=C(C(=c12)O)O[C][C]=C([C])[C]	PDBQT/dock_1651.pdbqt
O1C([C]2OC(=O)O[C]2C2=c3oc4c(c(=O)c3=C([C]=C12)O[C])[C]=C1C(=[C]4)[C]=[C][C]=[C]1)([C])[C]	PDBQT/dock_1652.pdbqt
O([C][C](O)[C]N1[C][C]N([C][C]1)C(=O)O[C][C])C1=[C]c2c(oc3c(c2=O)[C]=[C][C]=[C]3)[C]=[C]1	PDBQT/dock_1653.pdbqt
ClC1=[C][C]=c2oc3=[C]C(=C([C]=c3c(=O)c2=[C]1)C(=O)C1=[C][C]=[C][C]=[C]1)C(=O)C1=[C][C]=[C][C]=[C]1	PDBQT/dock_1654.pdbqt
O1C([C]([C](C2=C1[C]=C(c1c2oc2c(c1=O)[C]=[C][C]=C2O[C])O[C])OC(=O)[C])OC(=O)[C])([C])[C]	PDBQT/dock_1655.pdbqt
[C]([C]N([C]C1=[C][C]=[C]C(=[C]1)OC(=O)N[C])[C][C])[C]OC1=[C]c2oc3=[C][C]=[C][C]=c3c(=O)c2[C]=[C]1	PDBQT/dock_1656.pdbqt
O1[C@]([C]C(=[C])C1=O)([C]OC1=[C]c2oc3=[C][C]=[C][C]=c3c(=O)c2[C]=[C]1)C1=[C][C]=C([C]=[C]1)C1=[C][C]=[C][C]=[C]1	PDBQT/dock_1657.pdbqt
[C](N([C])[C]C1=[C]C(=[C][C]=[C]1)OC(=O)N[C][C][C][C])[C][C]OC1=[C]c2oc3=[C][C]=[C][C]=c3c(=O)c2[C]=[C]1	PDBQT/dock_1658.pdbqt
N1[C](C(=C(C(=C1[C])C(=O)O[C]([C])[C])C1=C([C]=[C]c2c1oc1c(c2=O)[C]=[C][C]=[C]1)Cl)C(=O)O[C]([C])[C])[C]	PDBQT/dock_1659.pdbqt
o1c2=C(C(=[C][C]=c2c(=O)c2=[C][C]=[C][C]=c12)[C][C][C]([C])C(=O)O)O[C]	PDBQT/dock_1660.pdbqt
o1c2=C(C(=[C][C]=c2c(=O)c2c1[C]=[C][C]=[C]2)[C][C][C]([C])C(=O)O)O[C]	PDBQT/dock_1661.pdbqt
o1c2=C(C(=C([C]=c2c(=O)c2=C([C]=[C][C]=c12)O[C])O[C])O[C])O	PDBQT/dock_1662.pdbqt
o1c2c(c(=O)c3c1[C]=[C][C]=[C]3)[C]=[C]C(=[C]2)O[C][C][C][C][C]Cl	PDBQT/dock_1663.pdbqt
o1c2c([C]=C([C]=[C]2)[C]N[C][C](O)[C][C])c(=O)c2=[C][C]=C([C]=c12)O[C]	PDBQT/dock_1664.pdbqt
o1c2c(c(=O)c3c1[C]=C([C]=[C]3)c1oc3c(n1)[C]=[C][C]=[C]3)C(=[C][C]=C2[C])[C]	PDBQT/dock_1665.pdbqt
o1c2=[C][C]=C3C(=c2c(=O)c2=[C]C(=[C][C]=c12)[C])C(=O)N(C3=O)C1=[C][C]=[C][C]=[C]1	PDBQT/dock_1666.pdbqt
O1C([C]=[C]C2=C(c3c(oc4=[C][C]=[C][C]=c4c3=O)[C]=C12)N[C][C]N1[C][C][C][C][C]1)([C])[C]	PDBQT/dock_1667.pdbqt
O1C([C][C]C2=C(c3c(oc4=[C][C]=C5OC([C]=[C]C5=c4c3=O)([C])[C])[C]=C12)O)([C])[C]	PDBQT/dock_1668.pdbqt
[C](C#[C])OC(=O)C1=C(NC2=[C]OC(=O)C2=C1C1=c2oc3=[C][C]=[C][C]=c3c(=O)c2=[C][C]=[C]1)[C]	PDBQT/dock_1669.pdbqt
O1[C]=C2NC(=C(C(=C2C1=O)C1=c2oc3=[C][C]=[C][C]=c3c(=O)c2=[C][C]=[C]1)C(=O)O[C]([C])[C])[C]	PDBQT/dock_1670.pdbqt
Br[C]1C(OC2=C([C]1OC(=O)[C])C(=c1c(=[C]2)oc2c(c1=O)[C]=[C][C]=[C]2)O[C])([C])[C]	PDBQT/dock_1671.pdbqt
o1c2=C(C(=[C]C(=c2c(=O)c2=[C][C]=C(C(=c12)O)O)O)O)[C][C]([C]/[C]=C(\[C])/[C][C][C]=C([C])[C])C(=[C])[C]	PDBQT/dock_1672.pdbqt
o1c2=[C]C(=C(C(=c2c(=O)c2c1[C]=C(C(=C2O)[C][C]=C([C])[C])O[C][C])[C][C]=C([C])[C])O[C])O[C][C]	PDBQT/dock_1673.pdbqt
[C]([C][C]N([C])[C]C1=[C]C(=[C][C]=[C]1)OC(=O)N[C])[C][C]OC1=[C][C]=c2c(=[C]1)oc1c(c2=O)[C]=[C][C]=[C]1	PDBQT/dock_1674.pdbqt
[C](N([C])[C]C1=[C]C(=[C][C]=[C]1)OC(=O)N[C][C][C])[C][C]OC1=[C][C]=c2c(=[C]1)oc1c(c2=O)[C]=[C][C]=[C]1	PDBQT/dock_1675.pdbqt
o1c2c([C]=C([C]=C2C2=[C][C]=[C][C]=[C]2)C(=O)C2=[C][C]=[C][C]=C2O)c(=O)c2=[C][C]=[C][C]=c12	PDBQT/dock_1676.pdbqt
o1c2=[C]C(=C(C(=c2c(=O)c2=C(C(=C([C]=c12)O[C][C][C])[C][C]=C([C])[C])O)[C][C]=C([C])[C])O[C])O[C][C][C]	PDBQT/dock_1677.pdbqt
N1[C](C(=C(C(=C1[C])C(=O)O[C][C])C1=c2oc3=[C][C]=[C][C]=c3c(=O)c2=[C][C]=[C]1)C(=O)O[C][C])[C]Br	PDBQT/dock_1678.pdbqt
O1[C]2O[C]=[C][C@]2(C2=c3oc4=[C][C]=[C]C(=c4c(=O)c3=C([C]=C12)O[C])O[C])O	PDBQT/dock_1679.pdbqt
O1[C]2O[C][C][C@@]2(C2=C1[C]=C(c1c2oc2=[C][C]=[C]C(=c2c1=O)O[C])O[C])O	PDBQT/dock_1680.pdbqt
O1[C]([C]([C]([C]([C]1OC1=C([C]=c2c(=C1O)c(=O)c1=[C]C(=C([C]=c1o2)O)O[C])O)O)O)O)[C]O[C]1O[C]([C]([C]1O)O)[C]O	PDBQT/dock_1681.pdbqt
O1[C](C(C2=C1[C]=C(c1c2oc2c(c1=O)C(=[C]C(=C2O[C])O)[C][C]=C([C])[C])O)([C])[C])[C]	PDBQT/dock_1682.pdbqt
O1[C]([C](OC2=[C][C]=c3c(=C12)oc1=[C]C(=[C]C(=c1c3=O)O)O)C1=[C]C(=C([C]=[C]1)O)O[C])[C]O	PDBQT/dock_1683.pdbqt
O1C([C]=[C]C2=C1[C]=c1oc3c(c(=O)c1=C2O)[C]=C1C(=[C]3)[C]=[C][C]=[C]1)([C])[C]	PDBQT/dock_1684.pdbqt
o1c2=C([C]=[C]C(=c2c(=O)c2=[C][C]=[C][C]=c12)C#N)[C]	PDBQT/dock_1685.pdbqt
ClC1=[C][C]=c2c(=C1[C]=O)oc1c(c2=O)[C]=[C][C]=[C]1	PDBQT/dock_1686.pdbqt
o1c2c([C]=C([C]=[C]2)[C]N[C]([C]O)[C])c(=O)c2=[C][C]=C([C]=c12)O[C]	PDBQT/dock_1687.pdbqt
o1c2=[C][C]=C([C]=c2c(=O)c2=[C][C]=C([C]=c12)C#N)O[C][C]([C])OC(=O)[C]	PDBQT/dock_1688.pdbqt
o1c2c(c(=O)c3=[C]C(=[C][C]=c13)N(=O)=O)C(=C([C]=[C]2)N([O])[O])N(=O)=O	PDBQT/dock_1689.pdbqt
o1c2=C([C]=[C]C(=c2c(=O)c2=[C][C]=[C][C]=c12)N(=O)=O)[C]Br	PDBQT/dock_1690.pdbqt
o1c2c(C3=C([C][C][C][C][C][C]3)C(=[C]2)C2=[C][C]=[C]O2)c(=O)c2=[C][C]=[C][C]=c12	PDBQT/dock_1691.pdbqt
ClC1=[C]c2c(=O)c3c(oc2[C]=[C]1)[C]=C(C(=[C]3)C(=O)O[C])C(=O)O[C]	PDBQT/dock_1692.pdbqt
o1c2=C([C]=C(C(=c2c(=O)c2=[C][C]=C(C(=c12)O)O[C])O[C])O)C([C])([C])[C]=[C]	PDBQT/dock_1693.pdbqt
O1C([C]=[C]C2=C1[C]=c1oc3=[C][C]=[C][C]=c3c(=O)c1=C2N[C][C]N([C])[C])([C])[C]	PDBQT/dock_1694.pdbqt
o1c2=[C]C(=C(C(=c2c(=O)c2=[C][C]=[C][C]=c12)C1=[C][C]=[C][C]=[C]1)C(=O)O[C])C(=O)O[C]	PDBQT/dock_1695.pdbqt
O([C][C](O)[C]N[C][C][C]N1[C][C]O[C][C]1)C1=[C]c2c(oc3c(c2=O)[C]=[C][C]=[C]3)[C]=[C]1	PDBQT/dock_1696.pdbqt
[C](N([C]([C])[C])[C]C1=[C]C(=[C][C]=[C]1)OC(=O)N[C])[C][C]OC1=[C]c2oc3=[C][C]=[C][C]=c3c(=O)c2[C]=[C]1	PDBQT/dock_1697.pdbqt
o1c2=C(C(=[C][C]=c2c(=O)c2=[C][C]=[C][C]=c12)O[C][C][C]OC1=C([C]=C(C(=[C]1)O)C1=[C][C]=[C][C]=[C]1)[C][C])[C][C]C(=O)O[C][C]	PDBQT/dock_1698.pdbqt
O1[C]([C]([C]([C]([C]1O)O[C]1O[C]([C]([C]([C]1O)O)O)[C])OC1=[C]c2oc3=C(C(=[C][C]=c3c(=O)c2C(=[C]1)O)O)O)O)[C]O	PDBQT/dock_1699.pdbqt
O1[C]([C](OC2=[C][C]=c3c(=C12)oc1=[C]C(=[C]C(=c1c3=O)O)O)C1=[C]C(=C([C]=[C]1)O)O[C])[C]O	PDBQT/dock_1700.pdbqt
o1c2=C([C]=[C]C(=c2c(=O)c2=[C][C]=[C][C]=c12)[C])C#N	PDBQT/dock_1701.pdbqt
o1c2c(c(=O)c3c1[C]=[C][C]=[C]3)C(=C(C(=[C]2)O)O)O	PDBQT/dock_1702.pdbqt
o1c2=[C]C(=C([C]=c2c(=O)c2=[C][C]=[C][C]=c12)[C])C1=[C][C]=[C][C]=[C]1	PDBQT/dock_1703.pdbqt
o1c2=[C]C(=[C][C]=c2c(=O)c2=[C][C]=[C][C]=c12)O[C][C][C][C]Cl	PDBQT/dock_1704.pdbqt
o1c2c(C(=[C]C(=[C]2)C2=[C][C]=[C][C]=[C]2)[C])c(=O)c2c1[C]=[C]C(=[C]2)O[C]	PDBQT/dock_1705.pdbqt
o1c2=[C]C(=[C]C(=c2c(=O)c2=[C]C(=[C][C]=c12)O[C])[C][C])C1=[C][C]=[C][C]=[C]1	PDBQT/dock_1706.pdbqt
ClC1=[C]c2c(=O)c3=[C]C(=[C][C]=c3oc2[C]=[C]1)[C]N[C]([C][C])[C]O	PDBQT/dock_1707.pdbqt
C([C])([C])(C#[C])OC1=[C]c2oc3=[C]C4=C([C]=c3c(=O)c2C(=[C]1)O)[C]=[C][C]=[C]4	PDBQT/dock_1708.pdbqt
ClC1=[C]c2c(=O)c3c(oc2[C]=[C]1)[C]=C([C]=C3[C])C1=[C][C]=[C][C]=C1O[C]	PDBQT/dock_1709.pdbqt
ClC1=[C]C(=[C]c2c(=O)c3c(oc12)[C]=C([C]=C3[C])C1=[C][C]=[C][C]=[C]1)Cl	PDBQT/dock_1710.pdbqt
O1C([C]=[C]C2=C1[C]=C(c1c2oc2c(c1=O)[C]=[C][C]=[C]2)N[C][C]N([C])[C])([C])[C]	PDBQT/dock_1711.pdbqt
BrC1=c2oc3=[C][C]=[C][C]=c3c(=O)c2=C(C(=[C]1)Br)O	PDBQT/dock_1712.pdbqt
O1[C]([C]c2c1c(c1oc3=C(C(=[C][C]=c3c(=O)c1c2O)O)O)C([C])([C])[C]=[C])C([C])([C])O	PDBQT/dock_1713.pdbqt
o1c2=C([C]=C([C]=c2c(=O)c2=C([C]=C([C]=c12)O[C])O)O)O[C]	PDBQT/dock_1714.pdbqt
O1[C]([C](OC2=[C][C]=c3c(=C12)oc1=[C]C(=[C]C(=c1c3=O)O)O)C1=[C]C(=C([C]=[C]1)O)O[C])[C]O	PDBQT/dock_1715.pdbqt
N([C][C][C]OC1=[C]c2oc3=[C][C]=[C][C]=c3c(=O)c2[C]=[C]1)([C][C][C])[C]C1=[C]C(=[C][C]=[C]1)OC(=O)N[C][C][C][C]	PDBQT/dock_1716.pdbqt
o1c2c(C(=[C][C]=[C]2)[C]N[C])c(=O)c2c1[C]=[C][C]=[C]2	PDBQT/dock_1717.pdbqt
ClC1=[C]c2c(oc3c(c2=O)[C]=[C][C]=[C]3)C(=[C]1)[C]=O	PDBQT/dock_1718.pdbqt
S(C#N)[C][C]OC1=[C]c2c(oc3c(c2=O)[C]=[C][C]=[C]3)[C]=[C]1	PDBQT/dock_1719.pdbqt
o1c2c(C(=C(C(=[C]2)C2=[C][C]=[C][C]=[C]2)[C])[C])c(=O)c2c1[C]=[C][C]=[C]2	PDBQT/dock_1720.pdbqt
ClC1=[C]C2=c3c(=C([C]=C2[C]=[C]1)[C][C])oc1=[C][C]=[C][C]=c1c3=O	PDBQT/dock_1721.pdbqt
o1c2c(c(=O)c3c1[C]=C([C]=[C]3)O)[C]=[C]C(=[C]2)O[C][C][C][C]	PDBQT/dock_1722.pdbqt
FC1=C([C]=c2oc3=[C][C]=[C][C]=c3c(=O)c2=[C]1)N1[C][C]N([C][C]1)[C]	PDBQT/dock_1723.pdbqt
o1c2=[C]C(=C([C]=c2c(=O)c2=[C]C(=[C][C]=c12)N(=O)=O)N(=O)=O)N(=O)=O	PDBQT/dock_1724.pdbqt
ClC1=[C][C]=c2oc3c([C]=C([C]=[C]3)[C]N([C])[C]([C][C])[C]O)c(=O)c2=[C]1	PDBQT/dock_1725.pdbqt
o1c2c(c(=O)c3c1[C]=[C]C(=[C]3)O[C][C]1O[C]1)C(=[C]C(=[C]2)O[C][C]1O[C]1)O	PDBQT/dock_1726.pdbqt
o1c2c(c(=O)c3c1[C]=[C][C]=[C]3)[C]=[C]C(=[C]2)O[C][C][C]N([C])[C]C1=[C][C]=[C]C(=[C]1)O	PDBQT/dock_1727.pdbqt
ClC1=[C]c2c(=O)c3c(oc2[C]=[C]1)[C]=C([C]=C3[C])C1=C(Cl)[C]=C(Cl)[C]=[C]1	PDBQT/dock_1728.pdbqt
o1c2=[C][C]=C([C]=c2c(=O)c2c1[C]=C([C]=[C]2)N)N(=O)=O	PDBQT/dock_1729.pdbqt
O1[C]=C2NC(=C(C(=C2C1=O)C1=[C][C]=[C]c2c1oc1c(c2=O)[C]=[C][C]=[C]1)C(=O)O[C])[C]	PDBQT/dock_1730.pdbqt
o1c2c(c(=O)c3c1[C]=[C][C]=[C]3)[C]=[C]C(=[C]2)O[C][C][C][C][C]I	PDBQT/dock_1731.pdbqt
O1[C]=C2NC(=C(C(=C2C1=O)C1=[C][C]=[C]c2c1oc1c(c2=O)[C]=[C][C]=[C]1)C(=O)O[C][C])[C]	PDBQT/dock_1732.pdbqt
O([C][C][C][C][C]N([C])[C]C1=[C][C]=[C]C(=[C]1)O)C1=[C]c2oc3=[C][C]=[C][C]=c3c(=O)c2[C]=[C]1	PDBQT/dock_1733.pdbqt
FC1=[C]c2oc3c(c(=O)c2[C]=[C]1)[C]=[C]C(=[C]3)N(=O)=O	PDBQT/dock_1734.pdbqt
O1C([C]([C](C2=C1[C]=c1oc3=C([C]=[C][C]=c3c(=O)c1=C2O[C])O[C])OC(=O)[C])OC(=O)[C])([C])[C]	PDBQT/dock_1735.pdbqt
[C]([C]N([C])[C]C1=[C]C(=[C][C]=[C]1)OC(=O)N[C][C])[C]OC1=[C]c2oc3=[C][C]=[C][C]=c3c(=O)c2[C]=[C]1	PDBQT/dock_1736.pdbqt
o1c2c(c(c(c(c2[C])O)[C][C]=C([C])[C])O)c(=O)c2=C(C(=[C][C]=c12)[C][C]=C([C])[C])O	PDBQT/dock_1737.pdbqt
ClC1=C([C]=c2c(=[C]1)oc1=[C][C]=[C][C]=c1c2=O)O[C]C(=O)O	PDBQT/dock_1738.pdbqt
N1[C](C(=C(C(=[C]1)C(=O)O[C][C]=[C])C1=[C][C]=[C]c2c1oc1c(c2=O)[C]=[C][C]=[C]1)P1(=O)O[C]C([C]O1)([C])[C])[C]	PDBQT/dock_1739.pdbqt
O1C([C]=[C]c2c1c(c1oc3c(c(=O)c1c2O)[C]=[C]C(=[C]3)[C][C]=C([C])[C])[C][C]=C([C])[C])([C])[C]	PDBQT/dock_1740.pdbqt
o1c2=C(C(=[C][C]=c2c(=O)c2c1[C]=[C]C(=[C]2)C(=O)O)O[C][C][C]OC1=[C]C(=C([C]=C1[C][C])C1=[C][C]=[C][C]=[C]1)O)[C][C]C(=O)O	PDBQT/dock_1741.pdbqt
O1[C]2[C](OC1([C])[C])c1c(C3=C2[C]=C2C(=C3O[C])C(=O)O[C]([C]2)[C][C][C])c(c2c(oc3c(c2=O)C(=C([C]=[C]3)O[C])O[C])c1O[C])O[C]	PDBQT/dock_1742.pdbqt
o1c2c(C(=[C]C(=[C]2)C2=[C][C]=[C][C]=[C]2)[C])c(=O)c2c1[C]=[C][C]=[C]2	PDBQT/dock_1743.pdbqt
FC1=[C]c2c(oc3c(c2=O)[C]=[C][C]=[C]3)[C]=C1N1[C][C][C][C][C]1	PDBQT/dock_1744.pdbqt
o1c2c(c(=O)c3c1[C]=[C]C(=[C]3)OC(=O)[C])[C]=[C][C]=C2OC(=O)[C]	PDBQT/dock_1745.pdbqt
o1c2=[C]C(=[C]C(=c2c(=O)c2=C([C]=[C][C]=c12)O[C])[C])C1=[C][C]=[C][C]=[C]1	PDBQT/dock_1746.pdbqt
o1c2=[C]C(=C(C(=c2c(=O)c2=[C][C]=[C][C]=c12)[C])C(=O)O[C])C(=O)O[C]	PDBQT/dock_1747.pdbqt
o1c2c(c(=O)c3c1[C]=[C]C(=[C]3)S[C])[C]=[C]C(=[C]2)c1n[nH]nn1	PDBQT/dock_1748.pdbqt
O1C([C]([C](C2=C(c3c(oc4c(c3=O)[C]=[C][C]=[C]4)[C]=C12)O[C])O)O)([C])[C]	PDBQT/dock_1749.pdbqt
o1c2c(c(=O)c3c1[C]=[C][C]=C3O)C(=[C]C(=[C]2)O[C][C](O)[C]N([C])[C])O	PDBQT/dock_1750.pdbqt
o1c2c([C]=C([C]=[C]2)[C]N([C])[C]/[C]=[C]/C2=[C][C]=[C][C]=[C]2)c(=O)c2=[C][C]=[C][C]=c12	PDBQT/dock_1751.pdbqt
o1c2=[C][C]=C([C]=c2c(=O)c2c1[C]=C([C]=[C]2)C#N)O[C]([C])[C]	PDBQT/dock_1752.pdbqt
O1C([C]=[C]C2=C1[C]=c1oc3c(c(=O)c1=C2O[C])[C]=C1C(=[C]3)[C]=[C][C]=[C]1)([C])[C]	PDBQT/dock_1753.pdbqt
ClC1=[C]c2c(=O)c3C(=C(C(=[C]c3oc2[C]=[C]1)C(=O)O[C])C(=O)O[C])[C]	PDBQT/dock_1754.pdbqt
o1c2=[C]C(=[C][C]=c2c(=O)c2=[C][C]=[C][C]=c12)[C]N([C])[C]C1=[C][C]=C([C]=[C]1)C([C])([C])[C]	PDBQT/dock_1755.pdbqt
O1C([C]=[C]C2=C1[C]=C(c1c2oc2c(c1=O)[C]=[C][C]=[C]2)N[C][C]N([C][C])[C][C])([C])[C]	PDBQT/dock_1756.pdbqt
o1c2c(C(=C(C(=[C]2)O)O[C])[C]/[C]=C(\[C])/[C][C][C]2OC2([C])[C])c(=O)c2c1[C]=C([C]=C2O)O	PDBQT/dock_1757.pdbqt
[C](OC1=[C][C]=c2c(=[C]1)c(=O)c1=[C][C]=[C][C]=c1o2)[C](O)[C]N1[C][C]N([C][C]1)C1=[C][C]=[C][C]=[C]1	PDBQT/dock_1758.pdbqt
o1c2=C([C]=[C][C]=c2c(=O)c2c1[C]=[C][C]=[C]2)[C](F)C(=O)O	PDBQT/dock_1759.pdbqt
O1C([C]=[C]c2c1c(c1oc3=[C][C]=C(C(=c3c(=O)c1c2O)[C][C]=C([C])[C])O)[C][C]=C([C])[C])([C])[C]	PDBQT/dock_1760.pdbqt
N([C]([C])[C])([C][C][C]OC1=[C]c2oc3=[C][C]=[C][C]=c3c(=O)c2[C]=[C]1)[C]C1=[C]C(=[C][C]=[C]1)OC(=O)N[C][C][C][C]	PDBQT/dock_1761.pdbqt
o1c2=[C]C(=C(C(=c2c(=O)c2=C(C(=C([C]=c12)O[C][C][C][C])[C][C]=C([C])[C])O)[C][C]=C([C])[C])O[C])O[C][C][C][C]	PDBQT/dock_1762.pdbqt
O1[C]([C]([C]([C]([C]1[C]O)O)O)O[C]1O[C]([C]([C]1O)O)[C]O)OC1=C(c2c(oc3c(c2=O)[C]=C([C]=[C]3)O)[C]=C1O)O	PDBQT/dock_1763.pdbqt
o1c2C(=C([C]=[C]c2c(=O)c2=[C]C(=[C][C]=c12)C(=O)O[C])O[C][C][C]OC1=[C]C(=C([C]=C1[C][C])C1=[C][C]=C(F)[C]=[C]1)O)[C][C]C(=O)O[C][C]	PDBQT/dock_1764.pdbqt
o1c2c(c(=O)c3c1[C]=[C][C]=C3OC(=O)[C])[C]=C([C]=[C]2)[C]	PDBQT/dock_1765.pdbqt
o1c2c(c(=O)c3c1[C]=[C][C]=[C]3)[C]=[C]C(=[C]2)[C]Br	PDBQT/dock_1766.pdbqt
o1c2c(c(=O)c3c1[C]=[C][C]=[C]3)C(=[C][C]=C2[C]Br)C#N	PDBQT/dock_1767.pdbqt
o1c2=[C]C(=[C][C]=c2c(=O)c2=C([C]=[C][C]=c12)O)O[C][C](O)[C]N([C])[C]	PDBQT/dock_1768.pdbqt
o1c2c(c(=O)c3c1[C]=[C]C(=[C]3)O[C][C])[C]=[C]C(=[C]2)c1nn(nn1)[C][C]	PDBQT/dock_1769.pdbqt
o1c2=C(C(=[C]C(=c2c(=O)c2=[C][C]=C(C(=c12)O[C])O[C])O[C])O[C])O[C]	PDBQT/dock_1770.pdbqt
O1C(C(=O)[C]C2=c3oc4c(c(=O)c3=C([C]=C12)O[C])[C]=[C][C]=C4O[C])([C])[C]	PDBQT/dock_1771.pdbqt
o1c2C(=[C][C]=[C]c2c(=O)c2=[C][C]=[C][C]=c12)[C]N([C])[C]/[C]=[C]/C1=[C][C]=[C][C]=[C]1	PDBQT/dock_1772.pdbqt
O1C([C][C](C2=C1[C]=c1oc3c(c(=O)c1=C2O[C])[C]=[C][C]=C3O[C])O)([C])[C]	PDBQT/dock_1773.pdbqt
O1C([C]([C]C2=c3oc4=C([C]=[C][C]=c4c(=O)c3=C([C]=C12)O[C])O[C])O)([C])[C]	PDBQT/dock_1774.pdbqt
o1c2c(c(=O)c3=[C][C]=C([C]=c13)c1sc3=[C][C]=[C][C]=c3n1)C(=[C][C]=C2[C])[C]	PDBQT/dock_1775.pdbqt
o1c2=C(C(=[C]C(=c2c(=O)c2c1C(=C([C]=[C]2)O[C])O[C])O)O[C])[C][C]=C([C])[C]	PDBQT/dock_1776.pdbqt
o1c2=[C]C(=C(C(=c2c(=O)c2=[C]C(=[C][C]=c12)[C])C1=[C][C]=[C][C]=[C]1)C(=O)O[C])C(=O)O[C]	PDBQT/dock_1777.pdbqt
FC1=[C]c2c(oc3c(c2=O)[C]=[C][C]=[C]3)[C]=C1N1[C][C]N([C][C]1)C1=C([C]=[C][C]=[C]1)O[C]	PDBQT/dock_1778.pdbqt
O1C([C]=[C]C2=C1[C]=C(c1c2oc2c(c1=O)[C]=[C][C]=[C]2)N[C][C]N1[C][C][C][C][C]1)([C])[C]	PDBQT/dock_1779.pdbqt
O1[C]([C]([C]([C]([C]1OC1=c2oc3=[C]C(=[C]C(=c3c(=O)c2=[C][C]=[C]1)O)O[C])O)O)O)[C]O[C]1O[C][C]([C]([C]1O)O)O	PDBQT/dock_1780.pdbqt
O1C([C]=[C]C2=[C]c3c(oc4c(c3=O)c(c(c(c4[C][C]=C([C])[C])O)[C][C]=C([C])[C])O)C(=C12)O)([C])[C]	PDBQT/dock_1781.pdbqt
N1[C](C(=C(C(=C1[C])C(=O)O[C])C1=c2oc3=[C][C]=[C][C]=c3c(=O)c2=[C][C]=C1Cl)C(=O)O[C]([C])[C])[C]	PDBQT/dock_1782.pdbqt
o1c2c(c(=O)c3=[C][C]=C([C]=c13)O[C][C](O)[C]N([C][C])[C][C])[C]=[C]C(=[C]2)O[C][C](O)[C]N([C][C])[C][C]	PDBQT/dock_1783.pdbqt
N([C][C][C]OC1=[C][C]=c2c(=[C]1)oc1c(c2=O)[C]=[C][C]=[C]1)([C]C1=[C][C]=[C]C(=[C]1)OC(=O)N[C][C][C][C])[C][C]	PDBQT/dock_1784.pdbqt
o1c2c(C(=C(C(=[C]2)O[C]C(=[C])[C])O[C])[C][C]=C([C])[C])c(=O)c2c1[C]=C(C(=C2O)[C][C]=C([C])[C])O[C]C(=[C])[C]	PDBQT/dock_1785.pdbqt
O1[C]([C]C2=C(C(=C3C(=[C]2)[C]([C](c2c3c(c3c(oc4=[C][C]=C(C(=c4c3=O)O[C])O[C])c2O[C])O[C])O)O)O[C])C1=O)[C][C][C]	PDBQT/dock_1786.pdbqt
o1c2=C([C]=C(C(=c2c(=O)c2=C([C]=C([C]=c12)O)O)O)O[C])O[C]	PDBQT/dock_1787.pdbqt
O=C1[C@]2([C@@]3([C](C4=C(C2=O)C(=[C]C(=[C]4)[C])O)OC(=O)[C])[C]C2=[C]c4oc5c(c(=O)c4C(=C2[C]1[C]=[C]3)O)C(=C([C]=[C]5)O)C(=O)O[C])O	PDBQT/dock_1788.pdbqt
o1c2=[C][C]=C([C]=c2c(=O)c2=[C][C]=[C][C]=c12)OC(=O)[C]	PDBQT/dock_1789.pdbqt
o1c2=C(C(=[C]C(=c2c(=O)c2=[C][C]=[C]C(=c12)O)O)O)[C][C]C([C])([C])O	PDBQT/dock_1790.pdbqt
O1C([C][C]C2=c3oc4c(c(=O)c3=[C][C]=C12)[C]=[C][C]=[C]4)(O[C][C])O[C][C]	PDBQT/dock_1791.pdbqt
o1c2=C([C]=C([C]=c2c(=O)c2=[C][C]=[C][C]=c12)C(=O)C1=C([C]=[C][C]=[C]1)O)[C]=O	PDBQT/dock_1792.pdbqt
O1C([C]=[C]c2c1c(c1oc3=C(C(=[C][C]=c3c(=O)c1c2O)OC(=O)[C])O)[C][C]=C([C])[C])([C])[C]	PDBQT/dock_1793.pdbqt
o1c2=[C][C]=C([C]=c2c(=O)c2c1[C]=C([C]=[C]2)O[C])[C]N([C])[C][C]([C])O	PDBQT/dock_1794.pdbqt
O1[C]([C]C2=C1C(=[C]c1oc3=[C]C(=C4[C][C]C(OC4=c3c(=O)c21)([C])[C])O)O[C])[C]([C])[C]	PDBQT/dock_1795.pdbqt
ClC1=[C][C]=[C]c2c(=O)c3=[C]C(=[C][C]=c3oc12)[C]N[C]([C][C])[C]O	PDBQT/dock_1796.pdbqt
O([C][C][C][C]N([C])[C]C1=[C][C]=[C]C(=[C]1)O)C1=[C][C]=c2c(=[C]1)oc1c(c2=O)[C]=[C][C]=[C]1	PDBQT/dock_1797.pdbqt
O([C][C][C]N([C]([C])[C])[C]C1=[C]C(=[C][C]=[C]1)O)C1=[C][C]=c2c(=[C]1)oc1c(c2=O)[C]=[C][C]=[C]1	PDBQT/dock_1798.pdbqt
O1[C]=C2NC(=C(C(=C2C1=O)C1=c2oc3=[C][C]=[C][C]=c3c(=O)c2=[C][C]=[C]1)C(=O)O[C][C]=[C])[C]	PDBQT/dock_1799.pdbqt
o1c2=[C][C]=C(C(=c2c(=O)c2c1[C]=[C][C]=[C]2)[C][C]=[C])O[C][C][C]N[C]([C])[C]	PDBQT/dock_1800.pdbqt
o1c2=[C]C(=[C]C(=c2c(=O)c2=[C][C]=[C][C]=c12)O)O[C][C][C]N([C])[C]C1=[C][C]=C([C]=[C]1)O	PDBQT/dock_1801.pdbqt
O([C][C][C][C][C][C]N([C])[C]C1=[C]C(=[C][C]=[C]1)O)C1=[C]C(=c2c(=[C]1)oc1c(c2=O)[C]=[C][C]=[C]1)O	PDBQT/dock_1802.pdbqt
o1c2=[C]C(=C(C(=c2c(=O)c2=C([C]=C([C]=c12)O)O)[C][C][C]C1=[C][C]=[C][C]=[C]1)O)O	PDBQT/dock_1803.pdbqt
o1c2=[C][C]=C([C]=c2c(=O)c2c1[C]=[C][C]=[C]2)O[C][C][C][C][C][C]N1[C][C][C]([C][C]1)[C]	PDBQT/dock_1804.pdbqt
o1c2=[C]C(=[C][C]=c2c(=O)c2c1[C]=[C][C]=[C]2)OC(F)(F)C(=O)[O]	PDBQT/dock_1805.pdbqt
o1c2c(c(=O)c3c1[C]=C([C]=[C]3)OC1=[C]N=C([C]=[C]1)N[C]C1=[C][C]=C([C]=[C]1)[C]OC(F)(F)F)[C]=C([C]=C2O[C][C]N([C])[C])[C]	PDBQT/dock_1806.pdbqt
O1C([C]=[C]C2=C1[C]=c1oc3c(C(=C(C(=[C]3)O[C]C3=[C]C(=[C][C]=[C]3)F)O[C])[C][C]=C([C])[C])c(=O)c1=C2O)([C])[C]	PDBQT/dock_1807.pdbqt
O1C([C]=[C]C2=C1[C]=c1oc3c(C(=C(C(=[C]3)O[C]C3=[C][C]=C(F)[C]=[C]3)O[C])[C][C]=C([C])[C])c(=O)c1=C2O)([C])[C]	PDBQT/dock_1808.pdbqt
O1C([C]=[C]C2=C(c3c(oc4=[C]C(=C(C(=c4c3=O)[C][C]=C([C])[C])O[C])O[C]C3=[C][C]=C(F)[C]=[C]3)[C]=C12)O[C]/[C]=[C]\C(=O)O[C][C])([C])[C]	PDBQT/dock_1809.pdbqt
O1C([C]=[C]C2=C1[C]=c1oc3c(c(=O)c1=C2O[C][C][C]C(=O)O[C][C])C(=C(C(=[C]3)O[C]C1=[C][C]=C([C]=[C]1)F)O[C])[C][C]=C([C])[C])([C])[C]	PDBQT/dock_1810.pdbqt
FC1=[C][C]=[C]c2c(=O)c3=[C][C]=C([C]=c3oc12)N1[C][C]([C][C]1)[C]C(=O)OC([C])([C])[C]	PDBQT/dock_1811.pdbqt
FC1=c2oc3[C]=C([C]=[C]c3c(=O)c2=[C][C]=[C]1)N1[C][C]([C][C]1)[C]C(=O)OC([C])([C])[C]	PDBQT/dock_1812.pdbqt
o1c2=[C]C(=[C]C(=c2c(=O)c2=[C][C]=[C][C]=c12)O)O[C][C]N1[C][C]O[C][C]1	PDBQT/dock_1813.pdbqt
o1c2c(c(c(c(c2[C])O)[C])O)c(=O)c2c1[C]=[C][C]=[C]2	PDBQT/dock_1814.pdbqt
o1c2c(c(c(c(c2[C])O[C])[C])O)c(=O)c2=[C][C]=[C][C]=c12	PDBQT/dock_1815.pdbqt
o1c2=[C][C]=C3C(=c2c(=O)c2=C(C(=[C][C]=c12)O)O)[C]=C(C(=[C]3)O)O	PDBQT/dock_1816.pdbqt
o1c2=[C]C(=[C]C(=c2c(=O)c2=C([C]=[C][C]=c12)[C])O)[C]	PDBQT/dock_1817.pdbqt
o1c2c(c(=O)c3c1[C]=C([C]=[C]3)O)[C]=[C]C(=[C]2)O[C][C][C]N([C])[C]	PDBQT/dock_1818.pdbqt
o1c2c(c(=O)c3c1[C]=[C]C(=[C]3)O[C])C(=[C]C(=C2O)O[C])O	PDBQT/dock_1819.pdbqt
O1C([C]=[C]C2=C(c3c(oc4c(c3=O)[C]=[C]C(=[C]4)O[C])[C]=C12)O)([C])[C]	PDBQT/dock_1820.pdbqt
FC1=[C][C]=[C]c2c(=O)c3c(oc12)[C]=C([C]=[C]3)N1[C]C2([C][C][C][C]2)[C][C]1	PDBQT/dock_1821.pdbqt
o1c2c([C]=C([C]=[C]2)C2=[C]C(=[C][C]=[C]2)C2=[C][C]=[C][C][C]2)c(=O)c2c1[C]=[C]C(=[C]2)C(F)(F)F	PDBQT/dock_1822.pdbqt
o1c2=[C]C(=C([C]=c2c(=O)c2c1[C]=C([C]=C2O[C])O[C])O)O[C]C1=[C][C]=[C][C]=[C]1	PDBQT/dock_1823.pdbqt
o1c2=[C]C(=C([C]=c2c(=O)c2=[C][C]=[C][C]=c12)C(=O)C1=C([C]=[C][C]=[C]1)O)[C]	PDBQT/dock_1824.pdbqt
ClC1=[C]c2oc3c(c(=O)c2C(=[C]1)N)[C]=[C]C(=[C]3)Cl	PDBQT/dock_1825.pdbqt
ClC1=c2oc3c(c(=O)c2=C([C]=[C]1)N)[C]=[C][C]=C3Cl	PDBQT/dock_1826.pdbqt
ClC1=[C][C]=C(c2c1oc1c(c2=O)[C]=[C]C(=[C]1)Cl)N	PDBQT/dock_1827.pdbqt
ClC1=C(Cl)[C]=[C]c2c1oc1c(c2=O)C(=[C][C]=[C]1)N	PDBQT/dock_1828.pdbqt
ClC1=[C][C]=[C]c2c(=O)c3C(=[C][C]=[C]c3oc12)N[C][C]N([C][C])[C][C]	PDBQT/dock_1829.pdbqt
ClC1=[C]c2oc3c(c(=O)c2C(=[C]1)N[C][C]N([C][C])[C][C])[C]=[C][C]=C3Cl	PDBQT/dock_1830.pdbqt
ClC1=[C]c2oc3c(c(=O)c2C(=[C]1)N[C][C]N([C][C])[C][C])[C]=[C]C(=[C]3)Cl	PDBQT/dock_1831.pdbqt
ClC1=[C][C]=C(c2c1oc1c(c2=O)[C]=[C][C]=C1Cl)N[C][C]N([C][C])[C][C]	PDBQT/dock_1832.pdbqt
ClC1=C(Cl)[C]=[C]c2c(=O)c3C(=[C][C]=[C]c3oc12)N[C][C]N([C][C])[C][C]	PDBQT/dock_1833.pdbqt
o1c2=[C][C]=C(C(=c2c(=O)c2c1[C]=[C][C]=C2O)C(=O)O)O[C]	PDBQT/dock_1834.pdbqt
o1c2=C([C]=C(C(=c2c(=O)c2=[C][C]=[C][C]=c12)O)O[C])O[C]	PDBQT/dock_1835.pdbqt
o1c2c(c(=O)c3c1[C]=C([C]=C3O[C])O[C])C(=C(C(=[C]2)O[C])O[C])O[C]	PDBQT/dock_1836.pdbqt
o1c2c(c(=O)c3c1[C]=[C]C(=[C]3)O[C])c(c(c(c2O)O[C])O[C])O	PDBQT/dock_1837.pdbqt
o1c2c(C3=[C]C(=[C][C]=C3[C]=[C]2)O[C])c(=O)c2c1[C]=C([C]=C2O)O	PDBQT/dock_1838.pdbqt
o1c2=C(C(=C([C]=c2c(=O)c2=C([C]=C([C]=c12)O[C])O)O[C])O[C])O	PDBQT/dock_1839.pdbqt
o1c2=C(C(=C([C]=c2c(=O)c2=C([C]=C([C]=c12)O[C])O)O)O[C])O	PDBQT/dock_1840.pdbqt
ClC1=C([C]=c2oc3=[C]C(=[C]C(=c3c(=O)c2=C1O)[C])O[C])O[C]	PDBQT/dock_1841.pdbqt
ClC1=C([C]=C(c2c1oc1=[C]C(=[C]C(=c1c2=O)[C])O[C])O[C])O[C]	PDBQT/dock_1842.pdbqt
ClC1=C([C]=c2oc3=[C]C(=C(Cl)C(=c3c(=O)c2=C1[C])O)O[C])O	PDBQT/dock_1843.pdbqt
ClC1=[C][C]=[C]c2c(=O)c3c(oc12)[C]=C(Cl)[C]=C3N	PDBQT/dock_1844.pdbqt
O1C([C]=[C]C2=C1[C]=c1oc3c(c(=O)c1=C2OC(=O)[C])[C]=[C]C(=C3OC(=O)[C])OC(=O)[C])([C])[C]	PDBQT/dock_1845.pdbqt
o1c2c(C(=C(C(=[C]2)[C])OC(=O)[C])O[C]([C])[C])c(=O)c2c1[C]=[C][C]=[C]2	PDBQT/dock_1846.pdbqt
o1c2c(C(=C([C]=[C]2)O[C]([C])[C])O[C])c(=O)c2=[C][C]=[C][C]=c12	PDBQT/dock_1847.pdbqt
o1c2=[C]C(=[C][C]=c2c(=O)c2=[C][C]=[C][C]=c12)O[C]C(=O)C1=[C][C]=C(Cl)[C]=[C]1	PDBQT/dock_1848.pdbqt
o1c2=[C]C(=[C][C]=c2c(=O)c2c1[C]=[C][C]=[C]2)O[C]C(=O)C1=[C][C]=C([C]=[C]1)O[C]	PDBQT/dock_1849.pdbqt
O(C1=[C][C]=c2c(=[C]1)oc1c(c2=O)[C]=[C][C]=[C]1)[C]C(=O)C1=[C][C]=C(C2=[C][C]=[C][C]=[C]2)[C]=[C]1	PDBQT/dock_1850.pdbqt
o1c2=[C][C]=C([C]=c2c(=O)c2c1[C]=[C][C]=[C]2)NC(=S)N[C][C]	PDBQT/dock_1851.pdbqt
S=C1N(C2=[C][C]=c3oc4c(c(=O)c3=[C]2)[C]=[C][C]=[C]4)C(=O)C(=O)N1[C][C]	PDBQT/dock_1852.pdbqt
S1[C]C(=O)N(C2=[C][C]=c3oc4=[C][C]=[C][C]=c4c(=O)c3=[C]2)C1=S	PDBQT/dock_1853.pdbqt
o1c2c(c(=O)c3=C([C]=C([C]=c13)O[C])O)C(=C(C(=[C]2)O[C])O[C])O	PDBQT/dock_1854.pdbqt
o1c2c(c(=O)c3c1[C]=C([C]=[C]3)O[C])[C]=[C][C]=C2[C]Br	PDBQT/dock_1855.pdbqt
N#C[C]C1=[C][C]=[C]c2c1oc1=[C]C(=[C][C]=c1c2=O)O[C]	PDBQT/dock_1856.pdbqt
o1c2=C3C(=[C][C]=c2c(=O)c2=[C][C]=[C]C(=c12)[C])[C]=[C][C]=[C]3	PDBQT/dock_1857.pdbqt
ClC1=[C][C]=[C]c2oc3c(c(=O)c12)[C]=[C][C]=C3O	PDBQT/dock_1858.pdbqt
o1c2=[C]C(=C([C]=c2c(=O)c2=[C]C(=C([C]=c12)O[C])O[C])O[C])O[C]	PDBQT/dock_1859.pdbqt
o1c2c(C(=C([C]=C2OC(=O)[C])C2=[C][C]=[C][C]=[C]2)O)c(=O)c2c1[C]=[C][C]=[C]2	PDBQT/dock_1860.pdbqt
o1c2c(c(=O)c3=[C]C(=[C]C(=c13)O[C])O[C])c(c(c(c2O[C])O[C])O[C])O[C]	PDBQT/dock_1861.pdbqt
ClC1=c2oc3=[C]C(=[C]C(=c3c(=O)c2=[C][C]=C1O[C])[C])O[C]	PDBQT/dock_1862.pdbqt
ClC1=c2oc3=[C]C(=[C]C(=c3c(=O)c2=[C][C]=C1O[C])[C])O	PDBQT/dock_1863.pdbqt
Clc1c2oc3c(c(=O)c2c(c(Cl)c1O[C])[C])[C]=[C]C(=[C]3)O	PDBQT/dock_1864.pdbqt
o1c2=[C]C(=C(C(=c2c(=O)c2=C([C]=C(C(=c12)[C]/[C]=C(\[C])/O)O)O)[C]/[C]=C(\[C])/[C][C][C]=C([C])[C])O[C])O	PDBQT/dock_1865.pdbqt
O1[C]([C](C2=C1[C]=C(c1c2oc2c(c1=O)[C]=[C][C]=C2O)O)OC1=C(c2oc3=C4C(=[C]C(=c3c(=O)c2[C]=[C]1)O)OC([C]=[C]4)([C])[C])O)C([C])([C])O	PDBQT/dock_1866.pdbqt
o1c2[C]=C([C]=C(c2c(=O)c2c1[C]=[C]C(=[C]2)O)O)O[C]1O[C]([C]([C]([C]1O)O)O)[C]O	PDBQT/dock_1867.pdbqt
o1c2=C(C(=[C]C(=c2c(=O)c2c1C(=C([C]=[C]2)O)O)O)O)[C][C]([C]/[C]=C(\[C])/[C][C][C]=C([C])[C])C(=[C])[C]	PDBQT/dock_1868.pdbqt
o1c2=[C]C(=[C]C(=c2c(=O)c2=[C]C(=[C][C]=c12)O[C])O)[C]1O[C]([C]([C]([C]1O)O)O)[C]O	PDBQT/dock_1869.pdbqt
o1c2[C]=C([C]=C(c2c(=O)c2c1[C]=C([C]=[C]2)O)O)O[C]1O[C]([C]([C]([C]1O)O)O)[C]O	PDBQT/dock_1870.pdbqt
o1c2=[C]C(=[C][C]=c2c(=O)c2=[C][C]=[C][C]=c12)O[C][C]=O	PDBQT/dock_1871.pdbqt
O1C2=[C]C(=c3c(=C2C([C]C1=O)([C])[C])oc1=C(C(=[C][C]=c1c3=O)O)O)O	PDBQT/dock_1872.pdbqt
O1[C](C(C2=c3oc4=C(C(=[C][C]=c4c(=O)c3=C([C]=C12)O[C])O[C])O[C])([C])[C])[C]	PDBQT/dock_1873.pdbqt
o1c2c(c(c(c(c2[C]/[C]=C(\[C])/[C][C][C]=C([C])[C])O)O)[C][C]=C([C])[C])c(=O)c2=C([C]=C([C]=c12)O)O	PDBQT/dock_1874.pdbqt
O1C([C@]([C]C2=C1c1oc3c(c(=O)c1[C]=[C]2)C(=[C][C]=[C]3)O)([C])O)([C])[C]	PDBQT/dock_1875.pdbqt
o1c2=[C]C(=[C]C(=c2c(=O)c2c1[C]=C(C(=[C]2)O)O)O[C]1O[C]([C]([C]([C]1O)O)O)[C])O	PDBQT/dock_1876.pdbqt
o1c2=C([C]=[C]C(=c2c(=O)c2=C([C]=C([C]=c12)O[C])O)O)O[C]1O[C]([C]([C]([C]1O)O)O)[C]O	PDBQT/dock_1877.pdbqt
o1c2c(c(c(c(c2c(=O)c2c1[C]=[C]C(=[C]2)O[C])O)[C][C]=C([C])[C])O)[C]/[C]=C(\[C])/[C][C][C]=C([C])[C]	PDBQT/dock_1878.pdbqt
o1c2c(c(c(c(c2c(=O)c2c1[C]=[C]C(=[C]2)OC(=O)C1=[C][C]=[C][C]=[C]1)O)[C][C]=C([C])[C])O)[C]/[C]=C(\[C])/[C][C][C]=C([C])[C]	PDBQT/dock_1879.pdbqt
o1c2=[C]C(=[C]C(=c2c(=O)c2c1C(=C([C]=[C]2)O[C])O[C])O[C]1O[C]([C]([C]([C]1O)O)O)[C]O)O[C]	PDBQT/dock_1880.pdbqt
o1c2=[C]C(=[C][C]=c2c(=O)c2=C([C]=[C][C]=c12)O)O[C][C][C][C]	PDBQT/dock_1881.pdbqt
o1c2c(c(=O)c3=C([C]=[C][C]=c13)O)[C]=[C]C(=[C]2)O[C]C1=[C][C]=[C][C]=[C]1	PDBQT/dock_1882.pdbqt
O1[C]([C](C2=c3oc4=C(C(=[C][C]=c4c(=O)c3=C([C]=C12)O)O)O)OC1=[C][C]=c2c(=C1O)oc1c(c2=O)C(=[C]C(=C1[C][C]=C([C])[C])O)O)C([C])([C])O	PDBQT/dock_1883.pdbqt
O1[C]([C](C2=c3oc4=C(C(=[C][C]=c4c(=O)c3=C([C]=C12)O)O)O)OC1=[C][C]=c2c(=C1O)oc1c(c2=O)C(=[C]C(=[C]1)O)O)C([C])([C])O	PDBQT/dock_1884.pdbqt
N#C/C(=N\NC1=[C]c2c(oc3c(c2=O)[C]=[C][C]=[C]3)[C]=[C]1)/C(=O)O[C][C]	PDBQT/dock_1885.pdbqt
O1[C]([C](OC2=C1c1oc3=[C][C]=[C][C]=c3c(=O)c1[C]=C2O[C])C1=[C]C(=[C]C(=[C]1)O[C])O)[C]O	PDBQT/dock_1886.pdbqt
O1[C]([C](OC2=C1c1oc3=[C][C]=[C][C]=c3c(=O)c1[C]=C2O[C])C1=[C]C(=[C]C(=[C]1)O)O[C])[C]OC(=O)[C]	PDBQT/dock_1887.pdbqt
o1c2=C(C(=[C]C(=c2c(=O)c2=[C][C]=C([C]=c12)O)O)O)O[C]	PDBQT/dock_1888.pdbqt
O=C(NC1=[C][C]=c2c(=[C]1)c(=O)c1=[C][C]=[C][C]=c1o2)C1=[C][C]=C([C]=[C]1)N1[C][C]O[C][C]1	PDBQT/dock_1889.pdbqt
o1c2=[C][C]=C([C]=c2c(=O)c2=[C][C]=[C][C]=c12)NC(=O)[C][C]O[C][C]1O[C][C][C]1	PDBQT/dock_1890.pdbqt
O=C(NC1=[C][C]=c2c(=[C]1)c(=O)c1=[C][C]=[C][C]=c1o2)[C][C][C]OC1=[C]C2=C(NC(=O)[C][C]2)[C]=[C]1	PDBQT/dock_1891.pdbqt
o1c2=[C][C]=C([C]=c2c(=O)c2=[C][C]=[C][C]=c12)NC(=O)C1=C([C]=C(O1)[C][C])[C]	PDBQT/dock_1892.pdbqt
O=C(NC1=[C][C]=c2c(=[C]1)c(=O)c1=[C][C]=[C][C]=c1o2)[C][C]([C])NC(=O)[C]1[C][C][C][C]1	PDBQT/dock_1893.pdbqt
O=C(NC1=[C]c2c(oc3c(c2=O)[C]=[C][C]=[C]3)[C]=[C]1)C1=[C]C(=NN1)c1c(n(nc1[C])[C])[C]	PDBQT/dock_1894.pdbqt
o1c2c(c(c(c(c2O)O)[C]2O[C][C]([C]([C]2O)O)O)O)c(=O)c2c1[C]=C(C(=[C]2)O)O	PDBQT/dock_1895.pdbqt
O1[C](C(C2=c3oc4c(c(=O)c3=C([C]=C12)O)C(=[C]C(=C4O[C])O)C(=O)O)([C])[C])[C]	PDBQT/dock_1896.pdbqt
o1c2c(c(=O)c3=[C][C]=[C][C]=c13)[C]=C([C]=[C]2)NC(=O)[C]([C])OC1=[C][C]=[C][C]=[C]1	PDBQT/dock_1897.pdbqt
O=C(NC1=[C][C]=c2c(=[C]1)c(=O)c1=[C][C]=[C][C]=c1o2)C1=[C]C(=[C][C]=[C]1)NC(=O)[C]1[C]([C]1)[C]	PDBQT/dock_1898.pdbqt
O=C(NC1=[C]c2c(oc3=[C][C]=[C][C]=c3c2=O)[C]=[C]1)c1c(nn(c1Cl)[C]C1=[C][C]=[C][C]=[C]1)[C]	PDBQT/dock_1899.pdbqt
O=C(NC1=[C][C]=c2c(=[C]1)c(=O)c1=[C][C]=[C][C]=c1o2)[C][C][C]OC1=[C][C]=C([C]=C1O[C])C(=O)[C]	PDBQT/dock_1900.pdbqt
o1c2=C(C(=[C]C(=c2c(=O)c2c1C(=C([C]=[C]2)O)O[C])O[C]1O[C]([C]([C]([C]1O)O)O)[C]O)O)O[C]	PDBQT/dock_1901.pdbqt
S1[C]([C]([C]([C]([C]1)OC(=O)[C])OC(=O)[C])OC(=O)[C])OC1=[C]c2oc3=[C][C]=[C][C]=c3c(=O)c2[C]=[C]1	PDBQT/dock_1902.pdbqt
N1([C][C]N([C][C]1)[C][C]OC1=[C][C]=C([C]=[C]1)O[C])[C]C1=[C]c2c(oc3c(c2=O)[C]=[C][C]=[C]3)[C]=[C]1	PDBQT/dock_1903.pdbqt
[C](N1[C][C]N([C][C]1)[C][C]OC1=[C][C]=C(C(=[C]1)[C])Cl)[C]OC1=[C][C]=c2c(=[C]1)c(=O)c1=[C][C]=[C][C]=c1o2	PDBQT/dock_1904.pdbqt
o1c2=C(C(=[C]C(=c2c(=O)c2c1C(=[C][C]=[C]2)O[C])O[C]1O[C]([C]([C]([C]1O)O)O)[C]O)O)O[C]	PDBQT/dock_1905.pdbqt
o1c2C(=C([C]=C(c2c(=O)c2c1C(=[C][C]=[C]2)O[C])O)O[C]1O[C]([C]([C]([C]1O)O)O)[C]O)O[C]	PDBQT/dock_1906.pdbqt
o1c2=[C]C(=[C]C(=c2c(=O)c2c1[C]=C(C(=[C]2)[C])[C])O[C]1O[C]([C]([C]([C]1O)O)O)[C]O)O	PDBQT/dock_1907.pdbqt
o1c2=[C]C(=C(C(=c2c(=O)c2c1[C]=C(C(=[C]2)O)O)O)O[C]1O[C]([C]([C]([C]1O)O)O)[C]O)O[C]	PDBQT/dock_1908.pdbqt
o1c2c(c(=O)c3c1[C]=[C]C(=[C]3)OC(=O)[C])C(=[C]C(=[C]2)O[C]/[C]=C(\[C])/[C][C][C]=C([C])[C])O	PDBQT/dock_1909.pdbqt
o1c2c([C]=C([C]=[C]2)O[C][C](O)[C]N2[C][C](O[C]([C]2)[C])[C])c(=O)c2=[C][C]=[C][C]=c12	PDBQT/dock_1910.pdbqt
ClC1=[C][C]=c2c(=O)c3[C]=C([C]=[C]c3oc2=[C]1)C(=O)N1[C][C]N([C][C]1)C(=O)O[C][C]	PDBQT/dock_1911.pdbqt
o1c2c([C]=C([C]=[C]2)C(=O)N2[C][C]N([C][C]2)C(=O)O[C][C])c(=O)c2=[C][C]=[C][C]=c12	PDBQT/dock_1912.pdbqt
o1c2c([C]=C([C]=[C]2)C(=O)N2[C][C]N([C][C]2)C(=O)O[C][C])c(=O)c2=[C][C]=C([C]=c12)O[C]	PDBQT/dock_1913.pdbqt
O1C([C]=[C]C2=C1[C]=[C]C1=C2C(=c2c(=[C]1)oc1c(c2=O)C(=C(C(=[C]1)O)O[C])[C][C]=C([C])[C])O)([C])[C]	PDBQT/dock_1914.pdbqt
[C]([C][C][C]NS(=O)(=O)C1=[C][C]=C([C]=[C]1)C(F)(F)F)[C]OC1=[C]c2oc3=[C][C]=[C][C]=c3c(=O)c2C(=[C]1)O	PDBQT/dock_1915.pdbqt
O([C][C][C][C][C]NS(=O)(=O)C1=[C][C]=C([C]=[C]1)F)C1=[C]c2oc3=[C][C]=[C][C]=c3c(=O)c2C(=[C]1)O	PDBQT/dock_1916.pdbqt
ClC1=[C][C]=[C]c2oc3c(c(=O)c12)[C]=[C]C(=[C]3)C(=O)O	PDBQT/dock_1917.pdbqt
ClC1=[C]C(=[C]c2c1oc1c(c2=O)[C]=[C][C]=[C]1)C(=O)O	PDBQT/dock_1918.pdbqt
o1c2c(c(=O)c3c1[C]=[C]C(=[C]3)c1n[nH]nn1)[C]=[C]C(=[C]2)c1n[nH]nn1	PDBQT/dock_1919.pdbqt
o1c2c(c(=O)c3c1[C]=[C]C(=[C]3)S[C])[C]=[C]C(=[C]2)C(=O)O	PDBQT/dock_1920.pdbqt
o1c2c(c(=O)c3c1[C]=C([C]=[C]3)C(=O)O)[C]=C([C]=[C]2)O[C][C]([C])O	PDBQT/dock_1921.pdbqt
o1c2c(c(=O)c3=[C][C]=C([C]=c13)C(=O)O)[C]=C([C]=[C]2)O[C][C]	PDBQT/dock_1922.pdbqt
o1c2c(c(=O)c3c1[C]=C([C]=[C]3)C(=O)N)[C]=C([C]=[C]2)O[C][C]OC(=O)[C]	PDBQT/dock_1923.pdbqt
o1c2=[C]C(=[C][C]=c2c(=O)c2=[C]C(=[C][C]=c12)O[C][C])C(=O)O[C]	PDBQT/dock_1924.pdbqt
o1c2=C(C(=[C]C(=c2c(=O)c2c1[C]=[C]C(=[C]2)O)O)O)[C]/[C]=C(\[C])/[C][C][C]=C([C])[C]	PDBQT/dock_1925.pdbqt
o1c2=[C][C]=[C]C(=c2c(=O)c2=[C][C]=[C][C]=c12)S(=O)(=O)N	PDBQT/dock_1926.pdbqt
o1c2=[C]C(=[C][C]=c2c(=O)c2=[C]C(=[C][C]=c12)C(=O)O)[C](O)C(F)(F)F	PDBQT/dock_1927.pdbqt
o1c2c(c(=O)c3c1C(=[C]C(=[C]3)O[C])O[C])c(c(c(c2O[C])O)O[C])O	PDBQT/dock_1928.pdbqt
Clc1c2oc3c(c(=O)c2c(c(Cl)c1O[C])[C])C(=C(Cl)C(=[C]3)O[C])O	PDBQT/dock_1929.pdbqt
FC1=[C][C]=[C]c2oc3c([C]=C(C(=C3[C])O)[C][C]=[C])c(=O)c12	PDBQT/dock_1930.pdbqt
o1c2C(=[C]C(=C(c2c(=O)c2c1C(=[C][C]=[C]2)O)O[C])O)C([C])([C])[C]=[C]	PDBQT/dock_1931.pdbqt
o1c2=[C]C(=C(C(=c2c(=O)c2=C([C]=C([C]=c12)O)O)O)O[C])O	PDBQT/dock_1932.pdbqt
O1C([C]=[C]C2=C1[C]=c1oc3c(c(=O)c1=C2O)[C]=C(C(=[C]3)O)O)([C])[C]	PDBQT/dock_1933.pdbqt
ClC1=C([C]=c2oc3=[C][C]=[C]C(=c3c(=O)c2=[C]1)F)O	PDBQT/dock_1934.pdbqt
o1c2=C(C(=[C]C(=c2c(=O)c2=[C]C(=C([C]=c12)O)O)O)O)[C]1O[C]([C]([C]([C]1O)O)O)[C]O	PDBQT/dock_1935.pdbqt
O1[C][C]([C](C2=c3c(=[C]C(=C12)[C])oc1=C([C]=[C]C(=c1c3=O)O)[C][C]=C([C])[C])O)C(=[C])[C]	PDBQT/dock_1936.pdbqt
O1C([C]=[C]C2=C1[C]=c1oc3c(c(=O)c1=C2O[C])[C]=[C]C(=C3O)O)([C])[C]	PDBQT/dock_1937.pdbqt
o1c2C(=[C][C]=C(c2c(=O)c2=C3[C]([C]([C]OC3=C([C]=c12)[C])C(=[C])[C])O)O[C])[C][C]1OC1([C])[C]	PDBQT/dock_1938.pdbqt
o1c2=C(C(=[C]C(=c2c(=O)c2=C([C]=[C][C]=c12)O[C])O)O[C])[C][C]O	PDBQT/dock_1939.pdbqt
o1c2C(=C([C]=C(c2c(=O)c2c1[C]=[C][C]=C2O[C])O)O[C])[C](O)[C]C(=O)[C]	PDBQT/dock_1940.pdbqt
O1[C]([C](C2=C(OC3=[C]C(=[C]C(=C3C1=O)O)[C])C(=[C]C(=[C]2)O[C])O)O)C1=c2c(=[C]C(=[C]1)O[C])oc1=[C]C(=[C]C(=c1c2=O)O)[C]	PDBQT/dock_1941.pdbqt
BrC1=c2oc3=[C][C]=[C]C(=c3c(=O)c2=[C]C(=[C]1)O)F	PDBQT/dock_1942.pdbqt
ClC1=C([C]=c2c(=[C]1)oc1=[C][C]=[C]C(=c1c2=O)F)O	PDBQT/dock_1943.pdbqt
FC1=[C][C]=[C]c2oc3c(c(=O)c12)[C]=[C]C(=[C]3)O	PDBQT/dock_1944.pdbqt
o1c2=[C][C]=C([C]=c2c(=O)c2=[C][C]=C([C]=c12)C#N)O[C][C]OC(=O)[C]	PDBQT/dock_1945.pdbqt
FC1=[C][C]=[C]c2oc3=C(C(=[C][C]=c3c(=O)c12)O)[C]	PDBQT/dock_1946.pdbqt
o1c2=C([C]=C(C(=c2c(=O)c2c1C(=C([C]=[C]2)[C][C]=C([C])[C])O)O)C([C])([C])[C]=[C])O	PDBQT/dock_1947.pdbqt
o1c2c(c3[C][C]C4=[C]C(=C(C(=C4c3c(c2c(=O)c2c1[C]=[C]C(=C2O)O[C])O)O)C(=O)N[C@]([C])([C]O)C(=O)O)[C]C(=O)[C])O	PDBQT/dock_1948.pdbqt
o1c2c(c(=O)c3c1[C]=[C][C]=[C]3)[C]=[C]C(=[C]2)OC(F)(F)C(=O)O	PDBQT/dock_1949.pdbqt
FC1=c2oc3=[C]C(=[C][C]=c3c(=O)c2=[C][C]=[C]1)N1[C][C]([C][C]1)N[C]OC([C])([C])[C]	PDBQT/dock_1950.pdbqt
FC1=c2oc3=[C]C(=[C][C]=c3c(=O)c2=[C][C]=[C]1)N1[C][C]([C][C]1)[C]=O	PDBQT/dock_1951.pdbqt
FC1=[C][C]=c2c(=C1O)oc1=C([C]=[C][C]=c1c2=O)O	PDBQT/dock_1952.pdbqt
FC1=C(c2oc3c(c(=O)c2[C]=[C]1)[C]=[C]C(=C3O)F)O	PDBQT/dock_1953.pdbqt
o1c2c(c(=O)c3=[C][C]=C([C]=c13)O[C][C]N1[C][C]O[C][C]1)C(=[C]C(=[C]2)O[C][C]N1[C][C]O[C][C]1)O	PDBQT/dock_1954.pdbqt
o1c2c(c(=O)c3=[C][C]=C([C]=c13)O[C][C]N1[C][C][C][C]1)C(=[C]C(=[C]2)O[C][C]N1[C][C][C][C]1)O	PDBQT/dock_1955.pdbqt
o1c2c(c(=O)c3c1[C]=C([C]=[C]3)O[C][C]N1[C][C][C][C][C]1)C(=[C]C(=[C]2)O[C][C]N1[C][C][C][C][C]1)O	PDBQT/dock_1956.pdbqt
o1c2C(=[C]C(=[C]c2c(=O)c2c1[C]=[C][C]=[C]2)O[C]C#C[C][C])[C]N1[C]=[C]N=[C]1	PDBQT/dock_1957.pdbqt
o1c2=[C]C(=[C]C(=c2c(=O)c2c1[C]=C([C]=[C]2)O[C][C]N([C])[C])O)O[C][C]N([C])[C]	PDBQT/dock_1958.pdbqt
o1c2c(C(=[C]C(=[C]2)O[C]C#C[C][C])[C]N2[C]=[C]N=[C]2)c(=O)c2c1[C]=[C][C]=[C]2	PDBQT/dock_1959.pdbqt
o1c2=[C]C(=[C][C]=c2c(=O)c2=[C][C]=C([C]=c12)O[C]C#C[C][C])[C]N1[C]=[C]N=[C]1	PDBQT/dock_1960.pdbqt
FC1=c2c(=[C]C(=[C]1)O[C])oc1=[C][C]=[C][C]=c1c2=O	PDBQT/dock_1961.pdbqt
FC1=C([C]=[C]c2oc3c(c(=O)c12)C(=[C]C(=[C]3)O[C]O[C])O[C]O[C])O[C]O[C]	PDBQT/dock_1962.pdbqt
FC1=[C]c2oc3c(c(=O)c2C(=[C]1)[C]/[C]=C(\[C])/[C][C][C]=C([C])[C])[C]=[C][C]=[C]3	PDBQT/dock_1963.pdbqt
FC1=[C]C(=c2c(=[C]1)oc1=[C][C]=[C][C]=c1c2=O)[C]/[C]=C(/[C])\[C][C][C]=C([C])[C]	PDBQT/dock_1964.pdbqt
FC1=c2c(=[C]C(=[C]1)F)oc1=[C][C]=[C][C]=c1c2=O	PDBQT/dock_1965.pdbqt
FC1=[C]C(=c2c(=[C]1)oc1c(c2=O)[C]=[C][C]=[C]1)OC1([C][C][C][C]1)[C]=[C]	PDBQT/dock_1966.pdbqt
FC1=[C]C(=c2c(=[C]1)oc1=[C][C]=[C][C]=c1c2=O)OC([C])([C])[C]=[C]	PDBQT/dock_1967.pdbqt
FC1=[C]C(=[C]c2oc3c(c(=O)c12)[C]=[C]C(=[C]3)O[C]O[C])F	PDBQT/dock_1968.pdbqt
ClC1=c2c(=[C][C]=[C]1)oc1=[C][C]=[C]C(=c1c2=O)F	PDBQT/dock_1969.pdbqt
o1c2=[C]C(=C(C(=c2c(=O)c2c1[C]=[C]C(=[C]2)O)O)[C]1O[C]([C]([C]([C]1O)O)O)[C]O)O	PDBQT/dock_1970.pdbqt
ClC1=[C][C]=c2oc3c([C]=C([C]=[C]3)O[C][C][C][C][C]N3[C][C][C][C][C]3)c(=O)c2=[C]1	PDBQT/dock_1971.pdbqt
o1c2c([C]=C([C]=[C]2)O[C][C][C][C][C]N2[C][C][C]([C][C]2)[C])c(=O)c2=[C][C]=[C][C]=c12	PDBQT/dock_1972.pdbqt
o1c2c([C]=C([C]=[C]2)O[C][C][C][C][C]N2[C][C][C][C][C]2)c(=O)c2=[C][C]=[C][C]=c12	PDBQT/dock_1973.pdbqt
ClC1=[C][C]=c2oc3c([C]=C([C]=[C]3)O[C][C][C][C][C]N3[C][C][C][C][C][C]3)c(=O)c2=[C]1	PDBQT/dock_1974.pdbqt
o1c2c([C]=C([C]=[C]2)O[C][C][C][C][C][C]N2[C][C][C][C][C][C]2)c(=O)c2=[C][C]=[C][C]=c12	PDBQT/dock_1975.pdbqt
ClC1=[C][C]=c2c(=O)c3[C]=C([C]=[C]c3oc2=[C]1)O[C][C][C][C][C]N1[C][C][C]([C][C]1)[C]	PDBQT/dock_1976.pdbqt
ClC1=[C][C]=c2oc3c([C]=C([C]=[C]3)O[C][C][C][C][C]N3[C][C]([C][C][C]3)[C])c(=O)c2=[C]1	PDBQT/dock_1977.pdbqt
o1c2c([C]=C([C]=[C]2)O[C][C][C][C][C]N2[C][C][C][C][C][C]2)c(=O)c2=[C][C]=[C][C]=c12	PDBQT/dock_1978.pdbqt
ClC1=[C][C]=c2oc3c([C]=C([C]=[C]3)O[C][C][C][C][C]N3[C][C][C]([C][C]3)[C])c(=O)c2=[C]1	PDBQT/dock_1979.pdbqt
o1c2c([C]=C([C]=[C]2)O[C][C][C][C][C]N2[C][C]([C][C][C]2)[C])c(=O)c2=[C][C]=[C][C]=c12	PDBQT/dock_1980.pdbqt
ClC1=[C][C]=c2oc3c([C]=C([C]=[C]3)O[C][C][C][C][C][C]N3[C][C][C][C][C]3)c(=O)c2=[C]1	PDBQT/dock_1981.pdbqt
o1c2=C(C(=[C]C(=c2c(=O)c2=C([C]=C([C]=c12)O[C])O[C])[C][C]=C([C])[C])O[C])O	PDBQT/dock_1982.pdbqt
o1c2c([C]=C([C]=[C]2)[C]C(F)(F)F)c(=O)c2c1[C]=[C][C]=[C]2	PDBQT/dock_1983.pdbqt
O1[C]([C]C2=C1[C]=c1oc3c(c(=O)c1=[C]2)[C]=C([C]=[C]3)O)C([C])([C])O	PDBQT/dock_1984.pdbqt
Clc1c2oc3=[C][C]=[C][C]=c3c(=O)c2c(c(Cl)c1Cl)C(=O)O	PDBQT/dock_1985.pdbqt
o1c2=[C][C]=C([C]=c2c(=O)c2c1[C]=[C][C]=[C]2)O[C][C](O)[C]N1[C][C]N([C][C]1)[C]	PDBQT/dock_1986.pdbqt
O1[C@]([C]=[C]C2=C1C(=[C]c1oc3c(c(=O)c21)C(=C(C(=[C]3)O)[C][C]=C([C])[C])O)O)([C])[C][C]=C([C])[C]	PDBQT/dock_1987.pdbqt
o1c2c(c(=O)c3c1[C]=C([C]=C3O)O[C])C(=C([C]=[C]2)O)C(=O)O	PDBQT/dock_1988.pdbqt
BrC1=[C]C(=[C]c2oc3c(c(=O)c12)C(=C([C]=[C]3)O)C(=O)O)O[C]	PDBQT/dock_1989.pdbqt
o1c2=[C]C(=C(C(=c2c(=O)c2=C([C]=C([C]=c12)O)O)[C][C][C@@]([C])(O)[C][C]/[C]=C(\[C])/[C][C]/[C]=C(\[C])/[C][C][C]=C([C])[C])O)O	PDBQT/dock_1990.pdbqt
O1C([C]=[C]C2=C(c3c(oc4c(C(=C(C(=[C]4)O[C][C][C][C][C]N4[C][C][C][C]4)O[C])[C][C]=C([C])[C])c3=O)[C]=C12)O)([C])[C]	PDBQT/dock_1991.pdbqt
O(C1=[C]C(=c2c(=[C]1)oc1c(c2=O)[C]=C(Br)[C]=[C]1)OC(=O)[C])[C]C1=[C]N(N=N1)[C]C(=O)NC1=[C][C]=C(C(=[C]1)O[C])O[C]	PDBQT/dock_1992.pdbqt
o1c2c(C(=C(C(=[C]2)O)O)[C]/[C]=C(\[C])/[C][C]/[C]=C(\[C])/[C][C][C]=C([C])[C])c(=O)c2c1[C]=C([C]=C2O)O	PDBQT/dock_1993.pdbqt
[C](OC1=[C]C(=c2c(=[C]1)oc1c(c2=O)[C]=[C]C(=[C]1)O)O)C1=[C]N(N=N1)[C]C(=O)NC1=C([C]=C([C]=[C]1)O)O	PDBQT/dock_1994.pdbqt
O1[C]2O[C]=[C][C]2C2=C(c3c(oc4=C([C]=[C]C(=c4c3=O)O)[C][C]C([C])([C])O)[C]=C12)O	PDBQT/dock_1995.pdbqt
O1C([C]=[C]C2=C(c3c(oc4c(C(=C(C(=[C]4)O[C][C][C][C]Br)O[C])[C][C]=C([C])[C])c3=O)[C]=C12)O)([C])[C]	PDBQT/dock_1996.pdbqt
o1c2c(C(=C(C(=[C]2)O)[C][C]=C([C])[C])O)c(=O)c2c1[C]=[C][C]=[C]2	PDBQT/dock_1997.pdbqt
ClC1=[C][C]=c2oc3c([C]=C([C]=[C]3)[C]N3[C][C]N([C][C]3)[C])c(=O)c2=[C]1	PDBQT/dock_1998.pdbqt
[C](OC1=[C]c2oc3=[C][C]=C([C]=c3c(=O)c2C(=[C]1)O)O)C1=[C]N(N=N1)[C]C(=O)NC1=C([C]=C([C]=[C]1)O)O	PDBQT/dock_1999.pdbqt
O1C([C]=[C]C2=C(c3c(oc4=[C]C(=C(C(=c4c3=O)[C][C]=C([C])[C])O[C])O[C][C][C][C][C][C][C]N3[C][C][C][C]3)[C]=C12)O)([C])[C]	PDBQT/dock_2000.pdbqt
O1[C]2O[C]=[C][C@]2(C2=C1[C]=c1oc3c(c(=O)c1=C2O)C(=[C][C]=C3[C][C]=C([C])[C])O)O	PDBQT/dock_2001.pdbqt
O1[C]2O[C]=[C][C@@]2(C2=C1[C]=c1oc3c(c(=O)c1=C2O[C])C(=[C][C]=[C]3)O)O	PDBQT/dock_2002.pdbqt
O(C1=[C]C(=c2c(=[C]1)oc1c(c2=O)[C]=C([C]=[C]1)O[C])OC(=O)[C])[C]C1=[C]N(N=N1)[C]C(=O)NC1=C([C]=C([C]=[C]1)O[C])O[C]	PDBQT/dock_2003.pdbqt
[C](OC1=[C]C(=c2c(=[C]1)oc1c(c2=O)[C]=[C]C(=[C]1)O[C])O)C1=[C]N(N=N1)[C]C(=O)NC1=[C][C]=C([C]=C1O[C])O[C]	PDBQT/dock_2004.pdbqt
[C](OC1=[C]C(=c2c(=[C]1)oc1c(c2=O)[C]=C([C]=[C]1)O[C])O)C1=[C]N(N=N1)[C]C(=O)NC1=[C][C]=C([C]=C1O[C])O[C]	PDBQT/dock_2005.pdbqt
ClC1=C(c2c(=O)c3=C(C4=C(O[C]5O[C]=[C][C@@]45O)[C]=c3oc2[C]=[C]1)O)O[C]	PDBQT/dock_2006.pdbqt
O(C1=[C]c2oc3=[C]C(=[C][C]=c3c(=O)c2C(=[C]1)OC(=O)[C])Br)[C]C1=[C]N(N=N1)[C]C(=O)NC1=[C][C]=C([C]=C1O[C])O[C]	PDBQT/dock_2007.pdbqt
O1C([C]=[C]C2=C(c3c(oc4c(C(=C(C(=[C]4)O[C][C][C][C][C][C]N4[C][C][C][C]4)O[C])[C][C]=C([C])[C])c3=O)[C]=C12)O)([C])[C]	PDBQT/dock_2008.pdbqt
O1C([C]=[C]C2=C1[C]=c1oc3=[C]C(=C(C(=c3c(=O)c1=C2O)[C][C]=C([C])[C])O[C])O[C][C][C]N1[C][C][C][C]1)([C])[C]	PDBQT/dock_2009.pdbqt
O(C1=[C]c2oc3=[C]C(=[C][C]=c3c(=O)c2C(=[C]1)OC(=O)[C])Br)[C]C1=[C]N(N=N1)[C]C(=O)NC1=[C][C]=C(C(=[C]1)O[C])O[C]	PDBQT/dock_2010.pdbqt
O1C([C]=[C]C2=C(c3c(oc4c(C(=C(C(=[C]4)O[C][C][C]C(=O)O[C][C])O[C])[C][C]=C([C])[C])c3=O)[C]=C12)O)([C])[C]	PDBQT/dock_2011.pdbqt
[C](OC1=[C]c2oc3=[C][C]=C([C]=c3c(=O)c2C(=[C]1)O)O)C1=[C]N(N=N1)[C]C(=O)NC1=[C]C(=C([C]=[C]1)O)O	PDBQT/dock_2012.pdbqt
N1(N=NC(=[C]1)[C]OC1=[C]c2oc3=[C]C(=[C][C]=c3c(=O)c2C(=[C]1)O)Br)[C]C(=O)NC1=[C]C(=C([C]=[C]1)O)O	PDBQT/dock_2013.pdbqt
O(C1=[C]C(=c2c(=[C]1)oc1c(c2=O)[C]=C(Br)[C]=[C]1)OC(=O)[C])[C]C1=[C]N(N=N1)[C]C(=O)NC1=C([C]=C([C]=[C]1)O[C])O[C]	PDBQT/dock_2014.pdbqt
o1c2C(=[C][C]=[C]c2c(=O)c2=[C][C]=[C][C]=c12)NS(=O)(=O)C1=[C][C]=C([C]=[C]1)O[C]	PDBQT/dock_2015.pdbqt
o1c2=C([C]=[C][C]=c2c(=O)c2=[C][C]=[C][C]=c12)[C]N1[C][C]N([C][C]1)C(=O)O[C][C]	PDBQT/dock_2016.pdbqt
o1c2=[C][C]=C(C(=c2c(=O)c2c1C(=C([C]=[C]2)O[C])O[C])O)O[C]1O[C]([C]([C]([C]1O)O)O)[C]O	PDBQT/dock_2017.pdbqt
O1C([C]=[C]C2=C(c3c(oc4c(C(=C(C(=[C]4)O[C][C][C][C][C][C]C(=O)O[C][C])O[C])[C][C]=C([C])[C])c3=O)[C]=C12)O)([C])[C]	PDBQT/dock_2018.pdbqt
o1c2=[C]C(=[C]C(=c2c(=O)c2c1[C]=[C][C]=C2O)[C]1OC(=O)[C]([C]1)O)[C]	PDBQT/dock_2019.pdbqt
O1C([C]=[C]C2=C(c3c(oc4c(C(=C(C(=[C]4)O[C][C][C][C][C][C][C][C]C(=O)O[C][C])O[C])[C][C]=C([C])[C])c3=O)[C]=C12)O)([C])[C]	PDBQT/dock_2020.pdbqt
N1(N=NC(=[C]1)[C]OC1=[C]C(=c2c(=[C]1)oc1c(c2=O)[C]=C(Br)[C]=[C]1)O)[C]C(=O)NC1=[C][C]=C([C]=C1O[C])O[C]	PDBQT/dock_2021.pdbqt
O1C([C]=[C]C2=C(c3c(oc4c(C(=C(C(=[C]4)O[C][C][C][C][C]C(=O)O[C][C])O[C])[C][C]=C([C])[C])c3=O)[C]=C12)O)([C])[C]	PDBQT/dock_2022.pdbqt
o1c2c(c(=O)c3c1[C]=C([C]=C3O)O)[C]=C(C(=[C]2)O)O[C][C]=C([C])[C]	PDBQT/dock_2023.pdbqt
o1c2=[C]C(=[C][C]=c2c(=O)c2=[C][C]=[C][C]=c12)O[C]C(=O)NC1=[C][C]=[C][C]=[C]1	PDBQT/dock_2024.pdbqt
O(C1=[C]C(=c2c(=[C]1)oc1c(c2=O)[C]=C([C]=[C]1)O[C])OC(=O)[C])[C]C1=[C]N(N=N1)[C]C(=O)NC1=[C][C]=C(C(=[C]1)O[C])O[C]	PDBQT/dock_2025.pdbqt
N1(N=NC(=[C]1)[C]OC1=[C]C(=c2c(=[C]1)oc1c(c2=O)[C]=C(Br)[C]=[C]1)O)[C]C(=O)NC1=[C]C(=C([C]=[C]1)O[C])O[C]	PDBQT/dock_2026.pdbqt
O1C([C]=[C]C2=C1[C]=c1oc3=[C]C(=C(C(=c3c(=O)c1=C2O)[C][C]=C([C])[C])O[C])O[C][C][C][C][C][C][C]C(=O)O[C][C])([C])[C]	PDBQT/dock_2027.pdbqt
O(C1=[C]C(=c2c(=[C]1)oc1c(c2=O)[C]=[C]C(=[C]1)O[C])OC(=O)[C])[C]C1=[C]N(N=N1)[C]C(=O)NC1=[C][C]=C(C(=[C]1)O[C])O[C]	PDBQT/dock_2028.pdbqt
O(C1=[C]C(=c2c(=[C]1)oc1c(c2=O)[C]=[C]C(=[C]1)O[C])OC(=O)[C])[C]C1=[C]N(N=N1)[C]C(=O)NC1=[C][C]=C([C]=C1O[C])O[C]	PDBQT/dock_2029.pdbqt
o1c2=[C]C(=[C][C]=c2c(=O)c2=[C][C]=[C][C]=c12)O[C]C(=O)NC1=[C][C]=C([C]=[C]1)O[C]	PDBQT/dock_2030.pdbqt
O1C([C]=[C]C2=C(c3c(oc4c(C(=C(C(=[C]4)O[C][C][C][C]C(=O)O[C][C])O[C])[C][C]=C([C])[C])c3=O)[C]=C12)O)([C])[C]	PDBQT/dock_2031.pdbqt
O1C([C]=[C]C2=C(c3c(oc4=[C]C(=C(C(=c4c3=O)[C][C]=C([C])[C])O[C])O[C][C][C][C]N3[C][C][C][C]3)[C]=C12)O)([C])[C]	PDBQT/dock_2032.pdbqt
[C](OC1=[C]C(=c2c(=[C]1)oc1c(c2=O)[C]=[C]C(=[C]1)O[C])O)C1=[C]N(N=N1)[C]C(=O)NC1=[C][C]=C(C(=[C]1)O[C])O[C]	PDBQT/dock_2033.pdbqt
[C](OC1=[C]c2oc3=[C][C]=[C][C]=c3c(=O)c2[C]=[C]1)C(=O)NC1=[C][C]=C(C2=[C][C]=[C][C]=[C]2)[C]=[C]1	PDBQT/dock_2034.pdbqt
[C](OC1=[C]c2oc3=[C][C]=C([C]=c3c(=O)c2C(=[C]1)O)O[C])C1=[C]N(N=N1)[C]C(=O)NC1=[C][C]=C(C(=[C]1)O[C])O[C]	PDBQT/dock_2035.pdbqt
O1C([C]=[C]C2=C(c3c(oc4c(C(=C(C(=[C]4)O[C][C][C][C][C]Br)O[C])[C][C]=C([C])[C])c3=O)[C]=C12)O)([C])[C]	PDBQT/dock_2036.pdbqt
[C](OC1=[C]C(=c2c(=[C]1)oc1c(c2=O)[C]=[C]C(=[C]1)O)O)C1=[C]N(N=N1)[C]C(=O)NC1=[C]C(=C([C]=[C]1)O)O	PDBQT/dock_2037.pdbqt
BrC1=C([C]=c2oc3=[C]C(=C(Br)[C]=c3c(=O)c2=[C]1)O)O	PDBQT/dock_2038.pdbqt
O1C([C]=[C]C2=C(c3c(oc4c(C(=C(C(=[C]4)O[C][C][C]Br)O[C])[C][C]=C([C])[C])c3=O)[C]=C12)O)([C])[C]	PDBQT/dock_2039.pdbqt
N1(N=NC(=[C]1)[C]OC1=[C]C(=c2c(=[C]1)oc1c(c2=O)[C]=[C]C(=[C]1)Br)O)[C]C(=O)NC1=[C][C]=C([C]=C1O[C])O[C]	PDBQT/dock_2040.pdbqt
O1C([C](C2=c3oc4=C(C(=[C][C]=c4c(=O)c3=C([C]=C12)O)O)O)[C])([C])[C]	PDBQT/dock_2041.pdbqt
o1c2=C(C(=[C][C]=c2c(=O)c2c1C(=[C][C]=[C]2)[C]C(=O)O)[C]O[C]1O[C]([C]([C]([C]1O)O)O)C(=O)O)[C]	PDBQT/dock_2042.pdbqt
O=C(O[C]1O[C]([C]([C]([C]1O)O)O)C(=O)O)[C]C1=[C][C]=[C]c2c1oc1c(c2=O)[C]=[C]C(=C1[C])[C]	PDBQT/dock_2043.pdbqt
ClC1=[C][C]=[C]c2oc3c(c(=O)c12)[C]=C([C]=[C]3)C(F)(F)F	PDBQT/dock_2044.pdbqt
o1c2c(c(=O)c3c1[C]=C([C]=[C]3)C(F)(F)F)[C]=[C]C(=[C]2)O[C][C]N([C][C])[C][C]	PDBQT/dock_2045.pdbqt
o1c2c(c(=O)c3c1[C]=[C][C]=[C]3)C(=[C][C]=[C]2)O[C]F	PDBQT/dock_2046.pdbqt
o1c2=[C]C(=[C][C]=c2c(=O)c2=[C][C]=C([C]=c12)O)OC(F)(F)F	PDBQT/dock_2047.pdbqt
FC1=[C][C]=[C]c2c(=O)c3=[C][C]=C([C]=c3oc12)O[C][C]N([C][C])[C][C]	PDBQT/dock_2048.pdbqt
o1c2c(c(=O)c3c1[C]=C([C]=[C]3)O)[C]=[C]C(=[C]2)C(F)(F)F	PDBQT/dock_2049.pdbqt
FC1=[C][C]=c2c(=[C]1)oc1=[C][C]=C([C]=c1c2=O)O	PDBQT/dock_2050.pdbqt
FC1=c2oc3=[C]C(=[C][C]=c3c(=O)c2=[C][C]=[C]1)O	PDBQT/dock_2051.pdbqt
FC1=[C]c2oc3c(c(=O)c2[C]=[C]1)C(=C([C]=[C]3)OC(=O)[C])[C]=O	PDBQT/dock_2052.pdbqt
FC1=[C]c2oc3c(c(=O)c2[C]=[C]1)C(=C([C]=[C]3)O)[C]=O	PDBQT/dock_2053.pdbqt
o1c2c(C(=[C][C]=[C]2)C(F)(F)F)c(=O)c2c1[C]=[C][C]=[C]2	PDBQT/dock_2054.pdbqt
o1c2=[C][C]=C([C]=c2c(=O)c2c1[C]=C([C]=[C]2)OC1=[C][C]=C([C]=[C]1)F)[C][C][C@](N)([C]OP(=O)(O)O)[C]O	PDBQT/dock_2055.pdbqt
o1c2=[C][C]=C([C]=c2c(=O)c2c1[C]=C([C]=[C]2)OC1=[C][C]=C(C(=[C]1)Cl)F)[C][C][C@](N)([C]OP(=O)(O)O)[C]O	PDBQT/dock_2056.pdbqt
o1c2=[C][C]=C([C]=c2c(=O)c2c1[C]=C([C]=[C]2)C1=[C]C(=[C][C]=[C]1)C(F)(F)F)[C][C][C@](N)([C]OP(=O)(O)O)[C]O	PDBQT/dock_2057.pdbqt
o1c2=[C][C]=C([C]=c2c(=O)c2c1[C]=C([C]=[C]2)C1=[C]C(=[C][C]=[C]1)OC(F)(F)F)[C][C][C@](N)([C]OP(=O)(O)O)[C]O	PDBQT/dock_2058.pdbqt
o1c2=[C]C(=[C][C]=c2c(=O)c2=[C]C(=[C][C]=c12)OC1=[C][C]=C(C(=[C]1)Cl)F)[C][C][C@](N)([C]OP(=O)(O)O)[C]O	PDBQT/dock_2059.pdbqt
o1c2=[C]C(=[C][C]=c2c(=O)c2=[C]C(=[C][C]=c12)OC1=[C][C]=[C]C(=[C]1)C(F)(F)F)[C][C][C@](N)([C]OP(=O)(O)O)[C]O	PDBQT/dock_2060.pdbqt
FC1=c2c(=[C][C]=C1F)oc1=[C][C]=[C][C]=c1c2=O	PDBQT/dock_2061.pdbqt
o1c2=[C]C(=C(C(=c2c(=O)c2c1[C]=C(C(=C2O)[C][C]=C([C])[C])OC(=O)[C])[C][C]=C([C])[C])O[C])OC(=O)[C]	PDBQT/dock_2062.pdbqt
o1c2=C([C]=C([C]=c2c(=O)c2c1[C]=[C][C]=[C]2)C(=O)C1=C([C]=[C][C]=[C]1)O)C1=[C]C(=[C][C]=[C]1)O[C]	PDBQT/dock_2063.pdbqt
o1c2c([C]=C([C]=C2C2=[C][C]=[C][C]=C2Cl)C(=O)C2=[C][C]=[C][C]=C2O)c(=O)c2=[C][C]=[C][C]=c12	PDBQT/dock_2064.pdbqt
o1c2c([C]=C([C]=C2C2=[C][C]=[C][C]=[C]2)C(=O)C2=[C]C(=[C][C]=C2O)F)c(=O)c2=[C]C(=[C][C]=c12)O[C]	PDBQT/dock_2065.pdbqt
o1c2C(=[C]C(=[C]c2c(=O)c2=[C][C]=[C][C]=c12)C(=O)C1=[C][C]=[C][C]=C1O)C1=[C][C]=C([C]=[C]1)[C]	PDBQT/dock_2066.pdbqt
ClC1=C([C]=c2oc3c(c(=O)c2=[C]1)[C]=C([C]=C3C1=[C][C]=[C][C]=[C]1)C(=O)C1=C([C]=C(C(=[C]1)Cl)[C])O)[C]	PDBQT/dock_2067.pdbqt
BrC1=[C]c2c(=O)c3=[C]C(=[C]C(=c3oc2[C]=[C]1)C1=[C][C]=[C][C]=[C]1)C(=O)C1=[C]C(=[C][C]=C1O)Br	PDBQT/dock_2068.pdbqt
FC1=[C][C]=c2oc3c([C]=C([C]=C3C3=[C][C]=[C][C]=[C]3)C(=O)C3=C([C]=[C]C(=[C]3)O[C])O)c(=O)c2=[C]1	PDBQT/dock_2069.pdbqt
o1c2=C([C]=C([C]=c2c(=O)c2=[C][C]=[C][C]=c12)C(=O)C1=[C][C]=[C][C]=C1O)C1=[C]C(=[C][C]=C1[C])[C]	PDBQT/dock_2070.pdbqt
o1c2c([C]=C([C]=C2C2=[C][C]=[C][C]=[C]2)C(=O)C2=C([C]=[C]C(=[C]2)O[C])O)c(=O)c2=[C]C(=[C][C]=c12)O[C]	PDBQT/dock_2071.pdbqt
[S@](OS([O])([O])C(F)(F)C(F)(F)C(F)(F)C(F)(F)F)(C1=[C][C]=c2c(=[C]1)c(=O)c1=[C]C(=[C][C]=c1o2)C(=O)[C])(C1=[C][C]=[C][C]=[C]1)C1=[C][C]=[C][C]=[C]1	PDBQT/dock_2072.pdbqt
IO[S]12([O])[C]3[C](C(F)(F)C(F)(F)C(F)(F)C(F)(F)F)[C]2[C]1[C]1O[C]31.[C]1=[C]c2c(oc3c(c2=O)[C]=C([C]=[C]3)C(=O)[C])[C]=[C]1	PDBQT/dock_2073.pdbqt
C1(=[C][C]=[C][C]=[C]1)C1=[C]c2c(=O)c3=[C]C(=[C][C]=c3oc2[C]=[C]1)C([C])(O[C])O[C].IOS([O])([O])C(F)(F)C(F)(F)C(F)(F)C(F)(F)F	PDBQT/dock_2074.pdbqt
O1C([C]=[C]C2=C(c3c(oc4c(C(=C(C(=[C]4)O[C][C][C][C][C][C]Br)O[C])[C][C]=C([C])[C])c3=O)[C]=C12)O)([C])[C]	PDBQT/dock_2075.pdbqt
o1c2c(c(=O)c3c1[C]=[C]C(=[C]3)[C])[C]=C([C]=C2C1=[C][C]=[C][C]=[C]1)C(=O)C1=[C]C(=[C][C]=C1O)[C]	PDBQT/dock_2076.pdbqt
o1c2c([C]=C([C]=C2C2=[C][C]=[C][C]=C2Br)C(=O)C2=[C][C]=[C][C]=C2O)c(=O)c2=[C][C]=[C][C]=c12	PDBQT/dock_2077.pdbqt
O1C([C]=[C]C2=C(c3c(oc4c(C(=C(C(=[C]4)O[C][C][C][C][C][C][C]Br)O[C])[C][C]=C([C])[C])c3=O)[C]=C12)O)([C])[C]	PDBQT/dock_2078.pdbqt
o1c2C(=[C]C(=[C]c2c(=O)c2=[C][C]=[C][C]=c12)C(=O)C1=[C][C]=[C][C]=C1O)C1=[C]C(=[C]C(=[C]1)O[C])O[C]	PDBQT/dock_2079.pdbqt
o1c2=C([C]=C([C]=c2c(=O)c2=[C]C(=[C][C]=c12)[C]([C])[C])C(=O)C1=C([C]=[C]C(=[C]1)[C]([C])[C])O)C1=[C][C]=[C][C]=[C]1	PDBQT/dock_2080.pdbqt
O=C(N([C][C]N([C])[C])C1=[C][C]=c2c(=[C]1)c(=O)c1=[C][C]=[C][C]=c1o2)[C][C][C][C][C][C][C][C][C]	PDBQT/dock_2081.pdbqt
[C](OC1=[C][C]=c2c(=[C]1)oc1c(c2=O)[C]=C([C]=[C]1)C(=O)O)[C][C]OC1=C([C]=C(C(=[C]1)O)C1=[C][C]=C([C]=[C]1)F)[C][C]	PDBQT/dock_2082.pdbqt
O=C(N([C][C][N]([C])([C])[C])C1=[C][C]=c2c(=[C]1)c(=O)c1=[C][C]=[C][C]=c1o2)[C][C][C][C][C][C][C][C][C]	PDBQT/dock_2083.pdbqt
O1[C]([C]([C]([C]([C]1[C])O)O)O[C]1O[C][C]([C]([C]1O)O)O)OC1=C(c2c(oc3c(c2=O)C(=[C]C(=[C]3)O[C])O)C(=[C]1)O)O	PDBQT/dock_2084.pdbqt
o1c2c(c(=O)c3=C(C(=C([C]=c13)O[C])[C]/[C]=C(/[C])\[C]O[C][C])O)[C]=C(C(=C2[C][C]=C([C])[C])O)O[C]	PDBQT/dock_2085.pdbqt
ClC1=C(c2oc3c4O[C]O[C]5c4c(-c4c([C]5)c(c5c(c4O)C(=O)NC(=[C]5)[C])O)c(c3c(=O)c2[C]=[C]1)O)O[C]	PDBQT/dock_2086.pdbqt
o1c2=[C][C]=C(C(=c2c(=O)c2c1[C]=C([C]=C2O)O)[C][C]C([C])([C])O)O	PDBQT/dock_2087.pdbqt
o1c2C(=C([C]=C(c2c(=O)c2c1C(=C1OC([C]=[C]C1=[C]2)([C])[C])O)O)O[C])[C][C]C([C])([C])O	PDBQT/dock_2088.pdbqt
o1c2=[C][C]=C([C]=c2c(=O)c2=[C][C]=C([C]=c12)C#N)O[C][C][C][C]	PDBQT/dock_2089.pdbqt
o1c2=[C]C(=[C][C]=c2c(=O)c2=[C]C(=[C][C]=c12)O[C])C(=O)N	PDBQT/dock_2090.pdbqt
Clc1c2oc3=[C]C(=C(C(=c3c(=O)c2c(c(Cl)c1[C])O)C(=O)O[C])O)O	PDBQT/dock_2091.pdbqt
o1c2=[C][C]=C([C]=c2c(=O)c2c1[C]=C([C]=[C]2)C(=O)N)S[C][C]	PDBQT/dock_2092.pdbqt
o1c2=C([C]=C([C]=c2c(=O)c2=[C]C(=[C][C]=c12)C(=O)O)S(=O)(=O)N)S(=O)(=O)N	PDBQT/dock_2093.pdbqt
o1c2=C([C]=C([C]=c2c(=O)c2c1[C]=[C]C(=[C]2)C(=O)O)[C]([C])OC(=O)[C])[C]([C])OC(=O)[C]	PDBQT/dock_2094.pdbqt
o1c2=[C][C]=C([C]=c2c(=O)c2=[C][C]=[C][C]=c12)C1=[C][C]=[C][C]=[C]1	PDBQT/dock_2095.pdbqt
o1c2=C([C]=C([C]=c2c(=O)c2=[C]C(=[C][C]=c12)C(=O)O)S(=O)(=O)[C])S(=O)(=O)[C]	PDBQT/dock_2096.pdbqt
o1c2c(c(=O)c3c1[C]=[C]C(=[C]3)C(=O)O)[C]=[C]C(=[C]2)C(=O)O	PDBQT/dock_2097.pdbqt
FC1=[C][C]=[C]c2c(=O)c3c(oc12)[C]=C([C]=[C]3)N1[C][C@@]2([C][C]1)[C][C]N([C]2)C(=O)O	PDBQT/dock_2098.pdbqt
FC1=c2oc3=[C]C(=[C][C]=c3c(=O)c2=[C][C]=[C]1)N1[C]C2([C]N([C]2)C(=O)O)[C][C]1	PDBQT/dock_2099.pdbqt
FC1=[C][C]=[C]c2c(=O)c3=[C][C]=C([C]=c3oc12)N1[C][C]([C][C]1)NC(=O)O	PDBQT/dock_2100.pdbqt
O1[C]([C]([C]([C]([C]1[C]O)O)O)OC(=O)/[C]=[C]/C1=[C][C]=C([C]=[C]1)O)C1=C([C]=c2c(=C1O)c(=O)c1=[C]C(=C([C]=c1o2)O)O)O	PDBQT/dock_2101.pdbqt
o1c2=C(C(=[C]C(=c2c(=O)c2=C([C]=C([C]=c12)O)[C])O)O)O[C]	PDBQT/dock_2102.pdbqt
FC1=[C][C]=[C]c2oc3c(c(=O)c12)[C]=C([C]=[C]3)S[C]	PDBQT/dock_2103.pdbqt
O1[C](C(C2=c3oc4=C(C(=[C][C]=c4c(=O)c3=C([C]=C12)O)O[C])O)([C])[C])[C]	PDBQT/dock_2104.pdbqt
o1c2=[C]C(=[C]C(=c2c(=O)c2=[C][C]=C(C(=c12)O)O)O[C]O[C])O[C]O[C]	PDBQT/dock_2105.pdbqt
O1[C]([C](C2=c3c(=[C]C(=C12)O)oc1c(c3=O)C(=[C]C(=[C]1)O)O)O)C([C])([C])O	PDBQT/dock_2106.pdbqt
O1C([C][C]c2c1c(c(c1c2oc2=C([C]=[C][C]=c2c1=O)O)O)[C][C]=C([C])[C])([C])[C]	PDBQT/dock_2107.pdbqt
O1[C]2[C](O[C]C2=[C])C2=c3oc4c(c(=O)c3=C([C]=C12)OC(=O)C1=[C][C]=[C][C]=[C]1)[C]=[C][C]=C4O[C]	PDBQT/dock_2108.pdbqt
O1c2c(c3oc4c(c(=O)c3c(c2[C]=[C]C1([C])[C])OC(=O)[C])[C]=[C][C]=C4OC(=O)[C])C([C])([C])[C]=[C]	PDBQT/dock_2109.pdbqt
o1c2c(C(=C([C]=C2O)O[C]2O[C][C]([C]([C]2O)O)O)C2=C([C]=C(C3=C2C(=O)C2=[C]C(=[C]C(=C2C3=O)O)[C])O)O)c(=O)c2=[C]C(=[C]C(=c12)O)[C]	PDBQT/dock_2110.pdbqt
o1c2c(C(=C([C]=[C]2)O)[C][C](O)C(=[C])[C])c(=O)c2=C([C]=C([C]=c12)O)O	PDBQT/dock_2111.pdbqt
o1c2c(c(=O)c3c1[C]=[C][C]=C3O)C(=[C]C(=[C]2)OS([O])([O])C(F)(F)F)O	PDBQT/dock_2112.pdbqt
o1c2C3=C(C(=[C]c2c(=O)c2c1[C]=[C][C]=[C]2)C1=[C][C]=C([C]=[C]1)Cl)C(=O)N(C3=O)[C]	PDBQT/dock_2113.pdbqt
o1c2=C(C(=[C][C]=c2c(=O)c2=C([C]=C([C]=c12)O[C]O[C])O[C]O[C])O[C]C1=[C][C]=[C][C]=[C]1)O[C]C1=[C][C]=[C][C]=[C]1	PDBQT/dock_2114.pdbqt
o1c2=[C][C]=C(C(=c2c(=O)c2=[C][C]=[C][C]=c12)O[C][C]=C([C])[C])O[C][C]=C([C])[C]	PDBQT/dock_2115.pdbqt
o1c2c([C]=C([C]=[C]2)O[C]2[C]3[C][C][N@]([C]2)[C][C]3)c(=O)c2=[C][C]=[C][C]=c12	PDBQT/dock_2116.pdbqt
O1[C]([C]C2=C1[C]=c1oc3c(c(=O)c1=C2O)[C]=[C][C]=C3O[C])C(=[C])[C]O	PDBQT/dock_2117.pdbqt
o1c2c(C(=[C]C3=[C]C(=[C]C(=C23)O[C])O[C])[C]O[C])c(=O)c2c1[C]=C1C(=C2O[C])C(=[C]C(=[C]1)O[C])O[C]	PDBQT/dock_2118.pdbqt
o1c2c(C(=[C][C]=C2O[C])[C][C]N[C][C]=[C])c(=O)c2=[C][C]=[C][C]=c12	PDBQT/dock_2119.pdbqt
o1c2c(c(=O)c3c1C(=C([C]=C3O)O)O[C])C(=[C]C(=C2O[C])O)[C]	PDBQT/dock_2120.pdbqt
o1c2=[C][C]=C([C]=c2c(=O)c2=[C][C]=C([C]=c12)O[C])C(=O)N[C][C]([C])O	PDBQT/dock_2121.pdbqt
o1c2c(c(=O)c3=C([C]=C([C]=c13)O[C]O[C])O[C]O[C])[C]=[C]C(=C2O)OC([C])([C])[C]=[C]	PDBQT/dock_2122.pdbqt
O1c2c(c3oc4c(c(=O)c3c(c2[C]=[C]C1([C])[C])O)[C]=[C][C]=C4OC(=O)[C])C([C])([C])[C]=[C]	PDBQT/dock_2123.pdbqt
o1c2=[C]C(=[C][C]=c2c(=O)c2c1[C]=C([C]=C2O)N1[C][C]O[C][C]1)N1[C][C][C]([C][C]1)C(=O)N	PDBQT/dock_2124.pdbqt
o1c2=[C]C(=C(C(=c2c(=O)c2=C([C]=[C][C]=c12)O)C(=O)O[C])O)[C]	PDBQT/dock_2125.pdbqt
o1c2c(c(c(c(c2[C][C]=C([C])[C])O)O[C])[C]/[C]=C(\[C])/[C][C][C]=C([C])[C])c(=O)c2c1[C]=C(C(=C2O)[C][C]=C([C])[C])O	PDBQT/dock_2126.pdbqt
o1c2c(C(=C(C(=[C]2)O)O[C])[C][C](O)C([C])([C])O)c(=O)c2c1[C]=C(C(=C2O)[C][C]=C([C])[C])O	PDBQT/dock_2127.pdbqt
O1C([C]([C](C2=c3[nH]c4=C([C]=[C][C]=c4c(=O)c3=C([C]=C12)O)O)NC1=[C][C]=C(c2c1c(=O)c1C(=C3[C][C]C(OC3=[C]c1o2)([C])[C])O)O)O)([C])[C]	PDBQT/dock_2128.pdbqt
o1c2c(c(=O)c3c1[C]=[C]C(=[C]3)O)C(=[C]C(=[C]2)O[C]/[C]=C(\[C])/[C][C][C]=C([C])[C])O	PDBQT/dock_2129.pdbqt
O1C([C]=[C]C2=C(c3c(oc4c(c(c(c(c4[C][C]=C([C])[C])O)O[C])[C][C]=C([C])[C])c3=O)[C]=C12)O)([C])[C]	PDBQT/dock_2130.pdbqt
O1[C]([C]([C]([C]([C]1OC1=[C]c2c(oc3c(c2=O)C(=[C][C]=[C]3)O)[C]=[C]1)O)O)O)[C]O[C]1O[C][C]([C]([C]1O)O)O	PDBQT/dock_2131.pdbqt
O(C1=[C][C]=c2c(=[C]1)oc1c(c2=O)[C]=[C][C]=[C]1)[C]C(=O)N[C](C1=[C][C]=[C][C]=[C]1)[C]O	PDBQT/dock_2132.pdbqt
o1c2=C([C]=[C]C(=c2c(=O)c2=[C][C]=[C][C]=c12)[C]N1[C]=[C]N=[C]1)O[C][C][C]([C])[C]	PDBQT/dock_2133.pdbqt
o1c2c(c(=O)c3=[C][C]=C([C]=c13)O[C])c(c(c(c2O[C])O[C])O[C])O	PDBQT/dock_2134.pdbqt
O1[C@@]([C]=[C]C2=c3oc4=C([C]=[C]C(=c4c(=O)c3=C([C]=C12)O)O)O)([C])[C][C][C]=C([C])[C]	PDBQT/dock_2135.pdbqt
o1c2=C(C(=[C]C(=c2c(=O)c2=C([C]=[C]C(=c12)O)O)O)O)[C][C]C([C])([C])O	PDBQT/dock_2136.pdbqt
O1C2=[C]c3oc4c(c(=O)c3C(=C2[C]=[C][C]1[C])O)[C]=C([C]=[C]4)O	PDBQT/dock_2137.pdbqt
o1c2c(C(=C([C]=C2O)[C][C]=C([C])[C])O)c(=O)c2c1[C]=[C][C]=C2O	PDBQT/dock_2138.pdbqt
o1c2=[C][C]=C([C]=c2c(=O)c2c1[C]=C([C]=[C]2)O[C])C(=O)N[C]([C]O)[C]([C])[C]	PDBQT/dock_2139.pdbqt
o1c2c(C(=[C]C3=[C][C]=[C][C]=C23)C2=[C][C]=C([C]=[C]2)N(=O)=O)c(=O)c2c1[C]=[C][C]=[C]2	PDBQT/dock_2140.pdbqt
o1c2=[C]C(=C([C]=c2c(=O)c2=[C][C]=[C][C]=c12)C1=[C][C]=C([C]=[C]1)O[C])C1=[C][C]=C([C]=[C]1)O[C]C1=[C][C]=[C][C]=[C]1	PDBQT/dock_2141.pdbqt
O1[C]([C]([C]([C]([C]1OC1=[C]C(=c2c(=[C]1)oc1c(c2=O)[C]=[C][C]=[C]1)O)O)O)O)[C]O[C]1O[C][C@]([C]1O)(O)[C]O	PDBQT/dock_2142.pdbqt
O1[C]([C](C2=C1[C]=c1oc3c(c(=O)c1=C2O)C(=C(C(=[C]3)O)O[C])[C][C]=C([C])[C])O)C([C])([C])O	PDBQT/dock_2143.pdbqt
o1c2c(C(=[C]C3=[C][C]=[C][C]=C23)C2=[C][C]=C([C]=[C]2)[C])c(=O)c2=[C][C]=[C][C]=c12	PDBQT/dock_2144.pdbqt
o1c2=C(C3=[C][C]=[C][C]=C3[C]=c2c(=O)c2c1[C]=[C][C]=[C]2)C1=[C][C]=C([C]=[C]1)[C]	PDBQT/dock_2145.pdbqt
o1c2c(C3=[C][C]=[C][C]=C3[C]=C2C2=[C][C]=C([C]=[C]2)[C])c(=O)c2=[C][C]=[C][C]=c12	PDBQT/dock_2146.pdbqt
O1C([C]=[C]C2=[C]c3c(oc4=C(C(=[C]C(=c4c3=O)O)O[C])[C][C]=C([C])[C])C(=C12)O)([C])[C]	PDBQT/dock_2147.pdbqt
o1c2C(=C3C(=[C]c2c(=O)c2c1[C]=[C][C]=[C]2)N[C]=[C]3)[C]	PDBQT/dock_2148.pdbqt
o1c2c(C3=[C][C]=[C][C]=C3[C]=C2C2=[C][C]=C([C]=[C]2)O[C])c(=O)c2=[C][C]=[C][C]=c12	PDBQT/dock_2149.pdbqt
o1c2=[C]C(=[C][C]=c2c(=O)c2=[C][C]=C([C]=c12)O)O[C][C][C][C][C]C(F)(F)F	PDBQT/dock_2150.pdbqt
O1C([C]=[C]c2c1c(c(c1c2oc2c(c1=O)[C]=C(C(=C2O)O[C])O[C])O)[C][C]=C([C])[C])([C])[C]	PDBQT/dock_2151.pdbqt
o1c2=[C][C]=C([C]=c2c(=O)c2c1[C]=[C][C]=[C]2)N1[C][C]2[C]([C]1)[C]N[C]2	PDBQT/dock_2152.pdbqt
o1c2=[C]C(=[C][C]=c2c(=O)c2=[C][C]=[C][C]=c12)C(=O)N1[C][C]N([C][C]1)[C]	PDBQT/dock_2153.pdbqt
o1c2c(C(=[C][C]=C2N(=O)=O)N[C][C]N2[C][C][C][C]2)c(=O)c2=[C][C]=[C][C]=c12	PDBQT/dock_2154.pdbqt
O1C([C][C]C2=C1C(=c1oc3c(c(=O)c1=[C]2)C(=[C]C(=C3[C][C]=C([C])[C])O)O)O)([C])[C]	PDBQT/dock_2155.pdbqt
o1c2C(=[C][C]=[C]c2c(=O)c2c1[C]=C(C(=C2O)O[C])O[C])O[C]1O[C]([C]([C]1O)O)[C]O	PDBQT/dock_2156.pdbqt
O1C([C]=[C]c2c1c(c(c1c2oc2c(c1=O)[C]=[C][C]=C2O)O)[C]/[C]=C(\[C])/[C][C][C]=C([C])[C])([C])[C]	PDBQT/dock_2157.pdbqt
o1c2c(c(=O)c3c1[C]=[C]C(=[C]3)O[C])[C]=C([C]=[C]2)[C]O	PDBQT/dock_2158.pdbqt
o1c2=[C]C(=[C]C(=c2c(=O)c2=[C]C(=[C][C]=c12)O)O[C])O[C]	PDBQT/dock_2159.pdbqt
o1c2c(c(=O)c3c1C(=C([C]=[C]3)O)O)C(=C(C(=[C]2)O[C])O[C])O	PDBQT/dock_2160.pdbqt
o1c2=C(C(=C([C]=c2c(=O)c2=[C][C]=[C][C]=c12)N(=O)=O)/[C]=[C]/N1[C][C][C][C]1)[C]	PDBQT/dock_2161.pdbqt
o1c2=[C][C]=C(C(=c2c(=O)c2=[C]C(=[C]C(=c12)O)O)O[C])O	PDBQT/dock_2162.pdbqt
O1C([C]=[C]C2=C(c3c(oc4c(c3=O)[C]=[C]C(=[C]4)O)[C]=C12)O)([C])[C]	PDBQT/dock_2163.pdbqt
o1c2c(c(=O)c3c1[C]=C(C(=C3O)O[C])O[C])[C]=C([C]=C2OS([O])([O])O)O[C]	PDBQT/dock_2164.pdbqt
o1c2c(c3c(c4c2[C]=[C][C]=[C]4)[C]=C(C(=[C]3)[C])[C])c(=O)c2=[C][C]=[C][C]=c12	PDBQT/dock_2165.pdbqt
o1c2=C3C(=C([C]=c2c(=O)c2c1[C]=[C][C]=[C]2)C1=[C][C]=C([C]=[C]1)Cl)[C]=[C][C]=[C]3	PDBQT/dock_2166.pdbqt
O1[C](C(c2c1c(c(c1c2oc2c(c1=O)[C]=[C]C(=C2O)O)O)[C][C]=C([C])[C])([C])[C])[C]	PDBQT/dock_2167.pdbqt
o1c2c(c(=O)c3c1[C]=[C][C]=C3O)C(=[C][C]=[C]2)C(=O)O	PDBQT/dock_2168.pdbqt
o1c2c(c(=O)c3c1[C]=[C]C(=[C]3)N(=O)=O)[C]=[C]C(=C2[C])[C]	PDBQT/dock_2169.pdbqt
O1C2=[C]C(=c3c(=C2[C]=[C][C]1[C])oc1=[C][C]=C([C]=c1c3=O)O)O	PDBQT/dock_2170.pdbqt
o1c2c(C(=C(C(=[C]2)O)[C]2O[C]([C]([C]([C]2O)O)O)[C]O)O)c(=O)c2=[C]C(=C([C]=c12)O)OC(=O)/[C]=[C]/C1=[C][C]=[C][C]=[C]1	PDBQT/dock_2171.pdbqt
o1c2=[C]C(=C(C(=c2c(=O)c2=[C]C(=[C]C(=c12)O)O[C])O)O[C])O[C]	PDBQT/dock_2172.pdbqt
o1c2=C([C]=C(C(=c2c(=O)c2=[C]C(=[C][C]=c12)O[C])O[C])[C][C]C([C])([C])O)O	PDBQT/dock_2173.pdbqt
o1c2c(c(=O)c3c1C(=[C][C]=[C]3)OS([O])([O])O)C(=C(C(=[C]2)O[C])O[C])O	PDBQT/dock_2174.pdbqt
o1c2=C(C(=[C]C(=c2c(=O)c2c1[C]=C(C(=C2[C][C]=C([C])[C])O)O)O)O[C])C([C])([C])[C]=[C]	PDBQT/dock_2175.pdbqt
o1c2=[C]C(=[C]C(=c2c(=O)c2c1[C]=[C]C(=C2O)[C]/[C]=C(/[C])\[C]O)[C]O)[C]	PDBQT/dock_2176.pdbqt
o1c2c([C]=C(C(=C2O)O)[C][C]=C([C])[C])c(=O)c2c1C(=[C][C]=C2O)O	PDBQT/dock_2177.pdbqt
O1[C@]([C]=[C]C2=C(c3c(oc4c(c3=O)C(=[C][C]=C4O)O)[C]=C12)O)([C])[C][C][C]=C([C])[C]	PDBQT/dock_2178.pdbqt
o1c2C(=C(C(=[C]c2c(=O)c2=C([C]=[C][C]=c12)O)O[C])O)O[C]1O[C]([C]([C]([C]1O)O)O)[C]O	PDBQT/dock_2179.pdbqt
o1c2c(C(=[C][C]=C2O[C]([C])[C][C])[C]N2[C]=[C]N=[C]2)c(=O)c2c1[C]=[C][C]=[C]2	PDBQT/dock_2180.pdbqt
o1c2c(c(=O)c3c1[C]=[C]C(=[C]3)O[C])[C]=C([C]=[C]2)C(=O)O[C]	PDBQT/dock_2181.pdbqt
o1c2c(C(=[C]C3=[C][C]=[C][C]=C23)C2=[C][C]=[C][C]=[C]2)c(=O)c2c1[C]=[C][C]=[C]2	PDBQT/dock_2182.pdbqt
O1[C]([C]([C]([C]([C]1OC1=[C]C(=c2c(=[C]1)oc1c(c2=O)[C]=[C][C]=[C]1)O)O)O)O)[C]O[C]1O[C]([C]([C]([C]1O)O)O)[C]	PDBQT/dock_2183.pdbqt
o1c2=C3C(=C([C]=c2c(=O)c2c1[C]=[C][C]=[C]2)C1=[C][C]=C([C]=[C]1)[C])[C]=[C][C]=[C]3	PDBQT/dock_2184.pdbqt
o1c2c(C3=[C][C]=[C][C]=C3[C]=C2C2=[C][C]=C(Cl)[C]=[C]2)c(=O)c2=[C][C]=[C][C]=c12	PDBQT/dock_2185.pdbqt
o1c2=[C][C]=C([C]=c2c(=O)c2=[C]C(=[C][C]=c12)[C])N1[C][C]2[C]([C]1)[C]N[C]2	PDBQT/dock_2186.pdbqt
o1c2=C(C(=C([C]=c2c(=O)c2c1[C]=C(C(=C2O)[C]/[C]=C(\[C])/[C][C][C]=C([C])[C])O)O)O)[C][C]=C([C])[C]	PDBQT/dock_2187.pdbqt
o1c2c(C(=[C][C]=C2C(=O)/[C]=[C]/C2=[C][C]=C(F)[C]=[C]2)O[C]C(=[C])[C])c(=O)c2=[C][C]=[C][C]=c12	PDBQT/dock_2188.pdbqt
o1c2c(C3=[C][C]=[C][C]=C3[C]=C2C2=[C][C]=[C][C]=[C]2)c(=O)c2=[C][C]=[C][C]=c12	PDBQT/dock_2189.pdbqt
o1c2=[C][C]=C([C]=c2c(=O)c2c1[C]=C([C]=[C]2)O[C])C(=O)N[C](C1=[C][C]=[C][C]=[C]1)[C]O	PDBQT/dock_2190.pdbqt
o1c2=[C][C]=C3C(=c2c(=O)c2c1[C]=[C][C]=C2O[C])C(=[C][C][C]3)C(F)(F)F	PDBQT/dock_2191.pdbqt
o1c2=[C][C]=C([C]=c2c(=O)c2=[C][C]=[C][C]=c12)/[C]=C(/F)\[C]=[C]	PDBQT/dock_2192.pdbqt
F[C]1[C]C2=c3c(=[C][C]=C2[C]=[C]1)oc1c(c3=O)C(=[C][C]=[C]1)F	PDBQT/dock_2193.pdbqt
O1[C]2[C]C3=c4c(=[C][C]=C3[C]=C2O[C]1)oc1c(c4=O)C(=[C][C]=[C]1)C(F)(F)F	PDBQT/dock_2194.pdbqt
o1c2=[C][C]=C3C(=c2c(=O)c2c1[C]=[C]C(=[C]2)C(F)(F)F)[C][C]([C]=[C]3)C(F)(F)F	PDBQT/dock_2195.pdbqt
FC1=[C][C]=c2c(=O)c3=C4C(=[C][C]=c3oc2=[C]1)[C]=[C][C]=C4O	PDBQT/dock_2196.pdbqt
o1c2c(C3=C([C][C]C(=[C]3)C(F)(F)F)[C]=[C]2)c(=O)c2=[C][C]=C([C]=c12)O[C]	PDBQT/dock_2197.pdbqt
FC1=C([C]=c2c(=O)c3=C4C(=[C][C]=c3oc2=[C]1)[C]=[C][C]=[C]4)P	PDBQT/dock_2198.pdbqt
FC1=[C]c2oc3=[C][C]=C([C]=c3c(=O)c2[C]=[C]1)[C]1[C]([C]1)[C]=[C]	PDBQT/dock_2199.pdbqt
FC1=C2C(=C3[C](OC4=[C][C]=[C][C]=C4C3=O)[C]=[C]2)[C]=[C][C]=C1F	PDBQT/dock_2200.pdbqt
o1c2c(C3=C([C][C]([C]=[C]3)C(F)(F)F)[C]=[C]2)c(=O)c2=[C][C]=C([C]=c12)C(F)(F)F	PDBQT/dock_2201.pdbqt
o1c2=[C][C]=C(C(=c2c(=O)c2c1[C]=[C]C(=[C]2)C(F)(F)F)/[C]=C\1/O[C]O[C]1)[C]([C])[C]	PDBQT/dock_2202.pdbqt
FC1=[C][C]=c2oc3=[C][C]=C4C(=c3c(=O)c2=[C]1)C(=[C][C]=[C]4)O	PDBQT/dock_2203.pdbqt
FC1=[C]C2=C([C][C]1)c1c(oc3=[C]C(=[C][C]=c3c1=O)F)[C]=[C]2	PDBQT/dock_2204.pdbqt
o1c2=[C]C3=[C][C]=[C]C(=C3[C]=c2c(=O)c2=[C][C]=[C]C(=c12)C(F)(F)F)C(F)(F)F	PDBQT/dock_2205.pdbqt
BrC1=C(F)[C]=c2c(=O)c3=[C]C(=[C][C]=c3oc2=[C]1)C(=O)[C]OC(=O)[C]N[C][C][C]	PDBQT/dock_2206.pdbqt
o1c2=[C]C(=[C][C]=c2c(=O)c2=[C][C]=[C][C]=c12)C1=[C]C(=[C]C(=[C]1)C(F)(F)F)C(F)(F)F	PDBQT/dock_2207.pdbqt
o1c2c(c(=O)c3c1[C]=[C][C]=[C]3)C(=[C]C(=[C]2)OS([O])([O])[C](F)F)O	PDBQT/dock_2208.pdbqt
N1=C(N=C([C]=C1N[C]1[C]2[C][C][C]([C]1)[C][C]2)C1=[C]c2oc3=[C][C]=[C][C]=c3c(=O)c2[C]=[C]1)C1=[C]NC2=C1[C]=C([C]=C2F)F	PDBQT/dock_2209.pdbqt
FC1=C([C]=c2oc3=[C][C]=[C][C]=c3c(=O)c2=C1O)O	PDBQT/dock_2210.pdbqt
FC1=[C]c2oc3c(c(=O)c2[C]=[C]1)C(=[C]C(=[C]3)O)O	PDBQT/dock_2211.pdbqt
FC1=c2c(=[C][C]=C1F)oc1=[C]C(=[C]C(=c1c2=O)O)O	PDBQT/dock_2212.pdbqt
o1c2c(c(=O)c3c1[C]=C([C]=C3O)O)[C]=C([C]=[C]2)C1=C(F)[C]=C(F)[C]=[C]1	PDBQT/dock_2213.pdbqt
o1c2c(c(=O)c3c1[C]=C([C]=C3O)O)[C]=[C]C(=[C]2)C(F)(F)F	PDBQT/dock_2214.pdbqt
o1c2=[C]C(=[C][C]=c2c(=O)c2c1[C]=[C][C]=[C]2)OC(F)(F)F	PDBQT/dock_2215.pdbqt
o1c2=[C][C]=[C]C(=c2c(=O)c2=C([C]=C([C]=c12)O)O)O[C]	PDBQT/dock_2216.pdbqt
o1c2=[C][C]=C([C]=c2c(=O)c2=C([C]=C([C]=c12)O)O)NS(=O)(=O)C1=[C][C]=C(F)[C]=[C]1	PDBQT/dock_2217.pdbqt
o1c2c(c(=O)c3c1[C]=C([C]=C3O)O)[C]=[C]C(=[C]2)NS(=O)(=O)C1=[C][C]=C(F)[C]=[C]1	PDBQT/dock_2218.pdbqt
o1c2=[C]C(=C(C(=c2c(=O)c2=C([C]=C([C]=c12)O)O)[C]/[C]=C(\[C])/[C][C][C]1OC1([C])[C])O[C])O	PDBQT/dock_2219.pdbqt
O1C([C]([C]C2=[C][C]=c3c(=C12)oc1=[C][C]=[C][C]=c1c3=O)O)([C])[C]	PDBQT/dock_2220.pdbqt
o1c2c(C(=C(C(=[C]2)O)O[C])[C]/[C]=C(\[C])/[C]/[C]=[C]/C([C])([C])O)c(=O)c2c1[C]=C([C]=C2O)O	PDBQT/dock_2221.pdbqt
o1c2c(C(=C(C(=[C]2)O)O[C])[C]/[C]=C(\[C])/[C][C][C]=C([C])[C])c(=O)c2c1[C]=C(C(=C2O)[C]/[C]=C(\[C])/[C]O)O	PDBQT/dock_2222.pdbqt
o1c2c(C(=C([C]=C2O)O)[C]/[C]=C(\[C])/[C][C][C]=C([C])[C])c(=O)c2c1[C]=C(C(=C2O)[C][C]=C([C])[C])O	PDBQT/dock_2223.pdbqt
o1c2C(=C([C]=C(c2c(=O)c2c1[C]=C(C(=[C]2)O)O)O)O)O[C]1O[C]([C]([C]([C]1O)O)O)[C]O	PDBQT/dock_2224.pdbqt
o1c2=C(C(=C([C]=c2c(=O)c2c1[C]=C(C(=C2C(=O)O)O)O)[C]([C]1[C]OC2=[C]C(=C(C(=C2C1=O)C(=O)O)O)O)O)[C])C(=O)[C]	PDBQT/dock_2225.pdbqt
O1C([C]=[C]C2=C1[C]=c1oc3c(C(=C(C(=[C]3)O)O[C])[C]/[C]=C(\[C])/[C][C][C]=C([C])[C])c(=O)c1=C2O)([C])[C]	PDBQT/dock_2226.pdbqt
o1c2c(c(=O)c3c1[C]=[C][C]=C3O)[C]=C(C(=C2O[C])O)/[C]=[C]/C(=[C])[C]	PDBQT/dock_2227.pdbqt
o1c2=[C]C(=[C]C(=c2c(=O)c2c1[C]=[C]C(=C2O)O)O[C]1O[C]([C]([C]([C]1O)O)O)[C]O)O	PDBQT/dock_2228.pdbqt
o1c2c(c(c(c(c2c(=O)c2=[C]C(=C([C]=c12)O)O)O)[C]1O[C]([C]([C]([C]1O)O)O)[C]O)O)C1=C(c2c(oc3c(c2=O)C(=[C]C(=[C]3)O[C])O)C(=[C]1)O)O	PDBQT/dock_2229.pdbqt
o1c2c(c(=O)c3C(=C(C(=[C]c13)O[C])O[C])/[C]=[C]/C([C])([C])O)C(=C(C(=[C]2)O[C])[C][C]=C([C])[C])O	PDBQT/dock_2230.pdbqt
FC1=c2oc3=[C]C(=[C]C(=c3c(=O)c2=C([C]=[C]1)O)O)O	PDBQT/dock_2231.pdbqt
FC1=[C][C]=c2oc3=[C]C(=[C]C(=c3c(=O)c2=C1O)O)O	PDBQT/dock_2232.pdbqt
o1c2=[C][C]=C(C(=c2c(=O)c2=[C]C(=[C][C]=c12)O[C])C(=O)O[C])O[C]	PDBQT/dock_2233.pdbqt
o1c2c(C(=[C]C(=[C]2)[C])C2=[C][C]=[C]C3=C2[C]=[C][C]=[C]3)c(=O)c2=[C][C]=[C][C]=c12	PDBQT/dock_2234.pdbqt
o1c2c(C(=[C]C(=[C]2)[C])C2=[C]C(=C(C(=[C]2)O[C])O[C])O[C])c(=O)c2=[C]C(=C([C]=c12)O[C])O[C]	PDBQT/dock_2235.pdbqt
o1c2=[C]C(=[C]C(=c2c(=O)c2=[C][C]=[C][C]=c12)C1=[C][C]=C(Cl)[C]=[C]1)[C]	PDBQT/dock_2236.pdbqt
o1c2c(c(=O)c3c1[C]=C([C]=C3O)O)[C]=C([C]=[C]2)O[C]/[C]=C(\[C])/[C][C][C]=C([C])[C]	PDBQT/dock_2237.pdbqt
o1c2c(c(=O)c3=C(C(=[C][C]=c13)[C]/[C]=C(\[C])/[C]O)O)C(=[C]C(=[C]2)[C])[C]O	PDBQT/dock_2238.pdbqt
o1c2c(C(=C(C(=[C]2)O)[C]2C([C][C]([C]2)C(=[C])[C])([C])[C])O)c(=O)c2=[C][C]=C(C(=c12)O[C])O	PDBQT/dock_2239.pdbqt
o1c2c(c(=O)c3c1[C]=[C]C(=[C]3)O)C(=[C]C(=[C]2)O[C]/[C]=C(\[C])/[C][C][C]=C([C])[C])O	PDBQT/dock_2240.pdbqt
FC1=[C]C(=[C]c2oc3c(c(=O)c12)[C]=[C][C]=[C]3)C(=O)O	PDBQT/dock_2241.pdbqt
o1c2=[C][C]=C([C]=c2c(=O)c2c1[C]=[C][C]=[C]2)[S@@](F)(C1=[C][C]=[C][C]=[C]1)C1=[C][C]=[C][C]=[C]1	PDBQT/dock_2242.pdbqt
o1c2=[C][C]=C([C]=c2c(=O)c2=[C][C]=C([C]=c12)O[C])C(=O)N[C]([C])[C]O	PDBQT/dock_2243.pdbqt
[C]([C][C]N([C]C1=[C]C(=[C][C]=[C]1)OC(=O)N[C])[C][C])[C][C]OC1=[C]c2oc3=[C][C]=[C][C]=c3c(=O)c2[C]=[C]1	PDBQT/dock_2244.pdbqt
O1[C]2O[C]=[C][C]2C2=C1c1c(oc3=[C][C]=[C]C(=c3c1=O)O)[C]=C2O[C]	PDBQT/dock_2245.pdbqt
o1c2c([C]=C([C]=[C]2)C(=O)N[C]([C])C2=[C][C]=C([C]=[C]2)[C])c(=O)c2c1[C]=C([C]=[C]2)O[C]	PDBQT/dock_2246.pdbqt
o1c2C(=[C][C]=[C]c2c(=O)c2c1C(=C([C]=[C]2)[C])[C])[C]C(=O)N[C][C][C][C]	PDBQT/dock_2247.pdbqt
o1c2=[C][C]=C([C]=c2c(=O)c2=[C][C]=C([C]=c12)O[C])C(=O)N[C][C]([C])O	PDBQT/dock_2248.pdbqt
o1c2c([C]=C([C]=[C]2)C(=O)N[C]([C]O)[C][C]([C])[C])c(=O)c2=[C][C]=C([C]=c12)O[C]	PDBQT/dock_2249.pdbqt
O1[C]2OC3=[C]C(=c4c(=C3[C]2[C][C]1O[C])oc1c(c4=O)C(=[C][C]=[C]1)O)O[C]	PDBQT/dock_2250.pdbqt
o1c2=[C]C(=C(C(=c2c(=O)c2c1[C]=[C]C(=[C]2)O)O)[C][C]=C([C])[C])O[C]/[C]=C(\[C])/[C][C][C]=C([C])[C]	PDBQT/dock_2251.pdbqt
o1c2=[C]C(=[C]C(=c2c(=O)c2c1C(=[C][C]=C2O)O)O)O[C]1O[C]([C]([C]([C]1O)O)O)[C]O	PDBQT/dock_2252.pdbqt
o1c2c(C(=C([C]=[C]2)O)[C]/[C]=C(\[C])/[C][C][C]=C([C])[C])c(=O)c2c1[C]=C(C(=C2O)[C][C]=C([C])[C])O	PDBQT/dock_2253.pdbqt
o1c2c(c(c(c(c2c(=O)c2c1[C]=C(C(=[C]2)O)O)O)[C][C]=C([C])[C])O)[C]/[C]=C(\[C])/[C][C][C]=C([C])[C]	PDBQT/dock_2254.pdbqt
o1c2c(C(=[C][C]=C2O)O[C]2O[C]([C]([C]([C]2O)O)O)[C]O)c(=O)c2c1C(=C([C]=C2O)O)C1=[C]C(=c2oc3=[C]C(=[C]C(=c3c(=O)c2=C1O)O)O)O	PDBQT/dock_2255.pdbqt
o1c2=C([C]=[C]C(=c2c(=O)c2C3=C(O[C][C]([C]3OC(=O)[C])C(=[C])[C])C(=[C]c12)[C])O)[C](O[C])[C]1OC1([C])[C]	PDBQT/dock_2256.pdbqt
o1c2c(c(c(c(c2c(=O)c2c1[C]=[C]C(=[C]2)O)O)[C][C]=C([C])[C])O[C])[C]/[C]=C(\[C])/[C][C][C]=C([C])[C]	PDBQT/dock_2257.pdbqt
O1[C][C]([C](C2=c3c(=[C]C(=C12)[C])oc1c(c3=O)C(=[C][C]=C1[C][C](O)C(=[C])[C])O)O)C(=[C])[C]	PDBQT/dock_2258.pdbqt
o1c2c(c(=O)c3c1[C]=C([C]=C3OC(=O)[C])O)[C]=C([C]=[C]2)O[C]/[C]=C(\[C])/[C][C][C]=C([C])[C]	PDBQT/dock_2259.pdbqt
O1C([C]=[C]c2c1c(c1oc3c(c(=O)c1c2O)[C]=C([C]=[C]3)O)[C]/[C]=C(\[C])/[C][C][C]=C([C])[C])([C])[C]	PDBQT/dock_2260.pdbqt
o1c2C(=[C][C]=C(c2c(=O)c2=[C][C]=[C][C]=c12)[C]N1[C]=[C]N=[C]1)O[C][C]1[C][C]1	PDBQT/dock_2261.pdbqt
o1c2=C([C]=[C]C(=c2c(=O)c2c1[C]=[C][C]=[C]2)[C]N1[C]=[C]N=[C]1)O[C]([C])[C]	PDBQT/dock_2262.pdbqt
o1c2=C([C]=[C]C(=c2c(=O)c2=[C][C]=[C][C]=c12)[C]N1[C]=[C]N=[C]1)O[C]	PDBQT/dock_2263.pdbqt
o1c2C(=[C][C]=C(c2c(=O)c2c1[C]=[C][C]=[C]2)[C]N1[C]=[C]N=[C]1)O[C]1[C][C][C][C]1	PDBQT/dock_2264.pdbqt
o1c2=C([C]=[C]C(=c2c(=O)c2=[C][C]=[C][C]=c12)[C]N1[C]=[C]N=[C]1)O[C][C]	PDBQT/dock_2265.pdbqt
o1c2c(C(=[C][C]=C2N)[C]N2[C]=[C]N=[C]2)c(=O)c2c1[C]=[C][C]=[C]2	PDBQT/dock_2266.pdbqt
O1C([C]=[C]c2c1c(c1oc3c(c(=O)c1c2O)C(=C(C(=[C]3)O)O)[C]/[C]=C(\[C])/[C]O)[C][C]=C([C])[C])([C])[C]	PDBQT/dock_2267.pdbqt
o1c2c(C(=C(C(=[C]2)O)[C]/[C]=C(\[C])/[C][C][C]=C([C])[C])O)c(=O)c2=[C]C(=C([C]=c12)O)O	PDBQT/dock_2268.pdbqt
o1c2C(=C([C]=C(c2c(=O)c2=[C]C(=C(C(=c12)O)O)[C][C]=C([C])[C])O)O[C])[C]/[C]=C(\[C])/[C][C][C]=C([C])[C]	PDBQT/dock_2269.pdbqt
o1c2=C(C(=[C]C(=c2c(=O)c2c1C(=C([C]=C2[C][C]=C([C])[C])O)O)O)O[C])[C]/[C]=C(\[C])/[C][C][C]=C([C])[C]	PDBQT/dock_2270.pdbqt
S1(=O)(=O)N(F)[C@]([C]2[C][C]1[C]1OC3=[C][C]=[C][C]=C3C(=O)C1=[C]2)([C])C(=O)O	PDBQT/dock_2271.pdbqt
o1c2C(=C([C]=C(c2c(=O)c2c1[C]=[C]C(=[C]2)O)O)O)[C]/[C]=C(\[C])/[C][C][C]=C([C])[C]	PDBQT/dock_2272.pdbqt
N1(C2=[C][C]=[C][C]=C2C(C2=C1[C]=[C][C]=[C]2)([C])[C])C1=[C]c2oc3=[C][C]=[C][C]=c3c(=O)c2[C]=[C]1	PDBQT/dock_2273.pdbqt
o1c2=C(C(=[C]C(=c2c(=O)c2c1C(=C([C]=[C]2)O[C])O[C])O[C])O[C])C1=[C][C]=C([C]=[C]1)C(F)(F)F	PDBQT/dock_2274.pdbqt
o1c2c(C(=[C]C(=[C]2)O[C][C](O)[C]N[C][C][C][C])O)c(=O)c2c1[C]=[C][C]=[C]2	PDBQT/dock_2275.pdbqt
o1c2c(c(=O)c3c1C(=[C][C]=[C]3)O[C])C(=[C]C(=[C]2)O[C][C](O)[C]N[C][C][C])O	PDBQT/dock_2276.pdbqt
o1c2=C(C(=[C]C(=c2c(=O)c2c1C(=C([C]=[C]2)O[C])O[C])O[C])O[C])C1=C(F)[C]=[C]C(=[C]1)F	PDBQT/dock_2277.pdbqt
o1c2=C(C(=[C]C(=c2c(=O)c2c1C(=C([C]=[C]2)O[C])O[C])O[C])O[C])C1=[C][C]=C(C(=[C]1)F)F	PDBQT/dock_2278.pdbqt
o1c2=C(C(=[C]C(=c2c(=O)c2c1C(=C([C]=[C]2)O[C])O[C])O[C])O[C])C1=[C][C]=C([C]=[C]1)F	PDBQT/dock_2279.pdbqt
o1c2c(c(=O)c3=[C][C]=C(C(=c13)O[C])O[C])C(=[C]C(=C2C1=[C][C]=C([C]=[C]1)OC(F)(F)F)O[C])O[C]	PDBQT/dock_2280.pdbqt
O=C1C(=C(C2=C1[C]=C([C]=C2O)O[C])C1=C([C]=C([C]=C1O)[C])O)C1=[C]C(=[C]c2c1c(=O)c1=C([C]=C([C]=c1o2)[C])O)O[C]	PDBQT/dock_2281.pdbqt
O1[C]2OC3=C([C]2[C]([C]1)O)C(=c1c(=[C]3)oc2c(c1=O)C(=[C]C(=[C]2)O[C]1O[C]([C]([C]([C]1O)O)O[C])[C]O)O)O	PDBQT/dock_2282.pdbqt
o1c2=[C]C(=[C]C(=c2c(=O)c2=C([C]=C([C]=c12)O[C])O)[C])OS([O])([O])O	PDBQT/dock_2283.pdbqt
o1c2=C(C(=[C]C(=c2c(=O)c2c1C(=C([C]=[C]2)O[C])O[C])O[C])O[C])C1=[C][C]=[C]C(=[C]1)F	PDBQT/dock_2284.pdbqt
o1c2=C(C3=[C][C]=[C]C(=[C]3)C(F)(F)F)C(=[C]C(=c2c(=O)c2c1C(=C([C]=[C]2)O[C])O[C])O[C])O[C]	PDBQT/dock_2285.pdbqt
o1c2=C(C(=[C]C(=c2c(=O)c2c1C(=C([C]=[C]2)O[C])O[C])O[C])O[C])C1=[C][C]=[C][C]=C1F	PDBQT/dock_2286.pdbqt
o1c2=[C]C(=[C]C(=c2c(=O)c2=[C][C]=[C]C(=c12)O[C])O)O[C][C](O)[C]N[C][C][C][C][C]	PDBQT/dock_2287.pdbqt
o1c2c(c(=O)c3=[C][C]=C(C(=c13)O[C])O[C])C(=[C]C(=C2C1=C([C]=[C][C]=[C]1)OC(F)(F)F)O[C])O[C]	PDBQT/dock_2288.pdbqt
o1c2c(C(=[C]C(=[C]2)O[C][C](O)[C]N[C][C][C][C][C][C])O)c(=O)c2c1[C]=[C][C]=[C]2	PDBQT/dock_2289.pdbqt
o1c2=[C]C(=[C]C(=c2c(=O)c2=[C][C]=[C][C]=c12)O)O[C][C](O)[C]N[C][C][C][C][C]	PDBQT/dock_2290.pdbqt
o1c2=C(C(=[C]C(=c2c(=O)c2=C([C]=[C][C]=c12)O)O[C])O[C])[C][C]O	PDBQT/dock_2291.pdbqt
O1[C@@]2(OC3=C([C]1[C]([C][C]2)O)C(=c1c(=[C]3)oc2c(c1=O)C(=[C]C(=[C]2)O[C]1O[C]([C]([C]([C]1O)O)O[C])[C]O)O)O)[C]	PDBQT/dock_2292.pdbqt
o1c2c([C]=C(C(=C2C(=O)[C])C2=[C]C(=O)C3=C([C]=C(C(=C3O2)O)O[C])C(=O)O[C])C(=O)[C])c(=O)c2c1C(=C([C]=C2C(=O)O[C])O[C])O	PDBQT/dock_2293.pdbqt
O1[C]2OC3=[C]c4oc5=[C]C(=[C]C(=c5c(=O)c4C(=C3[C]2[C][C]1)O)O)O[C]1O[C]([C]([C]([C]1O)O)O[C])[C]O	PDBQT/dock_2294.pdbqt
o1c2=[C]C(=[C]C(=c2c(=O)c2=[C][C]=[C]C(=c12)O[C])O)O[C][C](O)[C]N[C][C][C][C]	PDBQT/dock_2295.pdbqt
o1c2C(=C([C]=C(c2c(=O)c2c1C(=C([C]=[C]2)O[C])O[C])O[C])O[C])C1=[C]C(=[C]C(=[C]1)C(F)(F)F)C(F)(F)F	PDBQT/dock_2296.pdbqt
o1c2c(c(=O)c3c1C(=[C][C]=[C]3)O[C])C(=[C]C(=[C]2)O[C][C](O)[C]N[C][C][C][C][C][C])O	PDBQT/dock_2297.pdbqt
o1c2=C(C(=[C]C(=c2c(=O)c2c1C(=C([C]=[C]2)O[C])O[C])O[C])O[C])C1=[C]C(=[C]C(=[C]1)F)F	PDBQT/dock_2298.pdbqt
FC1=c2c(=O)c3=C([C]=[C][C]=c3oc2=[C][C]=[C]1)O[C]	PDBQT/dock_2299.pdbqt
o1c2=C(C(=[C]C(=c2c(=O)c2C(=C(C(=[C]c12)O)O[C])[C][C]=C([C])[C])O)O)[C]/[C]=C(\[C])/[C][C][C]=C([C])[C]	PDBQT/dock_2300.pdbqt
FC1=[C][C]=c2c(=O)c3c(oc2=[C]1)C(=[C]C(=[C]3)[C])O[C][C]1N([C][C][C]1)[C]	PDBQT/dock_2301.pdbqt
FC1=[C][C]=c2c(=[C]1)oc1c(c2=O)[C]=[C][C]=C1O[C][C]N([C])[C]	PDBQT/dock_2302.pdbqt
BrC1=[C]C(=c2oc3c(c(=O)c2=[C]1)[C]=[C]C(=[C]3)F)O[C][C]N([C])[C]	PDBQT/dock_2303.pdbqt
FC1=[C]c2oc3=C([C]=C([C]=c3c(=O)c2[C]=[C]1)[C])O[C][C]N1[C][C]N([C][C]1)[C]C(F)(F)F	PDBQT/dock_2304.pdbqt
FC1=[C]c2oc3C(=[C]C(=[C]c3c(=O)c2[C]=[C]1)[C])O[C][C]1[C][C][C]N([C]1)[C]	PDBQT/dock_2305.pdbqt
o1c2=C([C]=C([C]=c2c(=O)c2=[C][C]=C([C]=c12)OC1=[C][C]=C(N=[C]1)N[C]C1=[C][C]=C([C]=[C]1)OC(F)(F)F)[C])O[C][C]N([C])[C]	PDBQT/dock_2306.pdbqt
FC1=[C][C]=c2c(=O)c3c(oc2=[C]1)C(=[C]C(=[C]3)[C])O[C][C]1N([C][C][C][C]1)[C]	PDBQT/dock_2307.pdbqt
FC1=[C][C]=c2c(=O)c3=[C]C(=[C]C(=c3oc2=[C]1)O[C][C]O[C]C1=[C][C]=[C][C]=[C]1)[C]	PDBQT/dock_2308.pdbqt
BrC1=[C]c2c(oc3c(c2=O)[C]=[C]C(=[C]3)F)C(=[C]1)O[C]	PDBQT/dock_2309.pdbqt
FC1=[C]c2oc3=C([C]=C([C]=c3c(=O)c2[C]=[C]1)[C])O[C][C]1N([C][C][C]1)[C]	PDBQT/dock_2310.pdbqt
FC1=[C][C]=c2c(=O)c3=[C]C(=[C]C(=c3oc2=[C]1)O[C]1[C][C]N([C]1)[C])[C]	PDBQT/dock_2311.pdbqt
FC1=[C]c2oc3C(=[C]C(=[C]c3c(=O)c2[C]=[C]1)[C])O[C][C]N([C]([C])[C])[C]([C])[C]	PDBQT/dock_2312.pdbqt
FC1=[C]c2oc3=C([C]=C([C]=c3c(=O)c2[C]=[C]1)[C])O[C][C][C]N1[C][C]O[C][C]1	PDBQT/dock_2313.pdbqt
o1c2C(=[C]C(=[C]c2c(=O)c2c1[C]=C([C]=[C]2)OC1=[C][C]=C(N=[C]1)[C][C]C(=O)N[C]1[C][C][C][C]1)[C])O[C][C]N1[C][C]N([C][C]1)[C]C(F)(F)F	PDBQT/dock_2314.pdbqt
FC1=[C]c2oc3c(c(=O)c2[C]=[C]1)[C]=C([C]=C3O[C])O[C][C]N([C])[C]	PDBQT/dock_2315.pdbqt
FC1=[C]c2oc3=C([C]=C([C]=c3c(=O)c2[C]=[C]1)[C])O[C][C][C]N([C])[C]	PDBQT/dock_2316.pdbqt
FC1=[C][C]=c2c(=O)c3=[C][C]=C([C]=c3oc2=[C]1)O[C][C]N([C])[C]	PDBQT/dock_2317.pdbqt
FC1=[C]c2oc3c(c(=O)c2[C]=[C]1)[C]=[C][C]=C3O	PDBQT/dock_2318.pdbqt
ClC1=[C]C(=c2oc3c(c(=O)c2=[C]1)[C]=[C]C(=[C]3)F)O[C][C]N([C])[C]	PDBQT/dock_2319.pdbqt
FC1=[C]c2oc3c(c(=O)c2[C]=[C]1)[C]=C([C]=C3O)[C]	PDBQT/dock_2320.pdbqt
FC1=[C][C]=c2c(=[C]1)oc1=C([C]=[C][C]=c1c2=O)O[C]	PDBQT/dock_2321.pdbqt
FC1=[C]c2oc3c(c(=O)c2[C]=[C]1)[C]=C([C]=C3O[C])O	PDBQT/dock_2322.pdbqt
FC1=[C]c2oc3=C([C]=C([C]=c3c(=O)c2[C]=[C]1)[C])O[C]1[C][C]N([C][C]1)[C]	PDBQT/dock_2323.pdbqt
ClC1=[C]c2c(oc3c(c2=O)[C]=[C]C(=[C]3)F)C(=[C]1)O[C]	PDBQT/dock_2324.pdbqt
ClC1=[C]C(=c2oc3=[C]C(=[C][C]=c3c(=O)c2=[C]1)F)O	PDBQT/dock_2325.pdbqt
FC1=[C]c2oc3c(c(=O)c2[C]=[C]1)[C]=C([C]=C3O[C])[C]	PDBQT/dock_2326.pdbqt
o1c2=[C]C(=[C][C]=c2c(=O)c2=[C]C(=[C]C(=c12)O)[C])[C]C1=[C]N=C([C]=[C]1)F	PDBQT/dock_2327.pdbqt
FC1=[C]c2oc3=C([C]=C([C]=c3c(=O)c2[C]=[C]1)[C])O[C][C]N1[C][C]O[C][C]1	PDBQT/dock_2328.pdbqt
BrC1=[C]C(=c2oc3=[C]C(=[C][C]=c3c(=O)c2=[C]1)F)O	PDBQT/dock_2329.pdbqt
FC1=[C][C]=c2c(=O)c3=[C]C(=[C]C(=c3oc2=[C]1)O[C][C][C]1N([C][C][C]1)[C])[C]	PDBQT/dock_2330.pdbqt
o1c2c(c(=O)c3c1[C]=C([C]=[C]3)OC1=[C]N=C([C]=[C]1)O[C]C1=[C]N=C([C]=[C]1)C(F)(F)F)[C]=C([C]=C2O[C][C]N([C])[C])[C]	PDBQT/dock_2331.pdbqt
FC1=[C][C]=c2c(=O)c3c(oc2=[C]1)C(=[C]C(=[C]3)[C])O[C]1N([C][C][C][C][C]1)[C]	PDBQT/dock_2332.pdbqt
FC1=[C]c2oc3c(c(=O)c2[C]=[C]1)[C]=[C]C(=[C]3)O	PDBQT/dock_2333.pdbqt
FC1=[C]c2oc3=C([C]=C([C]=c3c(=O)c2[C]=[C]1)[C])O[C][C]N([C])[C]	PDBQT/dock_2334.pdbqt
o1c2=[C]C(=[C][C]=c2c(=O)c2=[C]C(=[C]C(=c12)O[C])[C])[C]C1=[C]N=C([C]=[C]1)F	PDBQT/dock_2335.pdbqt
o1c2=C([C]=C([C]=c2c(=O)c2=[C][C]=C([C]=c12)[C]C1=[C]N=C([C]=[C]1)F)[C])O[C][C]N([C])[C]	PDBQT/dock_2336.pdbqt
o1c2c(c(=O)c3c1[C]=C([C]=[C]3)OC1=[C][C]=C(N=[C]1)[C][C]C1=[C][C]=C([C]=[C]1)OC(F)(F)F)[C]=C([C]=C2O[C][C]N([C])[C])[C]	PDBQT/dock_2337.pdbqt
O1[C]([C](C2=C(OC3=[C]C(=[C]C(=C3C1=O)O)[C])C(=[C]C(=[C]2)O[C])O)O)C1=c2c(=[C]C(=[C]1)O[C])oc1=[C]C(=[C]C(=c1c2=O)O)[C]	PDBQT/dock_2338.pdbqt
O1C([C][C]C2=C1c1c(oc3=[C]C(=C(C(=c3c1=O)[C][C]=C([C])[C])O[C])O)[C]=C2O[C])([C])[C]	PDBQT/dock_2339.pdbqt
O1[C](C(C2=C1[C]=C(c1c2oc2=C([C]=[C][C]=c2c1=O)O)O)([C])[C])[C]O	PDBQT/dock_2340.pdbqt
o1c2c(c(c(c(c2O)O[C])O[C])[C][C]=C([C])[C])c(=O)c2=C([C]=[C][C]=c12)O	PDBQT/dock_2341.pdbqt
o1c2c(c(=O)c3=[C]C(=[C][C]=c13)[C])[C]=[C]C1=C2[C]=[C][C]=[C]1	PDBQT/dock_2342.pdbqt
ClC1=[C][C]=c2oc3=[C]C(=[C][C]=c3c(=O)c2=[C]1)[C]	PDBQT/dock_2343.pdbqt
ClC1=C(c2c(=O)c3c(oc2[C]=C1O)[C]=C([C]=C3[C])O[C])O	PDBQT/dock_2344.pdbqt
o1c2=[C]C(=[C]C(=c2c(=O)c2=C([C]=C([C]=c12)[C])O)[C])O	PDBQT/dock_2345.pdbqt
N1=C(N=C([C]=C1N[C]1[C]2[C][C][C]([C]1C(=O)O)[C][C]2)C1=[C]c2oc3=[C][C]=[C][C]=c3c(=O)c2[C]=[C]1)C1=[C]NC2=C(F)[C]=C([C]=C12)F	PDBQT/dock_2346.pdbqt
o1c2=[C]C(=C(C(=c2c(=O)c2=C(C(=C([C]=c12)O)[C]/[C]=C(\[C])/[C]O)O)[C][C]=C([C])[C])O[C])O	PDBQT/dock_2347.pdbqt
o1c2c(c(c(c(c2c(=O)c2=[C][C]=[C]C(=c12)O)O)[C]/[C]=C(\[C])/[C][C][C]=C([C])[C])O)[C][C]=C([C])[C]	PDBQT/dock_2348.pdbqt
o1c2=C(C(=C([C]=c2c(=O)c2c1[C]=C(C(=C2O)[C]/[C]=C(\[C])/[C][C][C]=C([C])[C])O)O)O)[C][C]=C([C])[C]	PDBQT/dock_2349.pdbqt
o1c2c(c(c(c(c2c(=O)c2c1[C]=[C]C(=[C]2)O)O)[C][C]=C([C])[C])O)[C]/[C]=C(\[C])/[C][C][C]=C([C])[C]	PDBQT/dock_2350.pdbqt
o1c2C(=C(C(=[C]c2c(=O)c2=C(C(=C([C]=c12)O)[C][C]=C([C])[C])O)O)O)[C]/[C]=C(\[C])/[C][C][C]=C([C])[C]	PDBQT/dock_2351.pdbqt
o1c2c(C(=C([C]=C2O)/[C]=[C]/C([C])([C])O)O[C])c(=O)c2c1[C]=[C]C(=[C]2)O[C]	PDBQT/dock_2352.pdbqt
O1C([C]=[C]c2c1c(c(c1c2oc2=C([C]=[C][C]=c2c1=O)O)O)[C]/[C]=C(\[C])/[C][C][C]=C([C])[C])([C])[C]	PDBQT/dock_2353.pdbqt
o1c2c(c(c(c(c2[C][C]=C([C])[C])O)O[C])[C]/[C]=C(\[C])/[C][C][C]=C([C])[C])c(=O)c2=C(C(=C([C]=c12)O)[C][C]=C([C])[C])O	PDBQT/dock_2354.pdbqt
o1c2c(c(=O)c3c1[C]=C([C]=C3O)[C])C(=[C]C(=[C]2)C(=O)O[C])O[C]	PDBQT/dock_2355.pdbqt
O1C(C2=c3oc4c5C([C](Oc5c(c(c4c(=O)c3=[C]C(=C2[C@@]1([C]/[C]=C(/[C])\C(=O)O)C(=O)O)O[C])O)[C][C]=C([C])[C])[C])([C])[C])([C])[C]	PDBQT/dock_2356.pdbqt
O1C([C]=[C]C2=c3c(=[C]C(=C12)O)oc1=[C]C(=C(C(=c1c3=O)O)[C]/[C]=C(\[C])/[C][C][C]=C([C])[C])O)([C])[C]	PDBQT/dock_2357.pdbqt
O1C([C]=[C]C2=c3c(=[C]C(=C12)O)oc1=C(C(=[C]C(=c1c3=O)O)O)[C]/[C]=C(\[C])/[C][C][C]=C([C])[C])([C])[C]	PDBQT/dock_2358.pdbqt
O1[C][C]([C](C2=c3c(=[C]C(=C12)[C])oc1C(=[C][C]=C(c1c3=O)O)[C][C](O)C([C])([C])O)O)C(=[C])[C]	PDBQT/dock_2359.pdbqt
O1C(C2=c3oc4c(c5O[C](C(c5c(c4c(=O)c3=[C]C(=C2[C@@]1([C]/[C]=C(/[C])\C(=O)O)C(=O)O)O[C])O)([C])[C])[C])[C][C]=C([C])[C])([C])[C]	PDBQT/dock_2360.pdbqt
o1c2c(c(=O)c3c1C(=C([C]=C3O)O)O[C])c(c(c(c2O)O[C])O[C])O[C]	PDBQT/dock_2361.pdbqt
o1c2c(c(c3O[C]Oc3c2O[C])O[C])c(=O)c2=C([C]=C(C(=c12)O[C])O[C])O	PDBQT/dock_2362.pdbqt
o1c2c(c(=O)c3=C([C]=C(C(=c13)O[C])O)O[C])c(c(c(c2O[C])O[C])O[C])O	PDBQT/dock_2363.pdbqt
o1c2c(c(=O)c3=C([C]=C(C(=c13)O[C])O)O)c(c(c(c2O[C])O[C])O[C])O	PDBQT/dock_2364.pdbqt
o1c2c(c(=O)c3=C([C]=[C][C]=c13)C(=O)O[C])C(=[C]C(=[C]2)[C]C(=O)[C])O	PDBQT/dock_2365.pdbqt
o1c2c([C]=C([C]=[C]2)[C][C]C(N)([C]O)[C]O)c(=O)c2=[C][C]=C([C]=c12)OC1=[C][C]=C(F)[C]=[C]1	PDBQT/dock_2366.pdbqt
O1C([C]=[C]C2=C1[C]=c1oc3c(c(=O)c1=C2O)C(=C(C(=[C]3)O)O)[C][C]=C([C])[C])([C])[C]	PDBQT/dock_2367.pdbqt
o1c2=[C][C]=C([C]=c2c(=O)c2c1[C]=[C]C(=[C]2)O[C][C][C][C][C][C]N)O[C][C][C][C][C][C]N	PDBQT/dock_2368.pdbqt
o1c2=[C]C(=[C][C]=c2c(=O)c2=[C]C(=[C][C]=c12)OC1=[C][C]=[C]C(=[C]1)C(F)(F)F)[C][C]C(N)([C]O)[C]O	PDBQT/dock_2369.pdbqt
o1c2c(c(=O)c3=[C]C(=[C][C]=c13)O[C]([C])[C]N)[C]=C([C]=[C]2)O[C]([C])[C]N	PDBQT/dock_2370.pdbqt
o1c2=[C]C(=[C]C(=c2c(=O)c2=[C][C]=[C][C]=c12)O)O[C][C](O)[C]N[C][C][C][C]N	PDBQT/dock_2371.pdbqt
o1c2=C(C(=[C]C(=c2c(=O)c2=C([C]=C([C]=c12)O)O)O)O)[C](C1=[C]C(=C([C]=C1O[C])O[C])O[C])C1=[C][C]=[C][C]=[C]1	PDBQT/dock_2372.pdbqt
o1c2c(C(=C(C(=[C]2)O)O[C])[C]/[C]=C(\[C])/[C][C][C]=C([C])[C])c(=O)c2c1[C]=C1O[C]=[C]C1=C2O	PDBQT/dock_2373.pdbqt
ClC1=[C]c2c(oc3c(c2=O)[C]=[C]C(=[C]3)O)[C]=[C]1	PDBQT/dock_2374.pdbqt
o1c2=[C][C]=C(C(=c2c(=O)c2=[C]C(=[C][C]=c12)O)O)O	PDBQT/dock_2375.pdbqt
O1[C]2OC3=[C]C(=c4c(=C3[C]2[C]([C]1N1c2nc([nH]c(=O)c2N=[C]1)N)O)oc1=[C][C]=[C]C(=c1c4=O)O)O[C]	PDBQT/dock_2376.pdbqt
O1[C]2OC3=[C]c4oc5=[C][C]=[C]C(=c5c(=O)c4C(=C3[C@@]2([C][C]1)O[C])O)O	PDBQT/dock_2377.pdbqt
o1c2=[C]C(=[C][C]=c2c(=O)c2=[C]C(=[C][C]=c12)OC1=[C][C]=C(C(=[C]1)Cl)F)[C][C]C(N)([C]O)[C]O	PDBQT/dock_2378.pdbqt
o1c2=[C][C]=C([C]=c2c(=O)c2c1[C]=C([C]=[C]2)C1=[C]C(=[C][C]=[C]1)OC(F)(F)F)[C][C]C(N)([C]O)[C]O	PDBQT/dock_2379.pdbqt
o1c2=[C][C]=C([C]=c2c(=O)c2c1[C]=C([C]=[C]2)C1=[C]C(=[C][C]=[C]1)OC(F)(F)F)[C][C]C(N)([C]O)[C]O	PDBQT/dock_2380.pdbqt
o1c2=C3C(=[C][C]=c2c(=O)c2c1[C]=[C][C]=C2C(F)(F)F)[C]=C1O[C]OC1=[C]3	PDBQT/dock_2381.pdbqt
o1c2C3=C([C]=C4O[C]OC4=[C]3)[C]=[C]c2c(=O)c2=[C][C]=C([C]=c12)C(F)(F)F	PDBQT/dock_2382.pdbqt
o1c2=C3C(=[C][C]=c2c(=O)c2c1[C]=[C]C(=[C]2)C(F)(F)F)[C]=C1O[C]OC1=[C]3	PDBQT/dock_2383.pdbqt
o1c2C(=[C]C3=[C][C]=[C][C]=C3c2c(=O)c2=[C][C]=C([C]=c12)C(F)(F)F)C1=[C]C2=c3c(=[C][C]=C2[C]=[C]1)oc1c(c3=O)[C]=[C][C]=C1C(F)(F)F	PDBQT/dock_2384.pdbqt
FC1=C(F)[C]=c2oc3C(=[C]C4=[C][C]=[C][C]=C4c3c(=O)c2=[C]1)C1=[C]C2=c3c(=[C][C]=C2[C]=[C]1)oc1c(c3=O)[C]=[C]C(=C1F)F	PDBQT/dock_2385.pdbqt
FC1=c2c(=O)c3C4=[C][C]=[C][C]=C4[C]=[C]c3oc2=[C][C]=C1[C]	PDBQT/dock_2386.pdbqt
o1c2c(C3=C([C]=[C]2)[C]=[C]C(=[C]3)C(F)(F)F)c(=O)c2c1[C]=[C]C(=[C]2)O[C]	PDBQT/dock_2387.pdbqt
o1c2c(C3=C([C]=[C]2)[C]=[C]C(=[C]3)C(F)(F)F)c(=O)c2c1[C]=C([C]=[C]2)O[C]	PDBQT/dock_2388.pdbqt
o1c2c(C3=C([C]=[C]2)[C]=[C]C(=[C]3)C(F)(F)F)c(=O)c2c1C(=[C][C]=[C]2)O[C]	PDBQT/dock_2389.pdbqt
o1c2c(C3=C([C]=[C]2)[C]=[C]C(=[C]3)C(F)(F)F)c(=O)c2c1[C]=[C][C]=C2O[C]	PDBQT/dock_2390.pdbqt
o1c2c(C3=C([C]=[C]2)[C]=[C]C(=[C]3)C(F)(F)F)c(=O)c2c1[C]=[C][C]=C2O[C]	PDBQT/dock_2391.pdbqt
FC1=c2c(=O)c3c(oc2=[C][C]=C1F)C(=[C]C1=[C][C]=[C][C]=C31)C1=[C]C2=c3c(=[C][C]=C2[C]=[C]1)oc1c(c3=O)[C]=C(F)C(=[C]1)F	PDBQT/dock_2392.pdbqt
o1c2=[C][C]=C3C(=c2c(=O)c2=[C]C(=[C][C]=c12)C(F)(F)F)[C]=C([C]=[C]3)O[C]	PDBQT/dock_2393.pdbqt
o1c2c(C3=C([C]=[C]2)[C]=[C]C(=[C]3)O[C])c(=O)c2c1[C]=C([C]=[C]2)C(F)(F)F	PDBQT/dock_2394.pdbqt
o1c2c(C3=C([C]=[C]2)[C]=[C]C(=[C]3)O[C])c(=O)c2c1C(=[C][C]=[C]2)C(F)(F)F	PDBQT/dock_2395.pdbqt
o1c2=[C][C]=C3C(=c2c(=O)c2=C([C]=[C][C]=c12)C(F)(F)F)[C]=C([C]=[C]3)O[C]	PDBQT/dock_2396.pdbqt
o1c2=[C][C]=C3C(=c2c(=O)c2=[C]C(=[C][C]=c12)C(F)(F)F)[C]=C([C]=[C]3)C(F)(F)F	PDBQT/dock_2397.pdbqt
o1c2c(C3=C([C]=[C]2)[C]=[C]C(=[C]3)C(F)(F)F)c(=O)c2c1C(=[C][C]=[C]2)C(F)(F)F	PDBQT/dock_2398.pdbqt
o1c2c(C3=C([C]=[C]2)[C]=[C]C(=[C]3)C(F)(F)F)c(=O)c2c1[C]=C([C]=[C]2)C(F)(F)F	PDBQT/dock_2399.pdbqt
o1c2c(C3=[C]C(=[C][C]=C3[C]=[C]2)C(F)(F)F)c(=O)c2c1[C]=[C][C]=C2C(F)(F)F	PDBQT/dock_2400.pdbqt
o1c2=[C][C]=C3C(=c2c(=O)c2=[C][C]=[C]C(=c12)C(F)(F)F)[C]=C1O[C]OC1=[C]3	PDBQT/dock_2401.pdbqt
o1c2=[C][C]=C3C(=c2c(=O)c2=[C][C]=C([C]=c12)C(F)(F)F)[C]=C1O[C]OC1=[C]3	PDBQT/dock_2402.pdbqt
o1c2c(C3=C([C]=C4O[C]OC4=[C]3)[C]=[C]2)c(=O)c2c1[C]=[C]C(=[C]2)C(F)(F)F	PDBQT/dock_2403.pdbqt
FC1=[C]c2oc3c(C4=[C]C(=[C][C]=C4[C]=[C]3)O[C])c(=O)c2[C]=[C]1	PDBQT/dock_2404.pdbqt
FC1=[C][C]=[C]c2oc3c(C4=[C]C(=[C][C]=C4[C]=[C]3)O[C])c(=O)c12	PDBQT/dock_2405.pdbqt
FC1=[C]c2c(=O)c3C4=C([C]=[C]c3oc2[C]=[C]1)[C]=[C]C(=[C]4)O[C]	PDBQT/dock_2406.pdbqt
FC1=[C][C]=[C]c2c(=O)c3C4=[C]C(=[C][C]=C4[C]=[C]c3oc12)O[C]	PDBQT/dock_2407.pdbqt
o1c2C(=[C]C3=C(c2c(=O)c2c1[C]=[C][C]=[C]2)C(=[C][C]=[C]3)C(F)(F)F)C1=[C]C2=c3c(=[C][C]=C2C(=[C]1)C(F)(F)F)oc1=[C][C]=[C][C]=c1c3=O	PDBQT/dock_2408.pdbqt
o1c2=[C][C]=C3C(=c2c(=O)c2=[C][C]=[C][C]=c12)[C]=[C][C]=C3C(F)(F)F	PDBQT/dock_2409.pdbqt
o1c2c(C3=[C][C]=C([C]=C3[C]=[C]2)C(F)(F)F)c(=O)c2c1[C]=[C][C]=[C]2	PDBQT/dock_2410.pdbqt
o1c2=[C][C]=C3C(=c2c(=O)c2=[C]C(=[C][C]=c12)C(F)(F)F)[C]=[C]C(=[C]3)C(F)(F)F	PDBQT/dock_2411.pdbqt
o1c2c(C3=[C][C]=C([C]=C3[C]=[C]2)C(F)(F)F)c(=O)c2c1C(=[C][C]=[C]2)C(F)(F)F	PDBQT/dock_2412.pdbqt
o1c2=[C][C]=C3C(=c2c(=O)c2=C([C]=[C][C]=c12)C(F)(F)F)[C]=[C]C(=[C]3)C(F)(F)F	PDBQT/dock_2413.pdbqt
o1c2c(C3=[C][C]=C([C]=C3[C]=[C]2)C(F)(F)F)c(=O)c2c1[C]=C([C]=[C]2)C(F)(F)F	PDBQT/dock_2414.pdbqt
o1c2=C([C]=C3C(=c2c(=O)c2c1[C]=[C][C]=C2C(F)(F)F)[C]=[C][C]=[C]3)C1=[C][C]=C2C(=[C]1)c1c(oc3=[C][C]=C([C]=c3c1=O)C(F)(F)F)[C]=[C]2	PDBQT/dock_2415.pdbqt
FC1=[C][C]=[C]c2oc3=C4C(=[C][C]=c3c(=O)c12)[C]=C1O[C]OC1=[C]4	PDBQT/dock_2416.pdbqt
FC1=[C]c2oc3=C4C(=[C][C]=c3c(=O)c2[C]=[C]1)[C]=C1O[C]OC1=[C]4	PDBQT/dock_2417.pdbqt
FC1=[C]c2c(=O)c3=[C][C]=C4C(=c3oc2[C]=[C]1)[C]=C1O[C]OC1=[C]4	PDBQT/dock_2418.pdbqt
o1c2C3=C([C]=[C]c2c(=O)c2c1C(=[C][C]=[C]2)C(F)(F)F)[C]=C1O[C]OC1=[C]3	PDBQT/dock_2419.pdbqt
FC1=[C][C]=[C]c2c(=O)c3=[C][C]=C4C(=c3oc12)[C]=C1O[C]OC1=[C]4	PDBQT/dock_2420.pdbqt
o1c2=[C][C]=C3C(=c2c(=O)c2=C([C]=[C][C]=c12)C(F)(F)F)[C]=C([C]=[C]3)[C]	PDBQT/dock_2421.pdbqt
o1c2c(C3=C([C]=C4O[C]OC4=[C]3)[C]=[C]2)c(=O)c2=C([C]=[C][C]=c12)C(F)(F)F	PDBQT/dock_2422.pdbqt
o1c2c(C3=C([C]=[C][C]=C3[C]=[C]2)C(F)(F)F)c(=O)c2c1[C]=C([C]=[C]2)C(F)(F)F	PDBQT/dock_2423.pdbqt
FC1=[C][C]=[C]C2=C1c1c(oc3=[C][C]=C([C]=c3c1=O)O[C])[C]=[C]2	PDBQT/dock_2424.pdbqt
FC1=[C]C2=c3c(=[C][C]=C2[C]=[C]1)oc1=[C][C]=C(F)[C]=c1c3=O	PDBQT/dock_2425.pdbqt
FC1=[C][C]=[C]C2=C1c1c(oc3=[C][C]=[C]C(=c3c1=O)F)[C]=[C]2	PDBQT/dock_2426.pdbqt
FC1=[C]c2c(=O)c3C4=C([C]=C5O[C]OC5=[C]4)[C]=[C]c3oc2[C]=[C]1	PDBQT/dock_2427.pdbqt
FC1=c2c(=O)c3=C4C(=[C][C]=c3oc2=[C][C]=[C]1)[C]=[C]C(=[C]4)[C]	PDBQT/dock_2428.pdbqt
FC1=[C]C2=C([C]=[C]c3oc4c(c(=O)c23)[C]=[C][C]=C4O[C])[C]=[C]1	PDBQT/dock_2429.pdbqt
FC1=C2c3c(oc4c(c3=O)[C]=[C][C]=C4O[C])[C]=[C]C2=[C][C]=[C]1	PDBQT/dock_2430.pdbqt
o1c2c(C3=C([C]=[C]2)[C]=C([C]=[C]3)[C])c(=O)c2c1C(=[C][C]=[C]2)C(F)(F)F	PDBQT/dock_2431.pdbqt
FC1=[C][C]=c2oc3=[C][C]=C4C(=c3c(=O)c2=[C]1)[C]=C([C]=[C]4)[C]	PDBQT/dock_2432.pdbqt
o1c2=[C][C]=C3C(=c2c(=O)c2=[C]C(=[C][C]=c12)C(F)(F)F)C(=[C][C]=[C]3)C(F)(F)F	PDBQT/dock_2433.pdbqt
FC1=[C]C2=[C][C]=c3oc4=[C]C(=[C][C]=c4c(=O)c3=C2[C]=[C]1)F	PDBQT/dock_2434.pdbqt
FC1=[C]c2oc3c(C4=C([C]=C5O[C]OC5=[C]4)[C]=[C]3)c(=O)c2[C]=[C]1	PDBQT/dock_2435.pdbqt
FC1=[C][C]=[C]c2c(=O)c3C4=C([C]=[C]c3oc12)[C]=[C]C(=[C]4)[C]	PDBQT/dock_2436.pdbqt
o1c2c(C3=C([C]=[C][C]=C3[C]=[C]2)O[C])c(=O)c2c1C(=[C][C]=[C]2)C(F)(F)F	PDBQT/dock_2437.pdbqt
FC1=[C]c2oc3c(C4=C([C]=[C]3)[C]=[C]C(=[C]4)[C])c(=O)c2[C]=[C]1	PDBQT/dock_2438.pdbqt
o1c2=[C][C]=C3C(=c2c(=O)c2=[C][C]=C([C]=c12)C(F)(F)F)C(=[C][C]=[C]3)O[C]	PDBQT/dock_2439.pdbqt
o1c2c(C3=C([C]=[C][C]=C3[C]=[C]2)O[C])c(=O)c2c1[C]=[C]C(=[C]2)C(F)(F)F	PDBQT/dock_2440.pdbqt
o1c2c(C3=C([C]=[C]2)[C]=C([C]=[C]3)[C])c(=O)c2c1[C]=C([C]=[C]2)C(F)(F)F	PDBQT/dock_2441.pdbqt
FC1=c2c(=O)c3=C4C(=[C][C]=c3oc2=[C][C]=[C]1)[C]=[C]C(=[C]4)F	PDBQT/dock_2442.pdbqt
FC1=[C][C]=[C]C2=C1c1c(oc3=[C]C(=[C][C]=c3c1=O)F)[C]=[C]2	PDBQT/dock_2443.pdbqt
FC1=[C][C]=[C]C2=C1c1c(oc3=[C][C]=C(F)[C]=c3c1=O)[C]=[C]2	PDBQT/dock_2444.pdbqt
o1c2c(C3=C([C]=[C][C]=C3[C]=[C]2)C(F)(F)F)c(=O)c2c1[C]=[C][C]=[C]2	PDBQT/dock_2445.pdbqt
FC1=[C][C]=[C]c2c(=O)c3C4=C([C]=C5O[C]OC5=[C]4)[C]=[C]c3oc12	PDBQT/dock_2446.pdbqt
FC1=[C][C]=[C]C2=[C][C]=c3oc4=[C][C]=[C]C(=c4c(=O)c3=C12)O[C]	PDBQT/dock_2447.pdbqt
FC1=[C]c2c(=O)c3C4=C([C]=[C][C]=C4[C]=[C]c3oc2[C]=[C]1)O[C]	PDBQT/dock_2448.pdbqt
FC1=[C][C]=[C]c2oc3c(C4=C([C]=C5O[C]OC5=[C]4)[C]=[C]3)c(=O)c12	PDBQT/dock_2449.pdbqt
FC1=[C]C2=c3c(=[C][C]=C2[C]=[C]1)oc1=[C][C]=C([C]=c1c3=O)O[C]	PDBQT/dock_2450.pdbqt
o1c2=[C][C]=C3C(=c2c(=O)c2=[C]C(=[C][C]=c12)O[C])C(=[C][C]=[C]3)C(F)(F)F	PDBQT/dock_2451.pdbqt
FC1=[C]C2=C([C]=[C]c3oc4c(c(=O)c23)[C]=[C]C(=[C]4)O[C])[C]=[C]1	PDBQT/dock_2452.pdbqt
o1c2=[C][C]=C3C(=c2c(=O)c2=C([C]=[C][C]=c12)O[C])C(=[C][C]=[C]3)C(F)(F)F	PDBQT/dock_2453.pdbqt
FC1=[C]C2=c3c(=[C][C]=C2[C]=[C]1)oc1=[C][C]=[C]C(=c1c3=O)O[C]	PDBQT/dock_2454.pdbqt
o1c2c(C3=C([C]=[C][C]=C3[C]=[C]2)O[C])c(=O)c2c1[C]=[C][C]=C2C(F)(F)F	PDBQT/dock_2455.pdbqt
FC1=[C][C]=[C]C2=C1c1c(oc3=[C]C(=[C][C]=c3c1=O)O[C])[C]=[C]2	PDBQT/dock_2456.pdbqt
FC1=[C][C]=[C]c2c(=O)c3C4=C([C]=[C][C]=C4[C]=[C]c3oc12)O[C]	PDBQT/dock_2457.pdbqt
FC1=[C]c2oc3c(C4=C([C]=[C][C]=C4[C]=[C]3)O[C])c(=O)c2[C]=[C]1	PDBQT/dock_2458.pdbqt
o1c2c(C3=C([C]=[C]2)[C]=[C]C(=[C]3)[C])c(=O)c2c1C(=[C][C]=[C]2)C(F)(F)F	PDBQT/dock_2459.pdbqt
FC1=[C]C2=[C][C]=c3oc4=[C][C]=C(F)[C]=c4c(=O)c3=C2[C]=[C]1	PDBQT/dock_2460.pdbqt
FC1=c2c(=O)c3=C4C(=[C][C]=c3oc2=[C][C]=[C]1)[C]=C(F)[C]=[C]4	PDBQT/dock_2461.pdbqt
FC1=[C][C]=[C]C2=C1c1c(oc3=C(F)[C]=[C][C]=c3c1=O)[C]=[C]2	PDBQT/dock_2462.pdbqt
FC1=[C][C]=[C]c2oc3c(C4=C([C]=[C][C]=C4[C]=[C]3)O[C])c(=O)c12	PDBQT/dock_2463.pdbqt
o1c2c(C3=C([C]=[C][C]=C3[C]=[C]2)C(F)(F)F)c(=O)c2c1C(=[C][C]=[C]2)O[C]	PDBQT/dock_2464.pdbqt
o1c2=[C][C]=C3C(=c2c(=O)c2=[C][C]=C([C]=c12)O[C])C(=[C][C]=[C]3)C(F)(F)F	PDBQT/dock_2465.pdbqt
o1c2=[C][C]=C3C(=c2c(=O)c2=C([C]=[C][C]=c12)C(F)(F)F)[C]=[C]C(=[C]3)[C]	PDBQT/dock_2466.pdbqt
o1c2c(C3=C([C]=[C]2)[C]=[C]C(=[C]3)[C])c(=O)c2c1[C]=C([C]=[C]2)C(F)(F)F	PDBQT/dock_2467.pdbqt
o1c2c(C3=C([C]=[C][C]=C3[C]=[C]2)C(F)(F)F)c(=O)c2c1C(=[C][C]=[C]2)C(F)(F)F	PDBQT/dock_2468.pdbqt
o1c2=[C][C]=C3C(=c2c(=O)c2=C([C]=[C][C]=c12)C(F)(F)F)C(=[C][C]=[C]3)C(F)(F)F	PDBQT/dock_2469.pdbqt
o1c2=[C][C]=C3C(=c2c(=O)c2=[C]C(=[C][C]=c12)C(F)(F)F)[C]=[C]C(=[C]3)[C]	PDBQT/dock_2470.pdbqt
o1c2c(C3=[C]C(=[C][C]=C3[C]=[C]2)[C])c(=O)c2=[C]C(=[C][C]=c12)C(F)(F)F	PDBQT/dock_2471.pdbqt
FC1=[C][C]=[C]c2c(=O)c3C4=[C][C]=C(F)[C]=C4[C]=[C]c3oc12	PDBQT/dock_2472.pdbqt
FC1=[C][C]=[C]c2c(=O)c3C4=C([C]=[C]c3oc12)[C]=[C]C(=[C]4)F	PDBQT/dock_2473.pdbqt
FC1=[C]C2=C([C]=[C]c3oc4c(c(=O)c23)[C]=[C]C(=[C]4)F)[C]=[C]1	PDBQT/dock_2474.pdbqt
FC1=[C][C]=[C]C2=c3c(=[C][C]=C12)oc1=[C][C]=[C][C]=c1c3=O	PDBQT/dock_2475.pdbqt
o1c2c(C3=C([C]=[C]2)[C]=[C]C(=[C]3)C(F)(F)F)c(=O)c2c1[C]=[C][C]=[C]2	PDBQT/dock_2476.pdbqt
FC1=[C][C]=[C]C2=[C][C]=c3oc4=[C][C]=[C][C]=c4c(=O)c3=C12	PDBQT/dock_2477.pdbqt
FC1=[C]C2=C([C]=[C]c3oc4c(c(=O)c23)[C]=[C][C]=[C]4)[C]=C1F	PDBQT/dock_2478.pdbqt
FC1=C(F)[C]=[C]C2=[C][C]=c3oc4c(c(=O)c3=C12)[C]=[C][C]=[C]4	PDBQT/dock_2479.pdbqt
o1c2c(C3=[C][C]=[C][C]=C3[C]=[C]2)c(=O)c2c1[C]=C([C]=[C]2)C(F)(F)F	PDBQT/dock_2480.pdbqt
FC1=C(F)[C]=[C]C2=c3c(=[C][C]=C12)oc1=[C][C]=[C][C]=c1c3=O	PDBQT/dock_2481.pdbqt
FC1=[C]C2=[C][C]=c3oc4=[C][C]=[C][C]=c4c(=O)c3=C2[C]=[C]1	PDBQT/dock_2482.pdbqt
FC1=[C]C2=C([C]=[C]c3oc4c(c(=O)c23)[C]=[C][C]=[C]4)[C]=[C]1	PDBQT/dock_2483.pdbqt
o1c2c(C3=[C][C]=[C][C]=C3[C]=[C]2)c(=O)c2c1C(=[C][C]=[C]2)C(F)(F)F	PDBQT/dock_2484.pdbqt
FC1=c2c(=O)c3=C4C(=[C][C]=c3oc2=[C][C]=C1F)[C]=[C][C]=[C]4	PDBQT/dock_2485.pdbqt
FC1=c2oc3=[C][C]=C4C(=c3c(=O)c2=[C][C]=[C]1)[C]=[C][C]=[C]4	PDBQT/dock_2486.pdbqt
o1c2=[C][C]=C3C(=c2c(=O)c2=[C]C(=[C][C]=c12)C(F)(F)F)[C]=[C][C]=[C]3	PDBQT/dock_2487.pdbqt
FC1=C(F)[C]=c2oc3=[C][C]=C4C(=c3c(=O)c2=[C]1)[C]=[C][C]=[C]4	PDBQT/dock_2488.pdbqt
o1c2c(C3=C([C]=[C]2)[C]=[C][C]=[C]3)c(=O)c2c1[C]=[C][C]=C2C(F)(F)F	PDBQT/dock_2489.pdbqt
FC1=C(F)[C]=[C]c2c(=O)c3C4=[C][C]=[C][C]=C4[C]=[C]c3oc12	PDBQT/dock_2490.pdbqt
FC1=[C][C]=c2c(=O)c3=C4C(=[C][C]=c3oc2=[C]1)[C]=[C][C]=[C]4	PDBQT/dock_2491.pdbqt
FC1=[C][C]=c2oc3=[C][C]=C4C(=c3c(=O)c2=[C]1)[C]=[C][C]=[C]4	PDBQT/dock_2492.pdbqt
FC1=[C][C]=[C]c2oc3c([C]=C4C(=[C]3)[C]=[C]C(=[C]4)O[C])c(=O)c12	PDBQT/dock_2493.pdbqt
FC1=[C][C]=[C]c2c(=O)c3c(oc12)[C]=C1C(=[C]3)[C]=C([C]=[C]1)O[C]	PDBQT/dock_2494.pdbqt
o1c2c([C]=C3C(=[C]2)[C]=[C]C(=[C]3)C(F)(F)F)c(=O)c2c1[C]=[C][C]=C2O[C]	PDBQT/dock_2495.pdbqt
o1c2c([C]=C3C(=[C]2)[C]=C([C]=[C]3)C(F)(F)F)c(=O)c2c1C(=[C][C]=[C]2)C(F)(F)F	PDBQT/dock_2496.pdbqt
o1c2c([C]=C3C(=[C]2)[C]=[C]C(=[C]3)C(F)(F)F)c(=O)c2c1[C]=C([C]=[C]2)C(F)(F)F	PDBQT/dock_2497.pdbqt
FC1=C([C]=c2c(=[C]1)oc1=[C]C3=[C][C]=[C][C]=C3[C]=c1c2=O)[C]	PDBQT/dock_2498.pdbqt
o1c2c(c(=O)c3c1[C]=[C][C]=C3C(F)(F)F)[C]=C1C(=[C]2)[C]=[C]C(=[C]1)O[C]	PDBQT/dock_2499.pdbqt
o1c2=[C]C3=[C][C]=C([C]=C3[C]=c2c(=O)c2=[C][C]=C([C]=c12)C(F)(F)F)O[C]	PDBQT/dock_2500.pdbqt
o1c2c(c(=O)c3c1C(=[C][C]=[C]3)C(F)(F)F)[C]=C1C(=[C]2)[C]=[C]C(=[C]1)O[C]	PDBQT/dock_2501.pdbqt
o1c2=[C]C3=[C][C]=C([C]=C3[C]=c2c(=O)c2=[C]C(=[C][C]=c12)C(F)(F)F)O[C]	PDBQT/dock_2502.pdbqt
FC1=c2oc3=[C]C4=[C][C]=[C][C]=C4[C]=c3c(=O)c2=[C][C]=C1[C]	PDBQT/dock_2503.pdbqt
FC1=c2c(=[C][C]=C1[C])oc1=[C]C3=[C][C]=[C][C]=C3[C]=c1c2=O	PDBQT/dock_2504.pdbqt
o1c2c([C]=C3C(=[C]2)[C]=C([C]=[C]3)C(F)(F)F)c(=O)c2c1[C]=[C][C]=[C]2	PDBQT/dock_2505.pdbqt
o1c2c([C]=C3C(=[C]2)[C]=[C]C(=[C]3)C(F)(F)F)c(=O)c2c1[C]=[C][C]=[C]2	PDBQT/dock_2506.pdbqt
FC1=[C][C]=c2c(=O)c3=[C]C4=[C]C(=[C][C]=C4[C]=c3oc2=[C]1)O[C]	PDBQT/dock_2507.pdbqt
o1c2=[C]C3=[C][C]=C([C]=C3[C]=c2c(=O)c2=[C][C]=C([C]=c12)O[C])C(F)(F)F	PDBQT/dock_2508.pdbqt
o1c2c(c(=O)c3c1[C]=[C][C]=C3C(F)(F)F)[C]=C1C(=[C]2)[C]=[C]C(=[C]1)C(F)(F)F	PDBQT/dock_2509.pdbqt
o1c2=[C]C3=C([C]=c2c(=O)c2=[C]C(=[C][C]=c12)C(F)(F)F)[C]=[C]C(=[C]3)C(F)(F)F	PDBQT/dock_2510.pdbqt
o1c2c([C]=C3C(=[C]2)[C]=[C]C(=[C]3)C(F)(F)F)c(=O)c2c1C(=[C][C]=[C]2)O[C]	PDBQT/dock_2511.pdbqt
FC1=[C][C]=c2oc3=[C]C4=[C][C]=C([C]=C4[C]=c3c(=O)c2=[C]1)O[C]	PDBQT/dock_2512.pdbqt
o1c2=[C]C3=[C][C]=C([C]=C3[C]=c2c(=O)c2=[C]C(=[C][C]=c12)C(F)(F)F)C(F)(F)F	PDBQT/dock_2513.pdbqt
o1c2c([C]=C3C(=[C]2)[C]=[C]C(=[C]3)C(F)(F)F)c(=O)c2c1C(=[C][C]=[C]2)C(F)(F)F	PDBQT/dock_2514.pdbqt
o1c2c([C]=C3C(=[C]2)[C]=C([C]=[C]3)C(F)(F)F)c(=O)c2c1[C]=C([C]=[C]2)C(F)(F)F	PDBQT/dock_2515.pdbqt
o1c2=[C]C3=C([C]=c2c(=O)c2=C([C]=[C][C]=c12)C(F)(F)F)[C]=[C]C(=[C]3)C(F)(F)F	PDBQT/dock_2516.pdbqt
o1c2=[C]C3=[C][C]=C4O[C]OC4=C3[C]=c2c(=O)c2=[C]C(=[C][C]=c12)C(F)(F)F	PDBQT/dock_2517.pdbqt
o1c2c([C]=C3C(=[C]2)[C]=[C]C2=C3O[C]O2)c(=O)c2c1[C]=C([C]=[C]2)C(F)(F)F	PDBQT/dock_2518.pdbqt
o1c2c([C]=C3C(=[C]2)[C]=[C]C2=C3O[C]O2)c(=O)c2c1[C]=[C][C]=C2C(F)(F)F	PDBQT/dock_2519.pdbqt
o1c2c([C]=C3C(=[C]2)[C]=[C]C2=C3O[C]O2)c(=O)c2c1C(=[C][C]=[C]2)C(F)(F)F	PDBQT/dock_2520.pdbqt
FC1=[C]c2c(=O)c3c(oc2[C]=[C]1)[C]=C1C(=[C]3)C2=C(O[C]O2)[C]=[C]1	PDBQT/dock_2521.pdbqt
FC1=[C][C]=[C]c2c(=O)c3c(oc12)[C]=C1C(=[C]3)C2=C(O[C]O2)[C]=[C]1	PDBQT/dock_2522.pdbqt
FC1=[C][C]=[C]c2oc3c([C]=C4C(=[C]3)[C]=[C]C3=C4O[C]O3)c(=O)c12	PDBQT/dock_2523.pdbqt
FC1=[C]c2oc3c([C]=C4C(=[C]3)[C]=[C]C3=C4O[C]O3)c(=O)c2[C]=[C]1	PDBQT/dock_2524.pdbqt
FC1=[C][C]=C2C(=[C]1)[C]=c1c(=[C]2)oc2=[C][C]=C([C]=c2c1=O)O[C]	PDBQT/dock_2525.pdbqt
FC1=[C][C]=C2C(=[C]1)[C]=c1c(=[C]2)oc2=[C][C]=[C]C(=c2c1=O)O[C]	PDBQT/dock_2526.pdbqt
FC1=[C][C]=[C]C2=[C]c3oc4c(c(=O)c3[C]=C12)[C]=[C][C]=C4O[C]	PDBQT/dock_2527.pdbqt
FC1=[C]C2=[C]c3c(oc4c(c3=O)[C]=[C]C(=[C]4)O[C])[C]=C2[C]=[C]1	PDBQT/dock_2528.pdbqt
FC1=[C]C2=[C]c3c(oc4c(c3=O)[C]=[C][C]=C4O[C])[C]=C2[C]=[C]1	PDBQT/dock_2529.pdbqt
FC1=[C][C]=[C]C2=[C]c3oc4c(c(=O)c3[C]=C12)[C]=[C]C(=[C]4)O[C]	PDBQT/dock_2530.pdbqt
FC1=[C][C]=[C]C2=[C]c3oc4c(c(=O)c3[C]=C12)[C]=C([C]=[C]4)O[C]	PDBQT/dock_2531.pdbqt
FC1=C2C(=[C][C]=[C]1)[C]=c1oc3=[C][C]=[C]C(=c3c(=O)c1=[C]2)O[C]	PDBQT/dock_2532.pdbqt
FC1=[C]c2oc3c([C]=C4C(=[C]3)[C]=[C]C(=[C]4)[C])c(=O)c2[C]=[C]1	PDBQT/dock_2533.pdbqt
FC1=c2oc3=[C]C4=[C][C]=C([C]=C4[C]=c3c(=O)c2=[C][C]=[C]1)[C]	PDBQT/dock_2534.pdbqt
FC1=[C]c2c(=O)c3c(oc2[C]=[C]1)[C]=C1C(=[C]3)C(=[C][C]=[C]1)O[C]	PDBQT/dock_2535.pdbqt
FC1=[C]c2c(=O)c3c(oc2[C]=[C]1)[C]=C1C(=[C]3)[C]=C([C]=[C]1)[C]	PDBQT/dock_2536.pdbqt
FC1=[C][C]=[C]c2c(=O)c3c(oc12)[C]=C1C(=[C]3)C(=[C][C]=[C]1)O[C]	PDBQT/dock_2537.pdbqt
FC1=[C][C]=[C]c2oc3c([C]=C4C(=[C]3)[C]=[C]C(=[C]4)[C])c(=O)c12	PDBQT/dock_2538.pdbqt
FC1=[C][C]=[C]c2oc3c([C]=C4C(=[C]3)[C]=[C][C]=C4O[C])c(=O)c12	PDBQT/dock_2539.pdbqt
FC1=[C][C]=c2c(=O)c3=[C]C4=C([C]=[C][C]=C4[C]=c3oc2=[C]1)O[C]	PDBQT/dock_2540.pdbqt
o1c2=[C]C3=[C][C]=[C]C(=C3[C]=c2c(=O)c2c1[C]=[C]C(=[C]2)O[C])C(F)(F)F	PDBQT/dock_2541.pdbqt
o1c2=[C]C3=[C][C]=[C]C(=C3[C]=c2c(=O)c2=[C][C]=C([C]=c12)O[C])C(F)(F)F	PDBQT/dock_2542.pdbqt
o1c2=[C]C3=[C][C]=[C]C(=C3[C]=c2c(=O)c2=[C][C]=[C]C(=c12)O[C])C(F)(F)F	PDBQT/dock_2543.pdbqt
o1c2c([C]=C3C(=[C]2)[C]=[C][C]=C3C(F)(F)F)c(=O)c2c1[C]=[C][C]=C2O[C]	PDBQT/dock_2544.pdbqt
o1c2=[C]C3=[C][C]=[C]C(=C3[C]=c2c(=O)c2=[C][C]=C([C]=c12)C(F)(F)F)O[C]	PDBQT/dock_2545.pdbqt
o1c2c([C]=C3C(=[C]2)[C]=[C][C]=C3O[C])c(=O)c2c1[C]=[C]C(=[C]2)C(F)(F)F	PDBQT/dock_2546.pdbqt
o1c2c([C]=C3C(=[C]2)[C]=C([C]=[C]3)[C])c(=O)c2c1[C]=[C]C(=[C]2)C(F)(F)F	PDBQT/dock_2547.pdbqt
o1c2=[C]C3=[C][C]=C([C]=C3[C]=c2c(=O)c2=[C]C(=[C][C]=c12)C(F)(F)F)[C]	PDBQT/dock_2548.pdbqt
o1c2c([C]=C3C(=[C]2)[C]=[C]C(=[C]3)[C])c(=O)c2c1C(=[C][C]=[C]2)C(F)(F)F	PDBQT/dock_2549.pdbqt
o1c2=[C]C3=[C][C]=[C]C(=C3[C]=c2c(=O)c2=[C][C]=[C]C(=c12)C(F)(F)F)O[C]	PDBQT/dock_2550.pdbqt
o1c2=[C]C3=[C][C]=[C]C(=C3[C]=c2c(=O)c2=[C][C]=[C]C(=c12)C(F)(F)F)C(F)(F)F	PDBQT/dock_2551.pdbqt
o1c2c(c(=O)c3c1[C]=[C][C]=C3C(F)(F)F)[C]=C1C(=[C]2)[C]=[C][C]=C1O[C]	PDBQT/dock_2552.pdbqt
o1c2=[C]C3=[C]C(=[C][C]=C3[C]=c2c(=O)c2=[C][C]=C([C]=c12)C(F)(F)F)[C]	PDBQT/dock_2553.pdbqt
o1c2c([C]=C3C(=[C]2)[C]=C([C]=[C]3)[C])c(=O)c2c1C(=[C][C]=[C]2)C(F)(F)F	PDBQT/dock_2554.pdbqt
o1c2=[C]C3=C([C]=c2c(=O)c2=C([C]=[C][C]=c12)C(F)(F)F)[C]=[C]C(=[C]3)[C]	PDBQT/dock_2555.pdbqt
o1c2c(c(=O)c3c1[C]=[C][C]=C3C(F)(F)F)[C]=C1C(=[C]2)[C]=[C]C(=[C]1)[C]	PDBQT/dock_2556.pdbqt
o1c2=[C]C3=[C][C]=C([C]=C3[C]=c2c(=O)c2=[C][C]=C([C]=c12)C(F)(F)F)[C]	PDBQT/dock_2557.pdbqt
o1c2=[C]C3=[C][C]=[C]C(=C3[C]=c2c(=O)c2=[C][C]=C([C]=c12)C(F)(F)F)C(F)(F)F	PDBQT/dock_2558.pdbqt
o1c2=[C]C3=[C][C]=[C]C(=C3[C]=c2c(=O)c2=[C]C(=[C][C]=c12)C(F)(F)F)C(F)(F)F	PDBQT/dock_2559.pdbqt
o1c2=[C]C3=[C][C]=[C]C(=C3[C]=c2c(=O)c2=C([C]=[C][C]=c12)C(F)(F)F)C(F)(F)F	PDBQT/dock_2560.pdbqt
FC1=[C]C2=[C]c3c(oc4c(c3=O)[C]=[C]C(=[C]4)F)[C]=C2[C]=[C]1	PDBQT/dock_2561.pdbqt
FC1=[C][C]=[C]c2oc3c([C]=C4C(=[C]3)[C]=[C]C(=[C]4)F)c(=O)c12	PDBQT/dock_2562.pdbqt
FC1=[C][C]=C2C(=[C]1)[C]=c1oc3=[C][C]=C(F)[C]=c3c(=O)c1=[C]2	PDBQT/dock_2563.pdbqt
FC1=c2oc3=[C]C4=[C][C]=C(F)[C]=C4[C]=c3c(=O)c2=[C][C]=[C]1	PDBQT/dock_2564.pdbqt
FC1=c2c(=O)c3=[C]C4=[C][C]=C(F)[C]=C4[C]=c3oc2=[C][C]=[C]1	PDBQT/dock_2565.pdbqt
FC1=[C][C]=C2C(=[C]1)[C]=c1c(=[C]2)oc2=[C][C]=C(F)[C]=c2c1=O	PDBQT/dock_2566.pdbqt
FC1=c2oc3=[C]C4=[C]C(=[C][C]=C4[C]=c3c(=O)c2=[C][C]=[C]1)F	PDBQT/dock_2567.pdbqt
FC1=C2C(=[C][C]=[C]1)[C]=c1oc3=C(F)[C]=[C][C]=c3c(=O)c1=[C]2	PDBQT/dock_2568.pdbqt
FC1=C2C(=[C][C]=[C]1)[C]=c1oc3=[C]C(=[C][C]=c3c(=O)c1=[C]2)F	PDBQT/dock_2569.pdbqt
FC1=C2C(=[C][C]=[C]1)[C]=c1oc3=[C][C]=[C]C(=c3c(=O)c1=[C]2)F	PDBQT/dock_2570.pdbqt
FC1=[C][C]=[C]C2=[C]c3c(oc4c(c3=O)[C]=[C][C]=[C]4)[C]=C12	PDBQT/dock_2571.pdbqt
FC1=[C][C]=[C]C2=[C]c3oc4c(c(=O)c3[C]=C12)[C]=C(F)[C]=[C]4	PDBQT/dock_2572.pdbqt
o1c2c(c(=O)c3c1C(=[C][C]=[C]3)C(F)(F)F)[C]=C1C(=[C]2)[C]=[C][C]=[C]1	PDBQT/dock_2573.pdbqt
o1c2c([C]=C3C(=[C]2)C(=[C][C]=[C]3)C(F)(F)F)c(=O)c2c1[C]=[C][C]=[C]2	PDBQT/dock_2574.pdbqt
FC1=[C]c2c(=O)c3c(oc2[C]=C1F)[C]=C1C(=[C]3)[C]=[C][C]=[C]1	PDBQT/dock_2575.pdbqt
o1c2c([C]=C3C(=[C]2)[C]=[C][C]=C3C(F)(F)F)c(=O)c2c1[C]=[C][C]=[C]2	PDBQT/dock_2576.pdbqt
FC1=[C][C]=C2C(=[C]1)[C]=c1c(=[C]2)oc2=[C][C]=[C][C]=c2c1=O	PDBQT/dock_2577.pdbqt
FC1=C2C(=[C][C]=C1F)[C]=c1c(=[C]2)oc2=[C][C]=[C][C]=c2c1=O	PDBQT/dock_2578.pdbqt
FC1=[C]C2=[C]c3c(oc4c(c3=O)[C]=[C][C]=[C]4)[C]=C2[C]=C1F	PDBQT/dock_2579.pdbqt
FC1=C2C(=[C][C]=C1F)[C]=c1oc3=[C][C]=[C][C]=c3c(=O)c1=[C]2	PDBQT/dock_2580.pdbqt
FC1=[C][C]=[C]C2=[C]c3oc4c(c(=O)c3[C]=C12)[C]=[C][C]=[C]4	PDBQT/dock_2581.pdbqt
o1c2c(c(=O)c3c1[C]=C([C]=[C]3)C(F)(F)F)[C]=C1C(=[C]2)[C]=[C][C]=[C]1	PDBQT/dock_2582.pdbqt
FC1=C(F)[C]=[C]c2c(=O)c3c(oc12)[C]=C1C(=[C]3)[C]=[C][C]=[C]1	PDBQT/dock_2583.pdbqt
o1c2=[C]C3=[C][C]=[C][C]=C3[C]=c2c(=O)c2=C([C]=[C][C]=c12)C(F)(F)F	PDBQT/dock_2584.pdbqt
FC1=c2c(=O)c3=[C]C4=[C][C]=[C][C]=C4[C]=c3oc2=[C][C]=C1F	PDBQT/dock_2585.pdbqt
FC1=c2oc3=[C]C4=[C][C]=[C][C]=C4[C]=c3c(=O)c2=[C][C]=[C]1	PDBQT/dock_2586.pdbqt
FC1=c2c(=O)c3=[C]C4=[C][C]=[C][C]=C4[C]=c3oc2=[C][C]=[C]1	PDBQT/dock_2587.pdbqt
FC1=[C][C]=c2oc3=[C]C4=[C][C]=[C][C]=C4[C]=c3c(=O)c2=[C]1	PDBQT/dock_2588.pdbqt
o1c2c(C3=C([C]=[C]2)[C]=[C][C]=[C]3)c(=O)c2c1[C]=[C]C(=[C]2)[C]	PDBQT/dock_2589.pdbqt
FC1=c2c(=[C][C]=[C]1)oc1=[C][C]=[C]C(=c1c2=O)F	PDBQT/dock_2590.pdbqt
ClC1=[C][C]=c2oc3=[C][C]=C(F)[C]=c3c(=O)c2=[C]1	PDBQT/dock_2591.pdbqt
FC1=[C]c2oc3c(c(=O)c2C(=[C]1)[C][C]=C([C])[C])[C]=[C][C]=[C]3	PDBQT/dock_2592.pdbqt
o1c2c(C(=[C][C]=[C]2)C2=[C][C]=[C][C]=[C]2)c(=O)c2c1[C]=[C][C]=C2OS([O])([O])C(F)(F)F	PDBQT/dock_2593.pdbqt
IC1=[C][C]=[C]c2oc3c(c(=O)c12)[C]=[C][C]=[C]3	PDBQT/dock_2594.pdbqt
N1=C(N=C([C]=C1N[C]1[C]2[C][C][C]([C]1C(=O)O)[C][C]2)C1=[C]c2oc3=[C][C]=[C][C]=c3c(=O)c2[C]=[C]1)C1=[C]NC2=C(F)[C]=C([C]=C12)F	PDBQT/dock_2595.pdbqt
N1=C(N=C([C]=C1N[C]1[C]2[C][C][C]([C]1C(=O)O)[C][C]2)C1=[C][C]=c2c(=[C]1)oc1c(c2=O)[C]=[C][C]=[C]1)C1=[C]NC2=C(F)[C]=C([C]=C12)F	PDBQT/dock_2596.pdbqt
o1c2=[C]C(=[C]C(=c2c(=O)c2=[C][C]=[C][C]=c12)O[C][C])O[C][C]1O[C]1	PDBQT/dock_2597.pdbqt
o1c2c(C(=[C]C(=[C]2)O[C][C]2O[C]2)O[C]([C])[C])c(=O)c2c1[C]=[C][C]=[C]2	PDBQT/dock_2598.pdbqt
o1c2=[C]C(=[C]C(=c2c(=O)c2c1C(=[C][C]=[C]2)O[C])O[C]C1=[C]C(=[C][C]=[C]1)Cl)O[C][C]1O[C]1	PDBQT/dock_2599.pdbqt
o1c2c(C(=[C]C(=[C]2)O[C][C](O)[C]N[C][C][C][C])O[C][C][C][C][C])c(=O)c2c1C(=[C][C]=[C]2)O[C]	PDBQT/dock_2600.pdbqt
O1C([C]([C]c2c1c(c(c1oc3=[C]C(=C(C(=c3c(=O)c21)O)[C][C]=C([C])[C])O)[C][C]=C([C])[C])O)O)([C])[C]	PDBQT/dock_2601.pdbqt
Fc1c2c(oc3c(c2=O)c(F)c(F)c(F)c3F)c(F)c(F)c1F	PDBQT/dock_2602.pdbqt
o1c2=C(C(=[C]C(=c2c(=O)c2c1[C]=C([C]=[C]2)O)O[C])O[C])O	PDBQT/dock_2603.pdbqt
o1c2c(c(=O)c3c1C(=[C]C(=C3O)O[C])O)[C]=[C]C(=C2O[C])O[C]	PDBQT/dock_2604.pdbqt
o1c2=[C]C(=[C]C(=c2c(=O)c2=C([C]=C([C]=c12)O[C])O)O)O[C]	PDBQT/dock_2605.pdbqt
O1[C]([C](OC2=C1c1oc3=[C][C]=[C][C]=c3c(=O)c1[C]=C2O[C])C1=[C]C(=C(C(=[C]1)O[C])O)O[C])[C]O	PDBQT/dock_2606.pdbqt
o1c2=[C]C(=C(C(=c2c(=O)c2=C(C(=C([C]=c12)OC(=O)[C])[C][C]=C([C])[C])OC(=O)[C])[C][C]=C([C])[C])O[C])OC(=O)[C]	PDBQT/dock_2607.pdbqt
O1[C]([C](OC2=C([C]=c3c(=C12)oc1=[C][C]=[C][C]=c1c3=O)O[C])C1=[C]C(=C([C]=[C]1)O)O[C])[C]O	PDBQT/dock_2608.pdbqt
O1[C]([C](OC2=C1c1oc3c(c(=O)c1[C]=C2O[C])[C]=[C][C]=[C]3)C1=[C][C]=C(C(=[C]1)O[C])O)[C]O	PDBQT/dock_2609.pdbqt
O1[C]([C](OC2=C1c1oc3c(c(=O)c1[C]=[C]2)[C]=[C][C]=[C]3)C1=[C][C]=C(C(=[C]1)O[C])O)[C]O	PDBQT/dock_2610.pdbqt
o1c2c(c(=O)c3c1[C]=[C][C]=[C]3)[C]=C(C(=C2O)O[C]C1=[C][C]=[C][C]=[C]1)O[C]	PDBQT/dock_2611.pdbqt
o1c2=C(C(=C([C]=c2c(=O)c2c1[C]=[C][C]=[C]2)O[C])O[C]C1=[C][C]=[C][C]=[C]1)O[C](C(=O)C1=[C][C]=C(C(=[C]1)O[C])O[C]C1=[C][C]=[C][C]=[C]1)C(=O)O[C][C]	PDBQT/dock_2612.pdbqt
o1c2=C(C(=[C]C(=c2c(=O)c2=C(C(=[C][C]=c12)O[C])O)O)O[C])O	PDBQT/dock_2613.pdbqt
o1c2=C(C(=[C]C(=c2c(=O)c2c1[C]=[C]C(=C2O[C])O[C])O)O)O[C]	PDBQT/dock_2614.pdbqt
o1c2=C(C(=[C]C(=c2c(=O)c2c1[C]=[C]C(=C2O[C])O[C])O)O)O[C]	PDBQT/dock_2615.pdbqt
ClC1=C([C]=c2oc3=[C][C]=[C][C]=c3c(=O)c2=[C]1)O[C][C]O	PDBQT/dock_2616.pdbqt
o1c2c(c(=O)c3=[C]C(=C(C(=c13)O)O)[C][C]=C([C])[C])C(=[C]C(=C2[C][C]=C([C])[C])O[C])O	PDBQT/dock_2617.pdbqt
N(=[N]=[N])C1=C([C]=[C]c2c1oc1c(c2=O)[C]=[C][C]=C1[C]C(=O)O)[C]	PDBQT/dock_2618.pdbqt
o1c2c(c(=O)c3c1[C]=[C]C(=[C]3)C(=O)O)[C]=[C]C(=[C]2)O[C]	PDBQT/dock_2619.pdbqt
O1[C]([C]([C]([C]([C]1OC1=c2c(=[C]C(=[C]1)O[C])oc1c(c2=O)c(c(c(c1O[C])O[C])O[C])O[C])O)O)O)[C]O[C]1O[C][C]([C]([C]1O)O)O	PDBQT/dock_2620.pdbqt
o1c2c(c(=O)c3c1[C]=[C]C(=[C]3)O[C]C1=[C][C]=[C][C]=[C]1)[C]=C(C(=C2O[C])O[C])O[C]	PDBQT/dock_2621.pdbqt
o1c2c(c(=O)c3=C([C]=[C][C]=c13)O[C])c(c(c(c2O[C])O[C])O[C])O[C]	PDBQT/dock_2622.pdbqt
o1c2c(c(c(c(c2O[C])O[C])O[C])O[C])c(=O)c2=[C][C]=[C][C]=c12	PDBQT/dock_2623.pdbqt
o1c2c(c(c(c(c2O[C])OC(=O)[C])O[C])O[C])c(=O)c2=[C][C]=[C][C]=c12	PDBQT/dock_2624.pdbqt
ClC1=c2oc3=C(C(=[C]C(=c3c(=O)c2=C(C(=[C]1)Cl)O)O)[C])O[C]	PDBQT/dock_2625.pdbqt
ClC1=c2oc3c(c(=O)c2=C(C(=[C]1)Cl)O)C(=[C]C(=C3O[C])[C])O[C]	PDBQT/dock_2626.pdbqt
O1C([C][C]C2=C(c3c(oc4=[C]C(=C(C(=c4c3=O)[C][C]C([C])([C])O[C])O[C])O)[C]=C12)O)([C])[C]	PDBQT/dock_2627.pdbqt
o1c2=[C]C3=C([C][C][C]3)[C]=c2c(=O)c2c1[C]=[C][C]=[C]2	PDBQT/dock_2628.pdbqt
o1c2c(c(=O)c3c1[C]=[C]C(=[C]3)C(=O)O)[C]=C([C]=C2S(=O)(=O)Cl)S(=O)(=O)Cl	PDBQT/dock_2629.pdbqt
o1c2c(c(=O)c3c1[C]=[C]C(=C3O[C])O[C])C(=[C]C(=[C]2)O[C])O[C]	PDBQT/dock_2630.pdbqt
o1c2c(c(=O)c3c1[C]=[C]C(=C3O[C])OC(=O)[C])C(=[C]C(=[C]2)O[C])O[C]	PDBQT/dock_2631.pdbqt
o1c2c(C(=[C][C]=[C]2)[C]Cl)c(=O)c2c1[C]=[C][C]=[C]2	PDBQT/dock_2632.pdbqt
o1c2=[C][C]=[C]C(=c2c(=O)c2c1[C]=[C][C]=[C]2)[C]P(=O)(O[C][C])O[C][C]	PDBQT/dock_2633.pdbqt
IC1=[C][C]=c2oc3=[C][C]=[C][C]=c3c(=O)c2=[C]1	PDBQT/dock_2634.pdbqt
O1C([C][C]C2=C1C(=[C]c1oc3c(C(=C4[C][C]C(OC4=[C]3)([C])[C])O)c(=O)c21)O[C])([C])[C]	PDBQT/dock_2635.pdbqt
o1c2c(c(=O)c3c1[C]=[C][C]=C3C(=O)O)[C]=C([C]=[C]2)[C]	PDBQT/dock_2636.pdbqt
O1C([C]=[C]C2=[C][C]=c3oc4=[C]C(=C(C(=c4c(=O)c3=C12)[C]O)O[C][C]=C([C])[C])[C])([C])[C]	PDBQT/dock_2637.pdbqt
o1c2c(c(=O)c3=C([C]=C([C]=c13)O)O)C(=[C][C]=C2O[C])O[C]	PDBQT/dock_2638.pdbqt
o1c2c(c(=O)c3c1[C]=C([C]=C3OC(=O)[C])OC(=O)[C])C(=[C][C]=C2O[C])O[C]	PDBQT/dock_2639.pdbqt
o1c2c(c(=O)c3=[C][C]=[C][C]=c13)[C]=[C]C(=[C]2)O[C][C]=C([C])[C]	PDBQT/dock_2640.pdbqt
o1c2=C(C(=[C][C]=c2c(=O)c2c1[C]=C([C]=[C]2)O)O)[C]	PDBQT/dock_2641.pdbqt
o1c2=C(C(=[C][C]=c2c(=O)c2=C([C]=C([C]=c12)O)O)O[C])O[C]	PDBQT/dock_2642.pdbqt
o1c2c(c(=O)c3=[C][C]=[C][C]=c13)[C]=C([C]=[C]2)O[C][C]	PDBQT/dock_2643.pdbqt
o1c2=C([C]=[C]C(=c2c(=O)c2c1[C]=C([C]=C2O)O[C])O[C]1O[C]([C]([C]([C]1O)O)O)[C]O)O[C]	PDBQT/dock_2644.pdbqt
o1c2=C([C]=[C]C(=c2c(=O)c2=C([C]=C([C]=c12)O[C])O[C])O[C])O[C]	PDBQT/dock_2645.pdbqt
o1c2=C3C(=C([C]=c2c(=O)c2c1C1=C(OC([C]=[C]1)([C])[C])[C]=C2O)C(=[C])[C])[C@@]([C]C3=O)(O)C(=O)O[C]	PDBQT/dock_2646.pdbqt
o1c2=[C]C(=[C]C(=c2c(=O)c2c1C(=[C][C]=C2O[C])O[C])O[C]1O[C]([C]([C]([C]1O)O)O)[C]O)O[C]	PDBQT/dock_2647.pdbqt
o1c2c(C(=[C]C(=[C]2)O[C])O[C]2O[C]([C]([C]([C]2O)O)O)[C]O)c(=O)c2=C([C]=[C]C(=c12)O[C])O[C]	PDBQT/dock_2648.pdbqt
o1c2c(c(=O)c3=[C][C]=C([C]=c13)C(=O)O)[C]=C([C]=[C]2)O[C]([C])[C]	PDBQT/dock_2649.pdbqt
o1c2c(c(=O)c3c1[C]=C([C]=[C]3)C(=O)O)[C]=C([C]=[C]2)O[C][C][C]O	PDBQT/dock_2650.pdbqt
O1[C@]2(OC3=C([C]1[C][C]([C]2)O)C(=c1c(=[C]3)oc2c(c1=O)C(=[C][C]=[C]2)O[C])O)[C]	PDBQT/dock_2651.pdbqt
o1c2=C(C(=[C]C(=c2c(=O)c2=C([C]=C(C(=c12)O)O)[C][C]=C([C])[C])[C])O)[C]/[C]=C(\[C])/[C][C][C]=C([C])[C]	PDBQT/dock_2652.pdbqt
o1c2c(c(=O)c3=C(C(=[C]C(=c13)O)O)[C][C]=C([C])[C])C(=C([C]=C2O[C])[C][C]=C([C])[C])O	PDBQT/dock_2653.pdbqt
o1c2C(=C([C]=C(c2c(=O)c2c1C(=[C][C]=[C]2)O)O)O[C])[C][C](O)C([C])([C])O	PDBQT/dock_2654.pdbqt
o1c2c(c(=O)c3c1[C]=[C][C]=C3O)[C]=C(C(=[C]2)O[C])O[C]	PDBQT/dock_2655.pdbqt
o1c2c(c(c(c(c2c(=O)c2=[C][C]=[C][C]=c12)O)O[C])O)C1=C2C(=[C]C(=C([C]2O[C])O[C])O)OC2=C1[C]=[C][C]=[C]2	PDBQT/dock_2656.pdbqt
O1[C]([C]([C]([C]([C]1OC1=[C]C(=[C]c2c1c(=O)c1=[C][C]=[C]C(=c1o2)O[C])O[C])O)O)O)[C]O[C]1O[C][C]([C]([C]1O)O)O	PDBQT/dock_2657.pdbqt
o1c2=C([C]=[C]C(=c2c(=O)c2c1[C]=[C][C]=[C]2)OC(=O)[C])OC(=O)[C]	PDBQT/dock_2658.pdbqt
O1[C]2O[C][C][C]2C2=c3oc4c(c(=O)c3=C([C]=C12)O[C])C(=[C][C]=[C]4)O[C]	PDBQT/dock_2659.pdbqt
O1[C](C(C2=C(c3c(oc4c(c3=O)[C]=C3C(=C4OC(=O)[C])OC([C]=[C]3)([C])[C])[C]=C12)OC(=O)[C])([C])[C])[C]	PDBQT/dock_2660.pdbqt
FC1=C(C(=[C]c2c1oc1c(c2=O)[C]=C(F)C(=C1F)O)F)O	PDBQT/dock_2661.pdbqt
O1C([C]=[C]C2=C1C(=c1oc3c(C(=C(C(=[C]3)OC(=O)[C])C([C])([C])[C]=[C])OC(=O)[C])c(=O)c1=[C]2)OC(=O)[C])([C])[C]	PDBQT/dock_2662.pdbqt
N(=[N]=[N])C1=[C][C]=[C]c2c1oc1c(c2=O)[C]=[C][C]=C1[C]C(=O)O	PDBQT/dock_2663.pdbqt
O1[C](C(c2c1c(c1oc3=C(C(=[C][C]=c3c(=O)c1c2O)O)O)O[C])([C])[C])[C]	PDBQT/dock_2664.pdbqt
O1C([C]=[C]C2=C1[C]=C(c1c2oc2c(C3=C(OC([C]=[C]3)([C])[C])[C]=[C]2)c1=O)O)([C])[C]	PDBQT/dock_2665.pdbqt
BrC1=[C][C]=c2oc3=[C]C(=[C][C]=c3c(=O)c2=[C]1)O	PDBQT/dock_2666.pdbqt
BrC1=C(C(=c2oc3c(c(=O)c2=[C]1)[C]=[C][C]=[C]3)[C])O	PDBQT/dock_2667.pdbqt
o1c2=[C][C]=[C]C(=c2c(=O)c2c1[C]=[C][C]=C2O)C(=O)O[C]	PDBQT/dock_2668.pdbqt
o1c2c(c(=O)c3c1[C]=[C][C]=C3O)C(=C([C]=[C]2)O)C(=O)O[C]	PDBQT/dock_2669.pdbqt
o1c2c(C(=C([C]=[C]2)O[C])C(=O)O[C])c(=O)c2c1[C]=[C][C]=C2O	PDBQT/dock_2670.pdbqt
o1c2=[C]C(=C(C(=c2c(=O)c2=[C][C]=[C]C(=c12)O)O)[C])O[C]	PDBQT/dock_2671.pdbqt
O1[C]2[C](OC3=[C]C(=c4c(=C23)oc2c(c4=O)[C]=[C][C]=C2O)O[C])[C@]([C]1)([C])O	PDBQT/dock_2672.pdbqt
o1c2c(c(=O)c3=[C]C(=[C][C]=c13)S[C][C])[C]=[C]C(=[C]2)c1n[nH]nn1	PDBQT/dock_2673.pdbqt
O1[C]2[C](OC3=[C]C(=c4c(=C23)oc2c(c4=O)[C]=[C][C]=C2O[C])O)[C@@]([C]1)(O)[C]O	PDBQT/dock_2674.pdbqt
O1[C]([C](OC2=C([C]=c3c(=C12)oc1c(c3=O)[C]=[C][C]=[C]1)O)C1=[C]C(=C(C(=[C]1)O[C])O)O[C])[C]O	PDBQT/dock_2675.pdbqt
O1[C]([C](OC2=C([C]=c3c(=C12)oc1c(c3=O)[C]=[C][C]=[C]1)O)C1=[C]C(=C(C(=[C]1)O[C])O)O[C])[C]O	PDBQT/dock_2676.pdbqt
O1C([C]([C](C2=[C][C]=c3c(=C12)oc1c(c3=O)C(=C([C]=C1O)C([C])([C])[C]=[C])O)O)O)([C])[C]	PDBQT/dock_2677.pdbqt
O1C([C]=[C]c2c1c(c1oc3=[C][C]=C([C]=c3c(=O)c1c2O)O)[C]/[C]=C(\[C])/[C][C][C]=C([C])[C])([C])[C]	PDBQT/dock_2678.pdbqt
o1c2=C(C(=C([C]=c2c(=O)c2=[C][C]=[C][C]=c12)O[C])O)[C]=O	PDBQT/dock_2679.pdbqt
o1c2c(c(=O)c3c1[C]=[C][C]=[C]3)[C]=C(C(=C2[C]=O)O[C]C1=[C][C]=[C][C]=[C]1)O[C]	PDBQT/dock_2680.pdbqt
o1c2c(c(=O)c3=[C][C]=[C][C]=c13)[C]=C(C(=C2O[C](C(=O)C1=[C]C(=C([C]=[C]1)O)O[C])C(=O)O[C][C])O)O[C]	PDBQT/dock_2681.pdbqt
[C](OC1=c2oc3=[C][C]=[C][C]=c3c(=O)c2=[C]C(=C1OC(=O)[C])O[C])([C](OC(=O)[C])C1=[C][C]=C(C(=[C]1)O[C])OC(=O)[C])[C]OC(=O)[C]	PDBQT/dock_2682.pdbqt
O1[C]([C](OC2=C1c1oc3=[C][C]=[C][C]=c3c(=O)c1[C]=C2O[C])C1=[C][C]=C(C(=[C]1)O[C])OC(=O)[C])[C]OC(=O)[C]	PDBQT/dock_2683.pdbqt
o1c2c(C(=C(C(=[C]2)O[C])O[C])O[C]2O[C]([C]([C]([C]2O)O)O)[C]O)c(=O)c2=[C]C(=[C][C]=c12)O[C]	PDBQT/dock_2684.pdbqt
o1c2=[C]C(=C(C(=c2c(=O)c2c1[C]=[C]C(=[C]2)O[C])O[C]1O[C]([C]([C]([C]1O)O)O)[C]O)O[C])O[C]	PDBQT/dock_2685.pdbqt
o1c2=[C]C(=C(C(=c2c(=O)c2=[C][C]=[C]C(=c12)O[C])O[C]1O[C]([C]([C]([C]1O)O)O)[C]O)O[C])O[C]	PDBQT/dock_2686.pdbqt
o1c2=[C]C(=C(C(=c2c(=O)c2c1C(=[C][C]=[C]2)O[C])O[C]1O[C]([C]([C]([C]1O)O)O)[C]O)O[C])O[C]	PDBQT/dock_2687.pdbqt
O1[C](C(C2=C(c3c(oc4=C(C(=C([C]=c4c3=O)[C][C]=C([C])[C])O)O)[C]=C12)O)([C])[C])[C]	PDBQT/dock_2688.pdbqt
O1[C](C(C2=C(c3c(oc4=C(C(=C([C]=c4c3=O)[C][C]=C([C])[C])O)O[C])[C]=C12)O)([C])[C])[C]	PDBQT/dock_2689.pdbqt
o1c2c(c(=O)c3c1[C]=[C][C]=[C]3)[C]=C([C]=[C]2)OC1=[C][C]=[C][C]=[C]1	PDBQT/dock_2690.pdbqt
o1c2c(C(=C(C(=[C]2)O[C])C([C])([C])[C]=[C])O)c(=O)c2=[C][C]=C(C(=c12)O)O	PDBQT/dock_2691.pdbqt
FC1=[C][C]=C(c2oc3c(c(=O)c12)[C]=[C][C]=[C]3)O[C]	PDBQT/dock_2692.pdbqt
FC1=[C][C]=C(c2oc3c(c(=O)c12)[C]=[C][C]=[C]3)O	PDBQT/dock_2693.pdbqt
O1[C]([C](OC2=C1c1oc3c(c(=O)c1[C]=C2O[C])C(=[C][C]=[C]3)O[C])C1=[C][C]=C(C(=[C]1)O[C])O)[C]O	PDBQT/dock_2694.pdbqt
O1[C]([C](OC2=C1c1oc3=[C][C]=[C]C(=c3c(=O)c1[C]=C2O[C])O[C])C1=[C]C(=C([C]=[C]1)O)O[C])[C]OC(=O)[C]	PDBQT/dock_2695.pdbqt
O1[C]([C](OC2=C([C]=c3c(=C12)oc1c(c3=O)C(=[C][C]=[C]1)O[C])O[C])C1=[C]C(=C(C(=[C]1)O[C])O)O[C])[C]O	PDBQT/dock_2696.pdbqt
O1[C]([C](OC2=C([C]=c3c(=C12)oc1=[C]C(=[C]C(=c1c3=O)O[C])O)O[C])C1=[C]C(=C(C(=[C]1)O[C])O)O[C])[C]O	PDBQT/dock_2697.pdbqt
O1[C]([C](OC2=[C][C]=c3c(=C12)oc1c(c3=O)C(=[C]C(=[C]1)O)O)C1=[C]C(=C(C(=[C]1)O[C])O)O[C])[C]O	PDBQT/dock_2698.pdbqt
o1c2c(C(=C([C]=[C]2)O)C2=c3c(=[C][C]=C2O)oc2=[C][C]=[C]C(=c2c3=O)O)c(=O)c2c1[C]=[C][C]=C2O	PDBQT/dock_2699.pdbqt
o1c2=[C]C(=[C][C]=c2c(=O)c2=[C]C(=[C][C]=c12)O)C(=O)O	PDBQT/dock_2700.pdbqt
o1c2c(c(=O)c3=C([C]=C([C]=c13)O[C])O[C])c(c(c(c2O[C])O[C])O[C])O[C]	PDBQT/dock_2701.pdbqt
o1c2c(c(=O)c3c1[C]=[C][C]=[C]3)C(=[C][C]=[C]2)S	PDBQT/dock_2702.pdbqt
o1c2c(c(=O)c3c1[C]=[C][C]=[C]3)[C]=C([C]=[C]2)S	PDBQT/dock_2703.pdbqt
o1c2c(c(=O)c3c1[C]=[C][C]=[C]3)[C]=[C]C(=[C]2)S	PDBQT/dock_2704.pdbqt
o1c2c(c(=O)c3c1[C]=[C][C]=[C]3)[C]=[C][C]=C2S	PDBQT/dock_2705.pdbqt
o1c2c(c(c(c(c2c(=O)c2=C([C]=[C]C(=c12)O[C])O[C])O)[C][C]=C([C])[C])O)[C][C]=C([C])[C]	PDBQT/dock_2706.pdbqt
o1c2c(C(=C(C(=[C]2)O)[C][C]=C([C])[C])O)c(=O)c2c1[C]=[C]C(=C2O)O	PDBQT/dock_2707.pdbqt
o1c2c(c(=O)c3c1[C]=[C]C(=[C]3)O[C][C][C])[C]=[C]C(=[C]2)c1n[nH]nn1	PDBQT/dock_2708.pdbqt
ClC1=[C][C]=c2c(=[C]1)oc1=C([C]=[C][C]=c1c2=O)[C]	PDBQT/dock_2709.pdbqt
N#C[C]C1=c2oc3c(c(=O)c2=[C][C]=[C]1)[C]=[C]C(=[C]3)Cl	PDBQT/dock_2710.pdbqt
ClC1=[C]c2oc3=C([C]=[C][C]=c3c(=O)c2[C]=[C]1)[C]C(=O)O	PDBQT/dock_2711.pdbqt
o1c2=[C]C(=[C][C]=c2c(=O)c2=[C][C]=[C][C]=c12)[C]C(=O)O	PDBQT/dock_2712.pdbqt
o1c2=C([C]=[C]C(=c2c(=O)c2=[C][C]=[C][C]=c12)[C])[C]C(=O)O	PDBQT/dock_2713.pdbqt
o1c2c(c(=O)c3c1[C]=[C][C]=[C]3)C(=[C][C]=C2[C]C(=O)O)O[C]	PDBQT/dock_2714.pdbqt
ClC1=[C][C]=C(c2oc3=[C][C]=[C][C]=c3c(=O)c12)[C]C(=O)O	PDBQT/dock_2715.pdbqt
o1c2c(c(=O)c3=[C][C]=[C][C]=c13)C(=[C][C]=C2[C]C(=O)O)O	PDBQT/dock_2716.pdbqt
o1c2c([C]=C([C]=C2[C]C(=O)O)[C])c(=O)c2=[C][C]=[C][C]=c12	PDBQT/dock_2717.pdbqt
o1c2=C([C]=C([C]=c2c(=O)c2c1[C]=[C][C]=[C]2)O[C])[C]C(=O)O	PDBQT/dock_2718.pdbqt
ClC1=[C]c2c(oc3=[C][C]=[C][C]=c3c2=O)C(=[C]1)[C]C(=O)O	PDBQT/dock_2719.pdbqt
o1c2c(c(=O)c3=[C][C]=[C][C]=c13)[C]=C([C]=C2[C]C(=O)O)O	PDBQT/dock_2720.pdbqt
o1c2=C(C(=[C][C]=c2c(=O)c2=[C][C]=[C][C]=c12)[C])[C]C(=O)O	PDBQT/dock_2721.pdbqt
o1c2=C(C(=[C][C]=c2c(=O)c2c1[C]=[C][C]=[C]2)O[C])[C]C(=O)O	PDBQT/dock_2722.pdbqt
ClC1=[C][C]=c2c(=C1[C]C(=O)O)oc1c(c2=O)[C]=[C][C]=[C]1	PDBQT/dock_2723.pdbqt
o1c2c(c(=O)c3=[C][C]=[C][C]=c13)[C]=[C]C(=C2[C]C(=O)O)O	PDBQT/dock_2724.pdbqt
o1c2c(c(=O)c3=[C][C]=[C]C(=c13)O[C])[C]=[C][C]=C2[C]C(=O)O	PDBQT/dock_2725.pdbqt
ClC1=[C][C]=[C]c2c1oc1=C([C]=[C][C]=c1c2=O)[C]C(=O)O	PDBQT/dock_2726.pdbqt
o1c2=C([C]=[C][C]=c2c(=O)c2c1C(=[C][C]=[C]2)O)[C]C(=O)O	PDBQT/dock_2727.pdbqt
o1c2=C([C]=[C][C]=c2c(=O)c2c1[C]=C([C]=[C]2)[C])[C]C(=O)O	PDBQT/dock_2728.pdbqt
o1c2c(c(=O)c3=[C][C]=C([C]=c13)O[C])[C]=[C][C]=C2[C]C(=O)O	PDBQT/dock_2729.pdbqt
o1c2=C([C]=[C][C]=c2c(=O)c2c1[C]=C([C]=[C]2)O)[C]C(=O)O	PDBQT/dock_2730.pdbqt
o1c2=C([C]=[C][C]=c2c(=O)c2c1[C]=[C]C(=[C]2)[C])[C]C(=O)O	PDBQT/dock_2731.pdbqt
o1c2c(c(=O)c3=[C]C(=[C][C]=c13)O[C])[C]=[C][C]=C2[C]C(=O)O	PDBQT/dock_2732.pdbqt
ClC1=[C]c2c(oc3=C([C]=[C][C]=c3c2=O)[C]C(=O)O)[C]=[C]1	PDBQT/dock_2733.pdbqt
o1c2c(c(=O)c3=[C]C(=[C][C]=c13)N(=O)=O)[C]=[C][C]=C2[C]C(=O)O	PDBQT/dock_2734.pdbqt
o1c2=C([C]=[C][C]=c2c(=O)c2c1[C]=[C]C(=[C]2)O)[C]C(=O)O	PDBQT/dock_2735.pdbqt
o1c2c(c(=O)c3=C([C]=[C][C]=c13)O[C])[C]=[C][C]=C2[C]C(=O)O	PDBQT/dock_2736.pdbqt
ClC1=[C][C]=[C]c2oc3=C([C]=[C][C]=c3c(=O)c12)[C]C(=O)O	PDBQT/dock_2737.pdbqt
o1c2c([C]=C([C]=C2[C][C]=[C])[C])c(=O)c2=[C][C]=[C][C]=c12	PDBQT/dock_2738.pdbqt
N#C[C]C1=[C][C]=c2c(=[C]1)oc1c(c2=O)[C]=[C][C]=[C]1	PDBQT/dock_2739.pdbqt
ClC1=c2c(=C([C]=[C]1)[C])oc1=[C][C]=[C][C]=c1c2=O	PDBQT/dock_2740.pdbqt
ClC1=c2c(=C([C]=[C]1)[C]Br)oc1c(c2=O)[C]=[C][C]=[C]1	PDBQT/dock_2741.pdbqt
N#C[C]C1=[C][C]=C(c2c1oc1=[C][C]=[C][C]=c1c2=O)Cl	PDBQT/dock_2742.pdbqt
o1c2c(c(=O)c3=[C][C]=[C][C]=c13)[C]=C([C]=C2[C][C]=[C])O[C]	PDBQT/dock_2743.pdbqt
ClC1=[C]c2c(oc3=[C][C]=[C][C]=c3c2=O)C(=[C]1)[C][C]=[C]	PDBQT/dock_2744.pdbqt
ClC1=[C][C]=c2c(=C1[C])oc1=[C][C]=[C][C]=c1c2=O	PDBQT/dock_2745.pdbqt
ClC1=C(c2oc3=[C][C]=[C][C]=c3c(=O)c2[C]=[C]1)[C]Br	PDBQT/dock_2746.pdbqt
N#C[C]C1=c2oc3=[C][C]=[C][C]=c3c(=O)c2=[C][C]=C1Cl	PDBQT/dock_2747.pdbqt
o1c2c(c(=O)c3c1C(=[C][C]=[C]3)O[C])[C]=[C][C]=C2[C]	PDBQT/dock_2748.pdbqt
o1c2=C([C]=[C][C]=c2c(=O)c2=[C][C]=[C]C(=c12)O[C])[C]Br	PDBQT/dock_2749.pdbqt
N#C[C]C1=c2oc3c(c(=O)c2=[C][C]=[C]1)[C]=[C][C]=C3O[C]	PDBQT/dock_2750.pdbqt
ClC1=c2oc3=C([C]=[C][C]=c3c(=O)c2=[C][C]=[C]1)[C]	PDBQT/dock_2751.pdbqt
ClC1=[C][C]=[C]c2c1oc1c(c2=O)[C]=[C][C]=C1[C]Br	PDBQT/dock_2752.pdbqt
N#C[C]C1=[C][C]=[C]c2c1oc1=C([C]=[C][C]=c1c2=O)Cl	PDBQT/dock_2753.pdbqt
o1c2=C([C]=[C][C]=c2c(=O)c2=[C][C]=[C]C(=c12)[C])[C]Br	PDBQT/dock_2754.pdbqt
N#C[C]C1=[C][C]=[C]c2c1oc1=C([C]=[C][C]=c1c2=O)[C]	PDBQT/dock_2755.pdbqt
o1c2=C([C]=[C][C]=c2c(=O)c2=[C][C]=C([C]=c12)O[C])[C]	PDBQT/dock_2756.pdbqt
o1c2=C([C]=[C][C]=c2c(=O)c2=[C]C(=[C][C]=c12)O[C])[C]	PDBQT/dock_2757.pdbqt
o1c2c(c(=O)c3c1[C]=[C]C(=[C]3)O[C])[C]=[C][C]=C2[C]Br	PDBQT/dock_2758.pdbqt
N#C[C]C1=[C][C]=[C]c2c1oc1=[C][C]=C([C]=c1c2=O)O[C]	PDBQT/dock_2759.pdbqt
ClC1=[C][C]=c2oc3=C([C]=[C][C]=c3c(=O)c2=[C]1)[C]	PDBQT/dock_2760.pdbqt
ClC1=[C][C]=c2oc3=C([C]=[C][C]=c3c(=O)c2=[C]1)[C]Br	PDBQT/dock_2761.pdbqt
N#C[C]C1=c2oc3c(c(=O)c2=[C][C]=[C]1)[C]=C(Cl)[C]=[C]3	PDBQT/dock_2762.pdbqt
ClC1=C(c2c(oc3c(c2=O)C(=C(Cl)C(=[C]3)O[C])O[C])[C]=C1O[C])[C]	PDBQT/dock_2763.pdbqt
O1[C]([C]([C]([C]([C]1OC1=[C][C]=C(c2c1c(=O)c1=C([C]=C([C]=c1o2)O[C])O)O)O)O)O)[C]O[C]1O[C][C]([C]([C]1O)O)O	PDBQT/dock_2764.pdbqt
o1c2=C([C]=C([C]=c2c(=O)c2=[C]C(=[C][C]=c12)O)O)O	PDBQT/dock_2765.pdbqt
o1c2=C([C]=[C]C(=c2c(=O)c2=[C]C(=[C][C]=c12)O)O)O	PDBQT/dock_2766.pdbqt
o1c2=[C]C(=C([C]=c2c(=O)c2=[C]C(=[C][C]=c12)O)O)O	PDBQT/dock_2767.pdbqt
o1c2=[C]C(=C(C(=c2c(=O)c2c1[C]=[C]C(=[C]2)O)O)O)O	PDBQT/dock_2768.pdbqt
o1c2=C(C(=[C]C(=c2c(=O)c2=[C]C(=[C][C]=c12)O)O)O)O	PDBQT/dock_2769.pdbqt
o1c2=C(C(=C([C]=c2c(=O)c2=[C]C(=[C][C]=c12)O)O)O)O	PDBQT/dock_2770.pdbqt
o1c2c(c(=O)c3=[C]C(=[C][C]=c13)O)c(c(c(c2O)O)O)O	PDBQT/dock_2771.pdbqt
o1c2=C([C]=[C][C]=c2c(=O)c2=[C]C(=[C][C]=c12)O[C])O[C]	PDBQT/dock_2772.pdbqt
o1c2=[C]C(=C([C]=c2c(=O)c2=[C]C(=[C][C]=c12)O[C])O[C])O[C]	PDBQT/dock_2773.pdbqt
o1c2=C(C(=[C]C(=c2c(=O)c2=[C]C(=[C][C]=c12)O[C])O[C])O[C])O[C]	PDBQT/dock_2774.pdbqt
o1c2c(c(c(c(c2O[C])O[C])O[C])O[C])c(=O)c2c1[C]=[C]C(=[C]2)O[C]	PDBQT/dock_2775.pdbqt
o1c2=C([C]=C([C]=c2c(=O)c2=[C]C(=[C][C]=c12)C(=O)O)S[C])O[C][C][C][C][C][C][C][C]	PDBQT/dock_2776.pdbqt
o1c2=[C][C]=C([C]=c2c(=O)c2c1[C]=[C][C]=[C]2)[C]N[C][C][C]N1[C][C]O[C][C]1	PDBQT/dock_2777.pdbqt
o1c2=[C]C(=[C]C(=c2c(=O)c2=C([C]=C([C]=c12)O[C])O)O[C])O[C]	PDBQT/dock_2778.pdbqt
o1c2=[C]C(=[C]C(=c2c(=O)c2c1C(=[C][C]=C2O[C])O)O[C]1O[C]([C]([C]([C]1O)O)O)[C]O)O	PDBQT/dock_2779.pdbqt
O1[C]([C]([C]([C]([C]1OC1=[C]C(=[C]c2c1c(=O)c1=C([C]=C([C]=c1o2)O[C])O[C])O[C])O)O)O)[C]O[C]1O[C][C]([C]([C]1O)O)O	PDBQT/dock_2780.pdbqt
o1c2=[C]C(=[C]C(=c2c(=O)c2=C([C]=C([C]=c12)O[C])O[C])O[C])O[C]	PDBQT/dock_2781.pdbqt
O1[C](C(C2=C1[C]=c1oc3=C(C(=[C][C]=c3c(=O)c1=C2O[C])O)O)([C])[C])[C]	PDBQT/dock_2782.pdbqt
O1C([C]=[C]C2=c3c(=[C][C]=C12)oc1=C([C]=[C][C]=c1c3=O)O)([C])[C]	PDBQT/dock_2783.pdbqt
o1c2=[C][C]=C(C(=c2c(=O)c2=[C][C]=[C][C]=c12)O)C(=O)[C]	PDBQT/dock_2784.pdbqt
FC1=c2c(=[C][C]=[C]1)oc1=C([C]=[C][C]=c1c2=O)O[C]	PDBQT/dock_2785.pdbqt
o1c2=[C][C]=[C]C(=c2c(=O)c2=[C][C]=[C]C(=c12)O[C])[C]	PDBQT/dock_2786.pdbqt
ClC1=c2c(=[C][C]=[C]1)oc1=C([C]=[C][C]=c1c2=O)O[C]	PDBQT/dock_2787.pdbqt
o1c2=[C][C]=C([C]=c2c(=O)c2=[C][C]=[C][C]=c12)[C]=O	PDBQT/dock_2788.pdbqt
o1c2c(c(=O)c3c1[C]=[C][C]=[C]3)[C]=[C][C]=C2[C]=O	PDBQT/dock_2789.pdbqt
o1c2c(c(=O)c3c1[C]=[C][C]=[C]3)C(=[C][C]=[C]2)[C]=O	PDBQT/dock_2790.pdbqt
N1[C](C(=C(C(=C1[C])C(=O)O[C])C1=c2oc3=[C][C]=[C][C]=c3c(=O)c2=[C][C]=[C]1)C(=O)O[C])[C]	PDBQT/dock_2791.pdbqt
N1[C](C(=C(C(=C1[C])C(=O)O[C][C])C1=c2oc3=[C][C]=[C][C]=c3c(=O)c2=[C][C]=[C]1)C(=O)O[C][C])[C]	PDBQT/dock_2792.pdbqt
N1[C](C(=C(C(=C1[C])C(=O)O[C])C1=c2oc3=[C][C]=[C][C]=c3c(=O)c2=[C][C]=[C]1)C(=O)O[C][C])[C]	PDBQT/dock_2793.pdbqt
o1c2=C([C]=C(C(=c2c(=O)c2=C([C]=C([C]=c12)O[C])O)O)C(=O)O)O[C]	PDBQT/dock_2794.pdbqt
o1c2-c3c4c(oc3[C]=[C]c2c(=O)c2=C([C]=C([C]=c12)O[C])O[C])[C]=[C][C]=[C]4	PDBQT/dock_2795.pdbqt
o1c2c(c(=O)c3c1[C]=C([C]=[C]3)C#N)[C]=C([C]=[C]2)S[C]	PDBQT/dock_2796.pdbqt
o1c2c(c(=O)c3c1C(=[C][C]=[C]3)C(F)(F)F)[C]=[C][C]=C2[C]C(=O)O	PDBQT/dock_2797.pdbqt
BrC1=c2oc3c(c(=O)c2=[C][C]=[C]1)[C]=[C][C]=C3[C]C(=O)O	PDBQT/dock_2798.pdbqt
o1c2c(c(=O)c3c1C(=[C][C]=[C]3)[C]C(=O)O)[C]=[C][C]=C2[C][C]	PDBQT/dock_2799.pdbqt
FC1=c2oc3=C([C]=[C][C]=c3c(=O)c2=[C][C]=[C]1)[C]	PDBQT/dock_2800.pdbqt
o1c2=C([C]=[C][C]=c2c(=O)c2=[C][C]=[C]C(=c12)S[C])[C]	PDBQT/dock_2801.pdbqt
o1c2c(c(=O)c3=[C][C]=[C]C(=c13)[C])[C]=[C][C]=C2C1=[C][C]=[C][C]=[C]1	PDBQT/dock_2802.pdbqt
o1c2=C(C3=[C][C]=[C][C]=[C]3)[C]=[C][C]=c2c(=O)c2=[C][C]=[C]C(=c12)[C]Br	PDBQT/dock_2803.pdbqt
o1c2c(c(=O)c3c1C(=[C][C]=[C]3)[C])[C]=[C][C]=C2[C]	PDBQT/dock_2804.pdbqt
o1c2=C([C]=[C][C]=c2c(=O)c2=[C][C]=[C]C(=c12)[C]Br)[C]Br	PDBQT/dock_2805.pdbqt
N#C[C]C1=[C][C]=[C]c2c1oc1c(c2=O)[C]=[C][C]=C1C1=[C][C]=[C][C]=[C]1	PDBQT/dock_2806.pdbqt
FC1=c2oc3c(c(=O)c2=[C][C]=[C]1)[C]=[C][C]=C3[C]C(=O)O	PDBQT/dock_2807.pdbqt
o1c2c(c(=O)c3c1C(=[C][C]=[C]3)[C]C(=O)O)[C]=[C][C]=C2C1=[C][C]=[C][C]=[C]1	PDBQT/dock_2808.pdbqt
o1c2c(c(=O)c3=[C][C]=[C]C(=c13)N)[C]=[C][C]=C2[C]C(=O)O	PDBQT/dock_2809.pdbqt
o1c2c(c(=O)c3=[C][C]=[C]C(=c13)NC(=O)[C])[C]=[C][C]=C2[C]C(=O)O	PDBQT/dock_2810.pdbqt
N#C[C]C1=c2oc3=C([C]=[C][C]=c3c(=O)c2=[C][C]=[C]1)[C]C#N	PDBQT/dock_2811.pdbqt
o1c2c(c(=O)c3c1C(=[C][C]=[C]3)[C]C(=O)O)[C]=[C][C]=C2[C]C(=O)O	PDBQT/dock_2812.pdbqt
o1c2c(c(=O)c3=[C][C]=[C]C(=c13)O[C][C])[C]=[C][C]=C2[C]C(=O)O	PDBQT/dock_2813.pdbqt
o1c2c(c(=O)c3c1C(=[C][C]=[C]3)O[C][C][C])[C]=[C][C]=C2[C]C(=O)O	PDBQT/dock_2814.pdbqt
o1c2c(c(=O)c3c1C(=[C][C]=[C]3)O[C][C][C][C])[C]=[C][C]=C2[C]C(=O)O	PDBQT/dock_2815.pdbqt
o1c2c(c(=O)c3c1[C]=C(C(=[C]3)O[C])O[C])C(=[C][C]=C2O[C])[C]	PDBQT/dock_2816.pdbqt
o1c2c(c(=O)c3=C([C]=[C][C]=c13)O[C])C(=[C][C]=[C]2)O[C]	PDBQT/dock_2817.pdbqt
o1c2=[C]C(=C(C(=c2c(=O)c2=[C][C]=[C]C(=c12)O[C])O[C])O[C])O[C]	PDBQT/dock_2818.pdbqt
o1c2c(c(=O)c3c1[C]=[C][C]=C3O)C(=C(C(=[C]2)O)O[C])O[C]	PDBQT/dock_2819.pdbqt
o1c2c(c(c(c(c2O)O)[C][C]=C([C])[C])[C][C]=C([C])[C])c(=O)c2c1c(c(c(c2O)O)O[C])[C][C]=C([C])[C]	PDBQT/dock_2820.pdbqt
Clc1c2oc3=[C]C(=C(Cl)C(=c3c(=O)c2c(c(Cl)c1O)[C])O)O	PDBQT/dock_2821.pdbqt
ClC1=C([C]=c2oc3=[C][C]=[C][C]=c3c(=O)c2=[C]1)O[C]	PDBQT/dock_2822.pdbqt
FC1=[C][C]=[C]c2oc3c(c(=O)c12)[C]=[C]C(=[C]3)O[C]	PDBQT/dock_2823.pdbqt
ClC1=C([C]=[C]c2c1oc1c(c2=O)C(=[C][C]=[C]1)F)O[C]	PDBQT/dock_2824.pdbqt
ClC1=C([C]=c2oc3=[C][C]=[C]C(=c3c(=O)c2=[C]1)F)O[C]	PDBQT/dock_2825.pdbqt
FC1=[C][C]=[C]c2oc3=C(C(=[C][C]=c3c(=O)c12)O[C])[C]	PDBQT/dock_2826.pdbqt
ClC1=C([C]=[C]c2c1oc1c(c2=O)C(=[C][C]=[C]1)Cl)O[C]	PDBQT/dock_2827.pdbqt
ClC1=C([C]=[C]c2c1oc1c(c2=O)[C]=C(Cl)[C]=[C]1)O[C]	PDBQT/dock_2828.pdbqt
ClC1=C([C]=[C]c2c1oc1c(c2=O)[C]=[C]C(=[C]1)Cl)O[C]	PDBQT/dock_2829.pdbqt
ClC1=C([C]=[C]c2c1oc1c(c2=O)[C]=[C][C]=C1Cl)O[C]	PDBQT/dock_2830.pdbqt
ClC1=c2c(=[C]C(=C1Cl)O[C])oc1=[C][C]=[C][C]=c1c2=O	PDBQT/dock_2831.pdbqt
ClC1=C(C(=[C]c2c1oc1c(c2=O)[C]=[C][C]=[C]1)Cl)O[C]	PDBQT/dock_2832.pdbqt
o1c2=[C]C(=[C]C(=c2c(=O)c2=[C][C]=[C][C]=c12)[C])O[C]	PDBQT/dock_2833.pdbqt
o1c2c(c(=O)c3c1[C]=[C][C]=[C]3)[C]=C(C(=[C]2)O[C])[C]	PDBQT/dock_2834.pdbqt
o1c2=C(C(=[C][C]=c2c(=O)c2c1[C]=[C][C]=[C]2)O[C])[C]	PDBQT/dock_2835.pdbqt
ClC1=c2oc3=[C][C]=[C][C]=c3c(=O)c2=[C]C(=C1O)Cl	PDBQT/dock_2836.pdbqt
ClC1=C([C]=c2oc3=[C][C]=[C][C]=c3c(=O)c2=[C]1)O	PDBQT/dock_2837.pdbqt
o1c2c(c(=O)c3c1[C]=[C][C]=[C]3)[C]=[C]C(=[C]2)O[C]C(=O)O	PDBQT/dock_2838.pdbqt
ClC1=C2O[C]([C]C2=c2oc3=[C][C]=[C][C]=c3c(=O)c2=[C]1)[C]O	PDBQT/dock_2839.pdbqt
ClC1=C([C]=C(c2c1oc1c(c2=O)c(c(Cl)c(c1Cl)O)O)[C])O[C]	PDBQT/dock_2840.pdbqt
Clc1c2oc3c(c(=O)c2c(c(Cl)c1O)[C])C(=[C]C(=[C]3)O[C])O	PDBQT/dock_2841.pdbqt
Clc1c2oc3=[C]C(=C(Cl)C(=c3c(=O)c2c(c(Cl)c1O)[C])O)O[C]	PDBQT/dock_2842.pdbqt
o1c2C(=[C]C(=[C]c2c(=O)c2c1[C]=[C][C]=[C]2)[C][C])[C][C]	PDBQT/dock_2843.pdbqt
ClC1=c2oc3=C(C(=[C]C(=c3c(=O)c2=C(C(=[C]1)Cl)O)O)[C])O	PDBQT/dock_2844.pdbqt
o1c2c(c(=O)c3=[C][C]=[C][C]=c13)[C]=[C][C]=C2S[C]([C])[C]	PDBQT/dock_2845.pdbqt
O([C][C](O)[C]N[C]1[C][C]C2=C([C]1)[C]=[C][C]=[C]2)C1=[C]c2oc3=[C][C]=[C]C(=c3c(=O)c2[C]=[C]1)O	PDBQT/dock_2846.pdbqt
[C](OC1=[C][C]=[C]c2c1oc1c(c2=O)[C]=[C][C]=[C]1)[C](O)[C]N[C]1[C][C]C2=[C][C]=[C][C]=C2[C]1	PDBQT/dock_2847.pdbqt
o1c2=C([C]=[C][C]=c2c(=O)c2=[C][C]=[C][C]=c12)N	PDBQT/dock_2848.pdbqt
o1c2c(c(=O)c3=[C]C(=[C][C]=c13)N)[C]=C([C]=[C]2)N(=O)=O	PDBQT/dock_2849.pdbqt
o1c2=[C]C(=C(C(=c2c(=O)c2=C([C]=[C][C]=c12)O)O[C])O[C])O[C]	PDBQT/dock_2850.pdbqt
o1c2=[C]C(=C(C(=c2c(=O)c2=C([C]=[C][C]=c12)O)O)O[C])O[C]	PDBQT/dock_2851.pdbqt
o1c2=[C]C(=C(C(=c2c(=O)c2c1[C]=[C][C]=C2O[C])O)O[C])O	PDBQT/dock_2852.pdbqt
O1[C]2OC3=[C]C(=c4c(=C3[C]2[C][C]1)oc1=C([C]=[C]C(=c1c4=O)O[C])O)O[C]	PDBQT/dock_2853.pdbqt
ClC1=C([C]=c2oc3=[C]C(=C(C(=c3c(=O)c2=C1[C])O)C(=O)O[C]C1=[C][C]=[C][C]=[C]1)O)O[C]C1=[C][C]=[C][C]=[C]1	PDBQT/dock_2854.pdbqt
ClC1=C(c2c(oc3c(c2=O)c(c(c(c3Cl)O)C(=O)O[C]C2=[C][C]=[C][C]=[C]2)O)[C]=C1O[C]C1=[C][C]=[C][C]=[C]1)[C]	PDBQT/dock_2855.pdbqt
ClC1=C(c2c(oc3c(c2=O)C(=[C]C(=[C]3)O)O)[C]=C1O[C]C1=[C][C]=[C][C]=[C]1)[C]	PDBQT/dock_2856.pdbqt
ClC1=C([C]=c2oc3=C(Cl)C(=[C]C(=c3c(=O)c2=C1[C])O)O)O	PDBQT/dock_2857.pdbqt
ClC1=C([C]=c2oc3=[C]C(=C(Cl)C(=c3c(=O)c2=C1[C])O)O)O	PDBQT/dock_2858.pdbqt
Clc1c2oc3c(c(=O)c2c(c(Cl)c1O)[C])C(=[C]C(=C3Cl)O[C])O	PDBQT/dock_2859.pdbqt
Clc1c2oc3=C(Cl)C(=[C]C(=c3c(=O)c2c(c(Cl)c1O)[C])O)O	PDBQT/dock_2860.pdbqt
O1C([C]=[C]C2=C1[C]=[C]c1oc3=[C]C(=[C][C]=c3c(=O)c21)O)([C])[C]	PDBQT/dock_2861.pdbqt
o1c2=[C][C]=[C]C(=c2c(=O)c2=[C][C]=[C][C]=c12)O[C][C]N([C][C])[C][C]	PDBQT/dock_2862.pdbqt
o1c2=C(C(=C([C]=c2c(=O)c2=[C][C]=C([C]=c12)O[C])O[C])O[C])O	PDBQT/dock_2863.pdbqt
o1c2=C(C(=C([C]=c2c(=O)c2c1[C]=C([C]=[C]2)O[C])O)O[C])O	PDBQT/dock_2864.pdbqt
o1c2c(c(=O)c3c1[C]=C([C]=[C]3)O)[C]=C(C(=[C]2)O)O[C]	PDBQT/dock_2865.pdbqt
O1[C]([C](OC2=C([C]=c3c(=C12)oc1=[C]C(=[C][C]=c1c3=O)O[C])O[C])C1=[C]C(=C([C]=[C]1)O)O[C])[C]O	PDBQT/dock_2866.pdbqt
o1c2=C([C]=[C]C(=c2c(=O)c2=[C][C]=[C][C]=c12)[C]N1[C]=[C]N=[C]1)O	PDBQT/dock_2867.pdbqt
o1c2c(c(c(c(c2c(=O)c2=C([C]=[C]C(=c12)O[C])O)O)[C][C]=C([C])[C])O[C])[C][C]=C([C])[C]	PDBQT/dock_2868.pdbqt
ClC1=[C]c2oc3c(c(=O)c2[C]=[C]1)[C]=[C]C(=[C]3)O[C][C][C][C]C(F)(F)F	PDBQT/dock_2869.pdbqt
o1c2=[C][C]=[C]C(=c2c(=O)c2=[C][C]=[C][C]=c12)C1=N[C]=[C][C]=[C]1	PDBQT/dock_2870.pdbqt
o1c2=C(C(=[C]C(=c2c(=O)c2=C(C(=[C][C]=c12)O[C])O)O)O)O[C]	PDBQT/dock_2871.pdbqt
o1c2=C(C3=C(O[C]O3)[C]=c2c(=O)c2=[C][C]=[C][C]=c12)O	PDBQT/dock_2872.pdbqt
O1[C]([C](OC2=C([C]=c3c(=C12)oc1=[C][C]=[C]C(=c1c3=O)O)O[C])C1=[C]C(=C([C]=[C]1)O[C])O)[C]O	PDBQT/dock_2873.pdbqt
O1C([C]=[C]C2=C1C(=[C]c1oc3c(c(=O)c21)c(c1c(OC([C]=[C]1)([C])[C])c3O)O)O)([C])[C]	PDBQT/dock_2874.pdbqt
O1C([C][C]C2=C1[C]=c1oc3c(c(=O)c1=C2O)[C]=C1C(=C3O)OC([C]=[C]1)([C])[C])([C])[C]	PDBQT/dock_2875.pdbqt
o1c2c(C(=[C]C(=[C]2)O[C])O[C]2O[C]([C]([C]([C]2O)O)O)[C]O)c(=O)c2=C(C(=[C][C]=c12)O[C])O	PDBQT/dock_2876.pdbqt
o1c2c(c(=O)c3c1[C]=C([C]=C3O[C])O[C])C(=[C]C(=C2O[C])O)O	PDBQT/dock_2877.pdbqt
O1[C]([C]([C]([C]([C]1OC1=[C][C]=c2c(=[C]1)c(=O)c1=C([C]=[C][C]=c1o2)O)O)O)O)[C]O[C]1O[C][C@]([C]1O)(O)[C]O	PDBQT/dock_2878.pdbqt
O1[C](C(C2=C1[C]=c1oc3c(c(=O)c1=C2O)C(=[C]C(=C3O)O)[C][C]=C([C])[C])([C])[C])[C]	PDBQT/dock_2879.pdbqt
o1c2[C]=C(C(=C(c2c(=O)c2c1[C]=[C]C(=[C]2)O[C])O)O[C])O[C]1O[C]([C]([C]([C]1O)O)O)[C]O	PDBQT/dock_2880.pdbqt
O1[C@]2(OC3=C([C]1[C][C][C]2)C(=c1c(=[C]3)oc2c(c1=O)C(=[C][C]=[C]2)O[C])O)[C]	PDBQT/dock_2881.pdbqt
O1[C]2O[C]=[C][C@@]2(C2=C1[C]=c1oc3=C([C]=[C]C(=c3c(=O)c1=C2O)O)[C][C]C([C])([C])O)O	PDBQT/dock_2882.pdbqt
O1[C]2O[C]=[C][C]2C2=C(c3c(oc4C(=[C][C]=C(c4c3=O)O)[C][C]C([C])([C])O)[C]=C12)O[C]	PDBQT/dock_2883.pdbqt
o1c2=[C]C(=C(C(=c2c(=O)c2=C(C(=C([C]=c12)O[C]C(=O)N[C]([C][C][C][N]C(=[NH2])N)C(=O)O[C])[C][C]=C([C])[C])O)[C][C]=C([C])[C])O[C])O[C]C(=O)N[C]([C][C][C][N]C(=[NH2])N)C(=O)O[C]	PDBQT/dock_2884.pdbqt
o1c2=C(C(=[C]C(=c2c(=O)c2=C(C(=C([C]=c12)O)O[C])O)[C])O)O[C]	PDBQT/dock_2885.pdbqt
o1c2c(c3[C]4[C](C([C]C(=[C]4)[C])([C])[C])[C](c3c(c2O)O)C2=c3c(=C(C(=[C]2)O)O)oc2c(c3=O)C(=[C]C(=[C]2)O)O)c(=O)c2c1[C]=C([C]=C2O)O	PDBQT/dock_2886.pdbqt
FC1=C([C]=c2oc3c([C]=C([C]=[C]3)C3=[C]N=C(N3)[C]3N([C][C][C]3)C(=O)[C](NC(=O)O[C]3[C][C]O[C][C]3)C3=[C][C]=[C][C]=[C]3)c(=O)c2=[C]1)C1=[C]N=C(N1)[C][C][C][C]NC(=O)[C](NC(=O)O[C]1[C][C]O[C][C]1)C1=[C][C]=[C][C]=[C]1	PDBQT/dock_2887.pdbqt
o1c2c(C(=[C][C]=[C]2)C2=[C][C]=[C][C]=[C]2)c(=O)c2c1[C]=[C][C]=[C]2	PDBQT/dock_2888.pdbqt
FC1=C([C]=c2oc3c([C]=C([C]=[C]3)C3=[C]N=C(N3)[C]3N([C][C][C]3)[C][C@](NC(=O)O[C])([C]([C])[C])[C]=O)c(=O)c2=[C]1)C1=[C]N=C(N1)[C][C][C][C]NC(=O)[C](NC(=O)O[C])[C]([C])[C]	PDBQT/dock_2889.pdbqt
o1c2=C(C(=[C]C(=c2c(=O)c2c1[C]=[C]C(=[C]2)O)O[C])O)[C][C]=C([C])[C]	PDBQT/dock_2890.pdbqt
o1c2=[C]C(=C(C(=c2c(=O)c2c1[C]=C(C(=[C]2)O)O)O)C([C])([C])[C]=[C])O[C]	PDBQT/dock_2891.pdbqt
[C](C#[C])OC1=C(c2c(oc3c(c2=O)C(=C(C(=[C]3)O)[C][C]=C([C])[C])O)[C]=C1O)[C][C]=C([C])[C]	PDBQT/dock_2892.pdbqt
Clc1c2oc3=[C]C(=C(C(=c3c(=O)c2c(c(c1O)[C][C][C]([C])[C])O)[C][C][C]([C])[C])O[C])O	PDBQT/dock_2893.pdbqt
o1c2=[C][C]=C(C(=c2c(=O)c2=C(C(=[C][C]=c12)[C][C][C]([C])[C])O)[C][C][C]([C])[C])O[C]	PDBQT/dock_2894.pdbqt
o1c2=[C][C]=C(C(=c2c(=O)c2=C(C(=C([C]=c12)O)[C][C][C]([C])[C])O)[C][C][C]([C])[C])O[C]	PDBQT/dock_2895.pdbqt
o1c2=[C]C(=C(C(=c2c(=O)c2=C(C(=C([C]=c12)O[C][C]=[C])[C][C]=C([C])[C])O[C])[C][C]=C([C])[C])O[C])O[C][C]=[C]	PDBQT/dock_2896.pdbqt
o1c2c(C(=C(C(=[C]2)O[C][C]=[C])O[C])[C][C]=C([C])[C])c(=O)c2c1[C]=C(C(=C2O)[C][C]=C([C])[C])O[C]	PDBQT/dock_2897.pdbqt
o1c2=[C][C]=C([C]=c2c(=O)c2=[C]C(=[C][C]=c12)C(=O)O)O[C][C](O)[C]O[C]C(F)(F)F	PDBQT/dock_2898.pdbqt
o1c2=[C][C]=C([C]=c2c(=O)c2=[C]C(=[C][C]=c12)C(=O)O)O[C][C](O)[C]SC1=[C][C]=C(F)[C]=[C]1	PDBQT/dock_2899.pdbqt
o1c2=[C][C]=C([C]=c2c(=O)c2=[C]C(=[C][C]=c12)C(=O)O)O[C][C]O	PDBQT/dock_2900.pdbqt
o1c2=[C][C]=C([C]=c2c(=O)c2c1[C]=[C][C]=[C]2)N1[C][C]2[C]([C]1)[C]N([C]2)[C]	PDBQT/dock_2901.pdbqt
o1c2[C@@]34[C]5C(=C([C]([C@@](C(=C(c2c(=O)c2=[C]C(=C([C]=c12)O)O)O)[C]1O[C]([C]([C]([C]1O)O)O)[C]O)([C@@]13[C@@]45OC2=C(C1=O)[C]=C(C(=[C]2)O)O)O)O)[C]1O[C]([C]([C]([C]1O)O)O)[C]O)O	PDBQT/dock_2902.pdbqt
o1c2=[C][C]=C([C]=c2c(=O)c2=[C][C]=[C][C]=c12)[S@]([O])([C])[NH]	PDBQT/dock_2903.pdbqt
[C](O)([C]N1[C]([C]N[C][C]1)[C]C1=[C][C]=[C][C]=[C]1)[C]OC1=c2oc3=[C]C(=[C][C]=c3c(=O)c2=[C][C]=[C]1)Cl	PDBQT/dock_2904.pdbqt
[C](O)([C]N1[C][C]N([C][C]1)[C]/[C]=[C]/C1=[C][C]=[C][C]=[C]1)[C]OC1=[C][C]=[C]c2c1oc1c(c2=O)[C]=[C]C(=[C]1)Cl	PDBQT/dock_2905.pdbqt
ClC1=[C][C]=c2c(=O)c3=[C][C]=[C]C(=c3oc2=[C]1)[C]N1[C][C]N([C][C]1)[C][C]O	PDBQT/dock_2906.pdbqt
[C](O)([C]N1[C][C]N([C][C]1)[C][C]OC1=[C][C]=[C][C]=[C]1)[C]OC1=[C][C]=[C]c2c1oc1c(c2=O)[C]=[C]C(=[C]1)Cl	PDBQT/dock_2907.pdbqt
ClC1=[C][C]=c2c(=O)c3=[C][C]=[C]C(=c3oc2=[C]1)[C]N1[C][C]N([C][C]1)[C]	PDBQT/dock_2908.pdbqt
BrC1=[C]c2c(=O)c3=[C]C(=[C][C]=c3oc2[C]=[C]1)C([C])([C])[C]	PDBQT/dock_2909.pdbqt
IC1=[C]c2c(oc3c(c2=O)[C]=C(Br)[C]=[C]3)C(=[C]1)F	PDBQT/dock_2910.pdbqt
O(C(=O)[C]([C])[C][C][C]NC(=O)O[C]C1=[C][C]=[C][C]=[C]1)[C]C(=O)C1=[C]c2c(oc3c(c2=O)[C]=C(F)C(=[C]3)Br)[C]=[C]1	PDBQT/dock_2911.pdbqt
FC1=C([C]=c2oc3c([C]=C([C]=[C]3)C3=[C]N=C(N3)[C]3N([C][C][C]3)C(=O)[C](NC(=O)O[C])/C(=[C]\[C])/[C]/[C]=[C]\[C])c(=O)c2=[C]1)C1=[C]N=C(N1)[C]1N([C][C][C]1)C(=O)[C](NC(=O)O[C])C1=[C][C]=[C][C]=[C]1	PDBQT/dock_2912.pdbqt
FC1=C([C]=c2oc3c([C]=C([C]=[C]3)C3=N[C]=C(N3)[C]3[C][C][C][C]3)c(=O)c2=[C]1)C1=[C]N=C(N1)[C]1N([C][C][C]1)C(=O)[C](NC(=O)O[C])[C]([C])[C]	PDBQT/dock_2913.pdbqt
FC1=[C]c2c(oc3=[C][C]=C([C]=c3c2=O)C2=N[C]=C(N2)[C]2[C][C][C][C]2)[C]=C1C1=[C]N=C(N1)[C]1N([C][C][C]1)C(=O)OC([C])([C])[C]	PDBQT/dock_2914.pdbqt
BrC1=[C]c2oc3=[C][C]=C([C]=c3c(=O)c2[C]=C1F)C1=N[C]=C(N1)[C]1[C][C][C][C]1	PDBQT/dock_2915.pdbqt
FC1=c2oc3=C(F)C(=[C][C]=c3c(=O)c2=[C][C]=C1O)O	PDBQT/dock_2916.pdbqt
ClC1=C(C(=[C]c2c1oc1c(c2=O)[C]=[C][C]=[C]1)Cl)OS([O])([O])C(F)(F)F	PDBQT/dock_2917.pdbqt
O1C([C][C]C2=C(c3c(oc4=[C]C(=C(C(=c4c3=O)[C][C]C(Br)([C])[C])O[C])O)[C]=C12)O)([C])[C]	PDBQT/dock_2918.pdbqt
o1c2=[C]C(=C(C(=c2c(=O)c2=C(C(=C([C]=c12)O[C][C][C][C][C][C][C][C][C][C][C][C]N([C][C])[C][C])[C][C]=C([C])[C])O)[C][C]=C([C])[C])O[C])O[C][C][C][C][C][C][C][C][C][C][C][C]N([C][C])[C][C]	PDBQT/dock_2919.pdbqt
o1c2=[C]C(=C(C(=c2c(=O)c2=C(C(=C([C]=c12)O[C][C][C][C][C][C][C][C][C][C]N([C][C])[C][C])[C][C]=C([C])[C])O)[C][C]=C([C])[C])O[C])O[C][C][C][C][C][C][C][C][C][C]N([C][C])[C][C]	PDBQT/dock_2920.pdbqt
o1c2=[C]C(=C(C(=c2c(=O)c2=C(C(=C([C]=c12)O[C][C][C][C]N1[C][C]N([C][C]1)[C][C]N([C])[C])[C][C]=C([C])[C])O)[C][C]=C([C])[C])O[C])O[C][C][C][C]N1[C][C]N([C][C]1)[C][C]N([C])[C]	PDBQT/dock_2921.pdbqt
o1c2=[C]C(=C(C(=c2c(=O)c2=C(C(=C([C]=c12)O[C][C][C][C]N([C])[C])[C][C]=C([C])[C])O)[C][C]=C([C])[C])O[C])O[C][C][C][C]N([C])[C]	PDBQT/dock_2922.pdbqt
o1c2=C(C(=C([C]=c2c(=O)c2c1[C]=[C][C]=[C]2)[C])OS([O])([O])C(F)(F)F)[C]	PDBQT/dock_2923.pdbqt
FC1=[C]c2oc3=[C]C(=[C]C(=c3c(=O)c2[C]=[C]1)OP(=O)(O[C][C][C][C])O[C][C][C][C])N1[C][C]O[C][C]1	PDBQT/dock_2924.pdbqt
FC1=C([C]=c2oc3c([C]=C([C]=[C]3)[C]3N[C]([N][C]3)[C]3N([C][C][C]3)C(=O)[C](NC(=O)O[C])[C]([C])[C])c(=O)c2=[C]1)[C]1NC(=N[C]1)[C][C][C][C]NC(=O)[C](NC(=O)O[C])[C]([C])[C]	PDBQT/dock_2925.pdbqt
FC1=C([C]=c2oc3c([C]=C([C]=[C]3)[C]3N[C]([N][C]3)[C]3N([C][C][C]3)C(=O)[C](NC(=O)O[C])[C]3[C][C]O[C][C]3)c(=O)c2=[C]1)[C]1NC(=N[C]1)[C][C][C][C]NC(=O)[C](NC(=O)O[C])[C]([C])[C]	PDBQT/dock_2926.pdbqt
FC1=C([C]=c2oc3c([C]=C([C]=[C]3)[C]3NC(=N[C]3)[C]3N([C][C][C]3)C(=O)[C](NC(=O)O[C])C3=[C][C]=[C][C]=[C]3)c(=O)c2=[C]1)[C]1NC(=N[C]1)[C][C][C][C]NC(=O)[C](N[C]=O)[C]([C])[C]	PDBQT/dock_2927.pdbqt
BrC1=C(F)[C]=c2c(=[C]1)oc1c(c2=O)[C]=C([C]=[C]1)C(=O)[C]Br	PDBQT/dock_2928.pdbqt
Fc1c2oc3c(c(=O)c2c(F)c(F)c1[C]O)c(F)c(F)c(c3F)O	PDBQT/dock_2929.pdbqt
FC1=C([C]=c2oc3c([C]=C([C]=[C]3)C3=[C]N=C(N3)[C]3N([C][C][C]3)C(=O)[C](NC(=O)O[C]3[C][C]O[C][C]3)C3=[C][C]=[C][C]=[C]3)c(=O)c2=[C]1)C1=[C]N=C(N1)[C]1N([C][C][C]1)C(=O)[C](NC(=O)O[C]1[C][C]O[C][C]1)C1=[C][C]=[C][C]=[C]1	PDBQT/dock_2930.pdbqt
o1c2c(c(=O)c3c1[C]=[C][C]=[C]3)[C]=[C]C(=[C]2)OS([O])([O])C(F)(F)F	PDBQT/dock_2931.pdbqt
o1c2c(C(=[C][C]=[C]2)O[C][C]2O[C]2)c(=O)c2=[C][C]=[C][C]=c12	PDBQT/dock_2932.pdbqt
FC1=[C][C]=c2oc3=[C][C]=C(F)[C]=c3c(=O)c2=C1N(N)C1=[C][C]=C([C]=C1N(=O)=O)N(=O)=O	PDBQT/dock_2933.pdbqt
FC(F)(C(F)(F)C(F)(F)C(F)(F)C(F)(F)C(F)(F)C(F)(F)C(F)(F)C(F)(F)F)C(F)(F)C(F)(F)C(=O)OI.[C]1=[C]c2c(oc3c(c2=O)[C]=[C][C]=[C]3)[C]=[C]1	PDBQT/dock_2934.pdbqt
[S@](OC(=O)C(F)(F)C(F)(F)C(F)(F)F)(C1=[C][C]=c2c(=[C]1)c(=O)c1=[C][C]=[C][C]=c1o2)(C1=[C][C]=[C][C]=[C]1)C1=[C][C]=[C][C]=[C]1	PDBQT/dock_2935.pdbqt
o1c2c(c(=O)c3=[C][C]=C([C]=c13)O[C][C][C][C][C]C(F)(F)F)[C]=[C]C(=[C]2)O[C][C][C][C][C]C(F)(F)F	PDBQT/dock_2936.pdbqt
[S@@](OS([O])([O])C1=[C]C(=[C]C(=[C]1)C(F)(F)F)C(F)(F)F)(C1=[C][C]=c2c(=[C]1)c(=O)c1=[C][C]=[C][C]=c1o2)(C1=[C][C]=[C][C]=[C]1)C1=[C][C]=[C][C]=[C]1	PDBQT/dock_2937.pdbqt
[S@](OS([O])([O])c1c(F)c(F)c(F)c(F)c1F)(C1=[C]c2c(oc3c(c2=O)[C]=[C][C]=[C]3)[C]=[C]1)(C1=[C][C]=[C][C]=[C]1)C1=[C][C]=[C][C]=[C]1	PDBQT/dock_2938.pdbqt
[S@@](OS([O])([O])C1=[C][C]=C([C]=[C]1)C(F)(F)F)(C1=[C][C]=c2c(=[C]1)c(=O)c1=[C][C]=[C][C]=c1o2)(C1=[C][C]=[C][C]=[C]1)C1=[C][C]=[C][C]=[C]1	PDBQT/dock_2939.pdbqt
[S@](OC(=O)C(F)(F)C(F)(F)C(F)(F)C(F)(F)C(F)(F)C(F)(F)C(F)(F)F)(C1=[C]c2c(oc3c(c2=O)[C]=[C][C]=[C]3)[C]=[C]1)(C1=[C][C]=[C][C]=[C]1)C1=[C][C]=[C][C]=[C]1	PDBQT/dock_2940.pdbqt
[S@@](OS([O])([O])C(F)(F)F)(C1=[C]c2c(oc3c(c2=O)[C]=[C][C]=[C]3)[C]=[C]1)(C1=[C][C]=[C][C]=[C]1)C1=[C][C]=[C][C]=[C]1	PDBQT/dock_2941.pdbqt
[S@@](OS([O])([O])C(F)(F)F)(C1=[C]c2c(oc3c(c2=O)[C]=[C][C]=[C]3)[C]=[C]1)(C1=[C][C]=C([C]=[C]1)[C])C1=[C][C]=C([C]=[C]1)[C]	PDBQT/dock_2942.pdbqt
[S@@](OS([O])([O])C1=[C][C]=C([C]=C1F)F)(C1=[C]c2c(oc3c(c2=O)[C]=[C][C]=[C]3)[C]=[C]1)(C1=[C][C]=[C][C]=[C]1)C1=[C][C]=[C][C]=[C]1	PDBQT/dock_2943.pdbqt
[S@](OS([O])([O])C(F)(F)C(F)(F)C(F)(F)C(F)(F)F)(C1=[C]c2c(oc3c(c2=O)[C]=[C][C]=[C]3)[C]=[C]1)(C1=[C][C]=[C][C]=[C]1)C1=[C][C]=[C][C]=[C]1	PDBQT/dock_2944.pdbqt
FC(F)(C(F)(F)C(F)(F)C(F)(F)C(F)(F)C(F)(F)C(F)(F)C(F)(F)C(F)(F)C(F)(F)C(F)(F)F)C(=O)O[S@](C1=[C]c2c(oc3c(c2=O)[C]=[C][C]=[C]3)[C]=[C]1)(C1=[C][C]=[C][C]=[C]1)C1=[C][C]=[C][C]=[C]1	PDBQT/dock_2945.pdbqt
[S@@](OS([O])([O])C(F)(F)F)(C1=c2oc3=[C][C]=[C][C]=c3c(=O)c2=[C][C]=[C]1)(C1=[C][C]=[C][C]=[C]1)C1=[C][C]=[C][C]=[C]1	PDBQT/dock_2946.pdbqt
o1c2=C([C]=[C][C]=c2c(=O)c2c1[C]=[C][C]=[C]2)[S@@](C1=[C][C]=[C][C]=[C]1)C1=[C][C]=[C][C]=[C]1	PDBQT/dock_2947.pdbqt
[S@](OS([O])([O])C(F)(F)C(F)(F)C(F)(F)C(F)(F)F)(C1=[C]c2c(oc3c(c2=O)[C]=[C][C]=[C]3)[C]=[C]1)(C1=[C][C]=C([C]=[C]1)[C])C1=[C][C]=C([C]=[C]1)[C]	PDBQT/dock_2948.pdbqt
[S@](OS([O])([O])C1=[C][C]=C([C]=[C]1)F)(C1=[C][C]=c2c(=[C]1)c(=O)c1=[C][C]=[C][C]=c1o2)(C1=[C][C]=[C][C]=[C]1)C1=[C][C]=[C][C]=[C]1	PDBQT/dock_2949.pdbqt
O([S@](C1=[C]c2c(oc3c(c2=O)[C]=[C][C]=[C]3)[C]=[C]1)(C1=[C][C]=[C][C]=[C]1)C1=[C][C]=[C][C]=[C]1)S([O])([O])C(F)(F)C(F)(F)C(F)(F)C(F)(F)C(F)(F)C(F)(F)C(F)(F)C(F)(F)F	PDBQT/dock_2950.pdbqt
O1[C@@]([C]=[C]C2=c3c(=[C]C(=C12)O)oc1=[C]C(=C(C(=c1c3=O)O)[C][C]=C([C])[C])O)([C])[C][C][C]=C([C])[C]	PDBQT/dock_2951.pdbqt
o1c2=[C]C(=C(C(=c2c(=O)c2c1C(=C([C]=[C]2)O)O[C])O)[C][C]=C([C])[C])O[C]	PDBQT/dock_2952.pdbqt
o1c2C(=C([C]=C(c2c(=O)c2c1[C]=[C]C(=[C]2)O[C])O)O)[C]1O[C]([C]([C]([C]1O)O)O)[C]O	PDBQT/dock_2953.pdbqt
O1[C]([C]([C]([C]([C]1[C]O)O)O)O[C]1O[C]([C]([C]([C]1O)O)O)[C])OC1=C([C]=c2c(=[C]1)oc1c(c2=O)C(=C(C(=[C]1)O[C])O[C])O[C])O[C]	PDBQT/dock_2954.pdbqt
O1[C]([C]([C]([C]([C]1[C]O)O)O)O[C]1O[C]([C]([C]([C]1O)O)O)[C])OC1=[C]c2oc3=[C][C]=C([C]=c3c(=O)c2C(=[C]1)O)O	PDBQT/dock_2955.pdbqt
o1c2c([C]=C3C(=C2O)O[C]=[C]3)c(=O)c2c1[C]=[C][C]=C2O	PDBQT/dock_2956.pdbqt
o1c2=[C]C(=C(C(=c2c(=O)c2=[C][C]=[C]C(=c12)O)O[C])O[C])O[C]	PDBQT/dock_2957.pdbqt
O1C([C][C]c2c(c3c(oc4=C([C]=C(C(=c4c3=O)O)C([C])([C])[C]=[C])O)c(c12)O)[C][C]C([C])([C])O)([C])[C]	PDBQT/dock_2958.pdbqt
O1[C](C(C2=C(c3c(oc4=C(C(=C([C]=c4c3=O)[C][C]=C([C])[C])O)O)[C]=C12)O)([C])[C])[C]	PDBQT/dock_2959.pdbqt
O1[C](C(C2=C(c3c(oc4=C(C(=C([C]=c4c3=O)[C][C]=C([C])[C])O)O)[C]=C12)O)([C])[C])[C]	PDBQT/dock_2960.pdbqt
o1c2c(C(=C([C]=C2O)C([C])([C])[C]=[C])O)c(=O)c2c(c(c(c(c12)O)O)[C][C]=C([C])[C])[C][C]=C([C])[C]	PDBQT/dock_2961.pdbqt
o1c2=C3C(=[C]C(=c2c(=O)c2C(=C([C]=[C]c12)O)[C][C](O)C([C])([C])O)O)OC([C]=[C]3)([C])[C]	PDBQT/dock_2962.pdbqt
ClC1=c2oc3=[C]C(=[C]C(=c3c(=O)c2=C(C(=[C]1)O)C(=O)O[C])O)[C]	PDBQT/dock_2963.pdbqt
O1C([C]=[C]C2=c3c(=[C]C(=C12)O)oc1=[C]C(=C(C(=c1c3=O)O)C([C])([C])[C]=[C])O)([C])[C]	PDBQT/dock_2964.pdbqt
o1c2=[C][C]=C([C]=c2c(=O)c2=[C]C(=[C][C]=c12)[C])C(F)(F)F	PDBQT/dock_2965.pdbqt
o1c2c(c(=O)c3c1[C]=[C]C(=[C]3)O[C])[C]=C([C]=[C]2)[C]	PDBQT/dock_2966.pdbqt
O1[C]([C]([C]([C]([C]1Oc1c2c(oc3=C([C]=C([C]=c3c2=O)O[C])O[C])c(c(c1O[C])O[C])O[C])O)O)O)[C]O[C]1O[C][C]([C]([C]1O)O)O	PDBQT/dock_2967.pdbqt
O1[C]([C]([C]([C]([C]1OC1=c2c(=[C]C(=[C]1)O)oc1=[C][C]=C(C(=c1c2=O)O)O)O)O[C]1O[C]([C]([C]([C]1O)O)O)[C]O)O)[C]O	PDBQT/dock_2968.pdbqt
o1c2c(C(=C(C(=[C]2)O)O[C])[C][C]C([C])([C])O[C])c(=O)c2c1[C]=C(C(=C2O)[C][C]=C([C])[C])O[C]	PDBQT/dock_2969.pdbqt
O1C([C][C]C2=C1c1c(oc3=[C]C(=C(C(=c3c1=O)[C][C]C([C])([C])O[C])O[C])O)[C]=C2O[C])([C])[C]	PDBQT/dock_2970.pdbqt
O1[C]([C]([C]([C]([C]1)O)O)O[C]1O[C]([C]([C]([C]1O)O)O)[C])OC1=C(c2c(oc3c(c2=O)C(=[C]C(=[C]3)O[C])O)[C]=[C]1)O	PDBQT/dock_2971.pdbqt
o1c2=[C]C(=C(C(=c2c(=O)c2=C([C]=C([C]=c12)O[C])O)O[C])O[C])O[C]	PDBQT/dock_2972.pdbqt
o1c2=[C]C(=C(C(=c2c(=O)c2=C([C]=C([C]=c12)O)O)O)O[C])O[C]	PDBQT/dock_2973.pdbqt
N([C])([C][C][C]OC1=[C][C]=c2c(=[C]1)oc1c(c2=O)[C]=[C][C]=[C]1)[C]C1=[C][C]=[C]C(=[C]1)OC(=O)N[C][C][C][C][C][C]	PDBQT/dock_2974.pdbqt
o1c2c(C(=C(C(=[C]2)O)[C]2C([C][C]([C]2)C(=[C])[C])([C])[C])O)c(=O)c2=[C][C]=C(C(=c12)O[C])O	PDBQT/dock_2975.pdbqt
Clc1c2oc3=[C]C(=[C]C(=c3c(=O)c2c(c(Cl)c1O)O)[C])O	PDBQT/dock_2976.pdbqt
[S@@](OS([O])([O])C(F)(F)C(F)(F)C(F)(F)C(F)(F)F)(C1=c2oc3c(c(=O)c2=[C][C]=[C]1)[C]=[C][C]=[C]3)(C1=[C][C]=[C][C]=[C]1)C1=[C][C]=[C][C]=[C]1	PDBQT/dock_2977.pdbqt
o1c2=[C]C(=[C][C]=c2c(=O)c2=[C][C]=C([C]=c12)S(=O)(=O)C(F)(F)F)S(=O)(=O)C(F)(F)F	PDBQT/dock_2978.pdbqt
o1c2[C]=C([C]=[C]c2c(=O)c2c1[C]=C([C]=[C]2)OS([O])([O])C(F)(F)F)N1[C][C][C][C][C]1	PDBQT/dock_2979.pdbqt
[P@@](=O)(O[C][C]1O[C]([C@](F)([C]1O)[C])N1C(=O)NC(=O)[C]=[C]1)(OC1=[C][C]=c2c(=[C]1)oc1c(c2=O)[C]=[C][C]=[C]1)N[C]([C])C(=O)O[C]([C])[C]	PDBQT/dock_2980.pdbqt
o1c2=[C]C(=C(C(=c2c(=O)c2c1[C]=[C]C(=C2O)[C][C][C]([C])[C])[C][C][C]([C])[C])O[C])N	PDBQT/dock_2981.pdbqt
o1c2=[C]C(=C(C(=c2c(=O)c2=C(C(=C([C]=c12)O)[C][C]=C([C])[C])O[C])[C][C]=C([C])[C])O[C])O	PDBQT/dock_2982.pdbqt
o1c2=[C]C(=C(C(=c2c(=O)c2=C(C(=C([C]=c12)OS([O])([O])C(F)(F)F)[C][C]=C([C])[C])O)[C][C]=C([C])[C])O[C])OS([O])([O])C(F)(F)F	PDBQT/dock_2983.pdbqt
o1c2c(c(=O)c3c1[C]=[C]C(=[C]3)O[C])C(=[C]C(=C2O[C])O[C])O	PDBQT/dock_2984.pdbqt
o1c2=[C]C(=[C]C(=c2c(=O)c2=C([C]=C([C]=c12)O[C])OC(=O)[C])[C])O[C]	PDBQT/dock_2985.pdbqt
o1c2c(c(=O)c3=C(C(=C([C]=c13)O[C])O[C])O)c(c(c(c2O)O[C])O[C])O[C]	PDBQT/dock_2986.pdbqt
o1c2c(c(=O)c3c1[C]=[C]C(=C3O[C])O)C(=C(C(=[C]2)O)O[C])O[C]	PDBQT/dock_2987.pdbqt
o1c2=[C]C(=[C]C(=c2c(=O)c2=C([C]=C(C(=c12)O)O[C])O)[C])O	PDBQT/dock_2988.pdbqt
o1c2=[C]C(=[C]C(=c2c(=O)c2=C([C]=C(C(=c12)O)O[C])O)[C])O	PDBQT/dock_2989.pdbqt
ClC1=c2oc3=[C]C(=[C]C(=c3c(=O)c2=C([C]=C1O[C])O)[C])O[C]	PDBQT/dock_2990.pdbqt
ClC1=c2oc3=[C]C(=[C]C(=c3c(=O)c2=C([C]=C1O)O)[C])O[C]	PDBQT/dock_2991.pdbqt
o1c2c(C(=C3O[C]OC3=[C]2)O)c(=O)c2c1[C]=[C][C]=[C]2	PDBQT/dock_2992.pdbqt
o1c2C(=C(C(=[C]c2c(=O)c2=C([C]=C([C]=c12)O)O)O[C])O)[C][C]=C([C])[C]	PDBQT/dock_2993.pdbqt
o1c2=[C]C(=C(C(=c2c(=O)c2=[C]C(=[C][C]=c12)O[C])O[C])O[C])O	PDBQT/dock_2994.pdbqt
o1c2c(c(=O)c3c1[C]=C([C]=C3O)O)C(=C(C(=[C]2)O[C])O[C])O[C]	PDBQT/dock_2995.pdbqt
o1c2c(c(=O)c3c1[C]=C([C]=C3O)O)C(=C([C]=C2O[C])O[C])O[C]	PDBQT/dock_2996.pdbqt
o1c2c(C(=C(C(=[C]2)O)O[C])[C]/[C]=C(\[C])/[C][C]/[C]=C(\[C])/[C]O)c(=O)c2c1[C]=C(C(=C2O)[C][C]=C([C])[C])O	PDBQT/dock_2997.pdbqt
o1c2=[C]C(=C(C(=c2c(=O)c2c1[C]=C([C]=C2O)O)[C][C]1C([C]2O[C@]1([C][C]2)[C])([C])[C])O[C])O	PDBQT/dock_2998.pdbqt
O1C([C][C]C2=C([C]=c3oc4c(c(=O)c3=C12)C(=C(C(=[C]4)O)O[C])[C]/[C]=C(\[C])/[C][C][C]=C([C])[C])O)([C])[C]	PDBQT/dock_2999.pdbqt
o1c2=[C]C(=C(C(=c2c(=O)c2=C([C]=C([C]=c12)O)O)[C]/[C]=C(\[C])/[C][C]C(=O)C(=[C])[C])O[C])O	PDBQT/dock_3000.pdbqt
